FSU,Sample Uploaded,Assigned to ENM,First ENM to SUP,Latest ENM to SUP,First Return ENM to SUP,Latest Return ENM to SUP,No of repeat submissions to SUP,First SUP to DS,Latest SUP to DS,First Return SUP to DS,Latest Return SUP to DS,No of repeat submissions to DS,First DS Acceptance,Latest DS Acceptance,Last Update,No of Warnings,No of SSUs,Max Visit Number,FV,RV,Zone,Ro,Sro,Area Type,Schedule 0.0 Status,FSU Final Status,One-Go Completion,Potential Data Quality Issue (ENM/SUP),Potential SUP Oversight (DS Rejected after SUP Approval)
1610793405,2026-03-28,2026-04-01,2026-04-02,2026-04-10,2026-04-09,2026-04-09,1,2026-04-05,2026-04-10,2026-04-09,2026-04-09,1,2026-04-12,2026-04-12,2026-04-12,3,12,4,0,1,North Zone,Chandigarh,CHD,Rural,Accepted By DS SCH_0_0,Accepted By DS /AT CPG (Process) ,0,0,0
1610794405,2026-03-28,2026-03-31,,,,,0,,,,,0,,,,,,4,0,1,North Zone,Chandigarh,AMB,Rural,,ASSIGN TO ENUMERATOR,0,0,0
1610795405,2026-03-28,2026-03-31,2026-04-10,2026-04-10,2026-04-10,2026-04-10,1,2026-04-10,2026-04-10,,,0,,,2026-04-10,2,12,4,0,1,North Zone,Chandigarh,AMB,Rural,Accepted by Supervisor,Submitted by Supervisor To Ds ,0,1,0
1610796405,2026-03-28,2026-03-31,2026-04-02,2026-04-03,2026-04-03,2026-04-03,1,2026-04-03,2026-04-03,,,0,2026-04-06,2026-04-06,2026-04-06,1,12,4,0,1,North Zone,Chandigarh,AMB,Rural,Accepted By DS SCH_0_0,Accepted By DS /AT CPG (Process) ,0,0,0
1610797405,2026-03-28,2026-03-31,,,,,0,,,,,0,,,,,,4,0,1,North Zone,Chandigarh,AMB,Rural,,ASSIGN TO ENUMERATOR,0,0,0
1610798405,2026-03-28,2026-04-02,,,,,0,,,,,0,,,,,,4,0,1,North Zone,Chandigarh,KNL,Rural,,ASSIGN TO ENUMERATOR,0,0,0
1610799405,2026-03-28,2026-04-02,,,,,0,,,,,0,,,,,,4,0,1,North Zone,Chandigarh,KNL,Rural,,ASSIGN TO ENUMERATOR,0,0,0
1610800405,2026-03-28,2026-04-02,,,,,0,,,,,0,,,,,,4,0,1,North Zone,Chandigarh,KNL,Rural,,ASSIGN TO ENUMERATOR,0,0,0
1610801405,2026-03-28,2026-04-02,,,,,0,,,,,0,,,,,,4,0,1,North Zone,Chandigarh,KNL,Rural,,ASSIGN TO ENUMERATOR,0,0,0
1610802405,2026-03-28,2026-04-02,,,,,0,,,,,0,,,,,,4,0,1,North Zone,Chandigarh,KNL,Rural,,ASSIGN TO ENUMERATOR,0,0,0
1610803405,2026-03-28,2026-04-02,,,,,0,,,,,0,,,,,,4,0,1,North Zone,Chandigarh,KNL,Rural,,ASSIGN TO ENUMERATOR,0,0,0
1610804405,2026-03-28,2026-04-02,,,,,0,,,,,0,,,,,,4,0,1,North Zone,Chandigarh,KNL,Rural,,ASSIGN TO ENUMERATOR,0,0,0
1610805405,2026-03-28,2026-04-01,,,,,0,,,,,0,,,,,,4,0,1,North Zone,Chandigarh,HSR,Rural,,ASSIGN TO ENUMERATOR,0,0,0
1610806405,2026-03-28,2026-04-01,,,,,0,,,,,0,,,,,,4,0,1,North Zone,Chandigarh,HSR,Rural,,ASSIGN TO ENUMERATOR,0,0,0
1610807405,2026-03-28,2026-04-01,,,,,0,,,,,0,,,,,,4,0,1,North Zone,Chandigarh,HSR,Rural,,ASSIGN TO ENUMERATOR,0,0,0
1610808405,2026-03-28,2026-04-01,,,,,0,,,,,0,,,,,,4,0,1,North Zone,Chandigarh,HSR,Rural,,ASSIGN TO ENUMERATOR,0,0,0
1610809405,2026-03-28,2026-04-01,2026-04-10,2026-04-10,,,0,2026-04-10,2026-04-10,,,0,,,2026-04-10,,12,4,0,1,North Zone,Chandigarh,HSR,Rural,Accepted by Supervisor,Submitted by Supervisor To Ds ,0,1,0
1610810405,2026-03-28,2026-03-31,,,,,0,,,,,0,,,,,,4,0,1,North Zone,Chandigarh,RTK,Rural,,ASSIGN TO ENUMERATOR,0,0,0
1610811405,2026-03-28,2026-03-31,2026-04-10,2026-04-10,,,0,2026-04-10,2026-04-10,,,0,2026-04-13,2026-04-13,2026-04-13,,12,4,0,1,North Zone,Chandigarh,RTK,Rural,Accepted By DS SCH_0_0,Accepted By DS /AT CPG (Process) ,1,0,0
1610812405,2026-03-28,2026-03-31,,,,,0,,,,,0,,,,,,4,0,1,North Zone,Chandigarh,RTK,Rural,,ASSIGN TO ENUMERATOR,0,0,0
1610813405,2026-03-28,2026-03-31,,,,,0,,,,,0,,,,,,4,0,1,North Zone,Chandigarh,FBD,Rural,,ASSIGN TO ENUMERATOR,0,0,0
1610814405,2026-03-28,2026-03-31,,,,,0,,,,,0,,,,,,4,0,1,North Zone,Chandigarh,FBD,Rural,,ASSIGN TO ENUMERATOR,0,0,0
1610815405,2026-03-28,2026-03-31,,,,,0,,,,,0,,,,,,4,0,1,North Zone,Chandigarh,FBD,Rural,,ASSIGN TO ENUMERATOR,0,0,0
1610816405,2026-03-28,2026-03-31,,,,,0,,,,,0,,,,,,4,0,1,North Zone,Chandigarh,FBD,Rural,,ASSIGN TO ENUMERATOR,0,0,0
1610817405,2026-03-28,2026-04-01,2026-04-12,2026-04-12,,,0,2026-04-13,2026-04-13,,,0,,,2026-04-13,,12,4,0,1,North Zone,Chandigarh,HSR,Rural,Accepted by Supervisor,Submitted by Supervisor To Ds ,0,1,0
1610818305,2026-03-28,2026-04-01,,,,,0,,,,,0,,,,,,3,0,1,North Zone,Chandigarh,CHD,Rural,,ASSIGN TO ENUMERATOR,0,0,0
1610819305,2026-03-28,2026-03-31,2026-04-07,2026-04-07,2026-04-07,2026-04-07,1,2026-04-07,2026-04-07,,,0,2026-04-08,2026-04-08,2026-04-08,1,12,3,0,1,North Zone,Chandigarh,AMB,Rural,Accepted By DS SCH_0_0,Accepted By DS /AT CPG (Process) ,0,0,0
1610820305,2026-03-28,2026-03-31,,,,,0,,,,,0,,,,,,3,0,1,North Zone,Chandigarh,AMB,Rural,,ASSIGN TO ENUMERATOR,0,0,0
1610821305,2026-03-28,2026-03-31,,,,,0,,,,,0,,,,,,3,0,1,North Zone,Chandigarh,AMB,Rural,,ASSIGN TO ENUMERATOR,0,0,0
1610822305,2026-03-28,2026-03-31,,,,,0,,,,,0,,,,,,3,0,1,North Zone,Chandigarh,AMB,Rural,,ASSIGN TO ENUMERATOR,0,0,0
1610823305,2026-03-28,2026-04-02,,,,,0,,,,,0,,,,,,3,0,1,North Zone,Chandigarh,KNL,Rural,,ASSIGN TO ENUMERATOR,0,0,0
1610824305,2026-03-28,2026-04-02,2026-04-10,2026-04-10,,,0,2026-04-10,2026-04-10,,,0,2026-04-10,2026-04-10,2026-04-10,,12,3,0,1,North Zone,Chandigarh,KNL,Rural,Accepted By DS SCH_0_0,Accepted By DS /AT CPG (Process) ,1,0,0
1610825305,2026-03-28,2026-04-02,,,,,0,,,,,0,,,,,,3,0,1,North Zone,Chandigarh,KNL,Rural,,ASSIGN TO ENUMERATOR,0,0,0
1610826305,2026-03-28,2026-04-02,,,,,0,,,,,0,,,,,,3,0,1,North Zone,Chandigarh,KNL,Rural,,ASSIGN TO ENUMERATOR,0,0,0
1610827305,2026-03-28,2026-04-02,,,,,0,,,,,0,,,,,,3,0,1,North Zone,Chandigarh,KNL,Rural,,ASSIGN TO ENUMERATOR,0,0,0
1610828305,2026-03-28,2026-03-31,2026-04-02,2026-04-02,,,0,2026-04-02,2026-04-02,,,0,2026-04-09,2026-04-09,2026-04-09,,12,3,0,1,North Zone,Chandigarh,KNL,Rural,Accepted By DS SCH_0_0,Accepted By DS /AT CPG (Process) ,1,0,0
1610829305,2026-03-28,2026-04-02,,,,,0,,,,,0,,,,,,3,0,1,North Zone,Chandigarh,KNL,Rural,,ASSIGN TO ENUMERATOR,0,0,0
1610830305,2026-03-28,2026-04-01,,,,,0,,,,,0,,,,,,3,0,1,North Zone,Chandigarh,HSR,Rural,,ASSIGN TO ENUMERATOR,0,0,0
1610831305,2026-03-28,2026-04-01,,,,,0,,,,,0,,,,,,3,0,1,North Zone,Chandigarh,HSR,Rural,,ASSIGN TO ENUMERATOR,0,0,0
1610832305,2026-03-28,2026-04-01,2026-04-10,2026-04-10,,,0,2026-04-13,2026-04-13,2026-04-13,2026-04-13,1,,,2026-04-13,3,12,3,0,1,North Zone,Chandigarh,HSR,Rural,Return by DS,RETURN TO SUPERVISOR BY DS,0,0,1
1610833305,2026-03-28,2026-04-01,2026-04-08,2026-04-08,,,0,2026-04-10,2026-04-10,2026-04-13,2026-04-13,1,,,2026-04-13,1,12,3,0,1,North Zone,Chandigarh,HSR,Rural,Accepted by Supervisor,RETURN TO SUPERVISOR BY DS,0,0,1
1610834305,2026-03-28,2026-04-01,2026-04-13,2026-04-13,,,0,,,,,0,,,2026-04-13,,12,3,0,1,North Zone,Chandigarh,HSR,Rural,Submitted by Enumerator,SUBMITTED BY ENUMERATOR,0,0,0
1610835305,2026-03-28,2026-03-31,,,,,0,,,,,0,,,,,,3,0,1,North Zone,Chandigarh,RTK,Rural,,ASSIGN TO ENUMERATOR,0,0,0
1610836305,2026-03-28,2026-04-02,2026-04-10,2026-04-10,,,0,2026-04-10,2026-04-10,,,0,,,2026-04-10,,12,3,0,1,North Zone,Chandigarh,RTK,Rural,Accepted by Supervisor,Submitted by Supervisor To Ds ,0,1,0
1610837305,2026-03-28,2026-03-31,,,,,0,,,,,0,,,,,,3,0,1,North Zone,Chandigarh,RTK,Rural,,ASSIGN TO ENUMERATOR,0,0,0
1610838305,2026-03-28,2026-03-31,,,,,0,,,,,0,,,,,,3,0,1,North Zone,Chandigarh,FBD,Rural,,ASSIGN TO ENUMERATOR,0,0,0
1610839305,2026-03-28,2026-03-31,,,,,0,,,,,0,,,,,,3,0,1,North Zone,Chandigarh,FBD,Rural,,ASSIGN TO ENUMERATOR,0,0,0
1610840305,2026-03-28,2026-03-31,2026-04-12,2026-04-12,,,0,2026-04-13,2026-04-13,2026-04-13,2026-04-13,1,,,2026-04-13,2,12,3,0,1,North Zone,Chandigarh,FBD,Rural,Accepted by Supervisor,RETURN TO SUPERVISOR BY DS,0,0,1
1610841305,2026-03-28,2026-03-31,,,,,0,,,,,0,,,,,,3,0,1,North Zone,Chandigarh,FBD,Rural,,ASSIGN TO ENUMERATOR,0,0,0
1610842305,2026-03-28,2026-04-01,,,,,0,,,,,0,,,,,,3,0,1,North Zone,Chandigarh,HSR,Rural,,ASSIGN TO ENUMERATOR,0,0,0
1610843205,2026-03-28,2026-03-31,2026-04-02,2026-04-02,,,0,2026-04-05,2026-04-05,,,0,2026-04-08,2026-04-08,2026-04-08,,,2,0,1,North Zone,Chandigarh,CHD,Rural,Accepted By DS SCH_0_0,Accepted By DS /AT CPG (Process) ,1,0,0
1610844205,2026-03-28,2026-03-31,,,,,0,,,,,0,,,,,,2,0,1,North Zone,Chandigarh,AMB,Rural,,ASSIGN TO ENUMERATOR,0,0,0
1610845205,2026-03-28,2026-03-31,,,,,0,,,,,0,,,,,,2,0,1,North Zone,Chandigarh,AMB,Rural,,ASSIGN TO ENUMERATOR,0,0,0
1610846205,2026-03-28,2026-03-31,,,,,0,,,,,0,,,,,,2,0,1,North Zone,Chandigarh,AMB,Rural,,ASSIGN TO ENUMERATOR,0,0,0
1610847205,2026-03-28,2026-03-31,2026-04-07,2026-04-07,2026-04-07,2026-04-07,1,2026-04-07,2026-04-07,,,0,2026-04-08,2026-04-08,2026-04-08,1,12,2,0,1,North Zone,Chandigarh,AMB,Rural,Accepted By DS SCH_0_0,Accepted By DS /AT CPG (Process) ,0,0,0
1610848205,2026-03-28,2026-04-02,2026-04-11,2026-04-12,2026-04-12,2026-04-12,1,2026-04-12,2026-04-12,,,0,2026-04-13,2026-04-13,2026-04-13,1,12,2,0,1,North Zone,Chandigarh,KNL,Rural,Accepted By DS SCH_0_0,Accepted By DS /AT CPG (Process) ,0,0,0
1610849205,2026-03-28,2026-04-02,,,,,0,,,,,0,,,,,,2,0,1,North Zone,Chandigarh,KNL,Rural,,ASSIGN TO ENUMERATOR,0,0,0
1610850205,2026-03-28,2026-04-02,,,,,0,,,,,0,,,,,,2,0,1,North Zone,Chandigarh,KNL,Rural,,ASSIGN TO ENUMERATOR,0,0,0
1610851205,2026-03-28,2026-04-02,,,,,0,,,,,0,,,,,,2,0,1,North Zone,Chandigarh,KNL,Rural,,ASSIGN TO ENUMERATOR,0,0,0
1610852205,2026-03-28,2026-04-02,,,,,0,,,,,0,,,,,,2,0,1,North Zone,Chandigarh,KNL,Rural,,ASSIGN TO ENUMERATOR,0,0,0
1610853205,2026-03-28,2026-04-02,,,,,0,,,,,0,,,,,,2,0,1,North Zone,Chandigarh,KNL,Rural,,ASSIGN TO ENUMERATOR,0,0,0
1610854205,2026-03-28,2026-04-02,,,,,0,,,,,0,,,,,,2,0,1,North Zone,Chandigarh,KNL,Rural,,ASSIGN TO ENUMERATOR,0,0,0
1610855205,2026-03-28,2026-04-01,,,,,0,,,,,0,,,,,,2,0,1,North Zone,Chandigarh,HSR,Rural,,ASSIGN TO ENUMERATOR,0,0,0
1610856205,2026-03-28,2026-04-01,2026-04-10,2026-04-10,,,0,2026-04-13,2026-04-13,,,0,,,2026-04-13,,12,2,0,1,North Zone,Chandigarh,HSR,Rural,Accepted by Supervisor,Submitted by Supervisor To Ds ,0,1,0
1610857205,2026-03-28,2026-04-01,,,,,0,,,,,0,,,,,,2,0,1,North Zone,Chandigarh,HSR,Rural,,ASSIGN TO ENUMERATOR,0,0,0
1610858205,2026-03-28,2026-04-01,2026-04-11,2026-04-11,,,0,2026-04-13,2026-04-13,,,0,,,2026-04-13,,12,2,0,1,North Zone,Chandigarh,HSR,Rural,Accepted by Supervisor,Submitted by Supervisor To Ds ,0,1,0
1610859205,2026-03-28,2026-04-01,,,,,0,,,,,0,,,,,,2,0,1,North Zone,Chandigarh,HSR,Rural,,ASSIGN TO ENUMERATOR,0,0,0
1610860205,2026-03-28,2026-03-31,2026-04-02,2026-04-11,2026-04-10,2026-04-10,1,2026-04-02,2026-04-12,2026-04-09,2026-04-09,1,2026-04-13,2026-04-13,2026-04-13,2,12,2,0,1,North Zone,Chandigarh,RTK,Rural,Accepted By DS SCH_0_0,Accepted By DS /AT CPG (Process) ,0,0,0
1610861205,2026-03-28,2026-04-02,,,,,0,,,,,0,,,,,,2,0,1,North Zone,Chandigarh,RTK,Rural,,ASSIGN TO ENUMERATOR,0,0,0
1610862205,2026-03-28,2026-03-31,,,,,0,,,,,0,,,,,,2,0,1,North Zone,Chandigarh,RTK,Rural,,ASSIGN TO ENUMERATOR,0,0,0
1610863205,2026-03-28,2026-03-31,,,,,0,,,,,0,,,,,,2,0,1,North Zone,Chandigarh,FBD,Rural,,ASSIGN TO ENUMERATOR,0,0,0
1610864205,2026-03-28,2026-03-31,,,,,0,,,,,0,,,,,,2,0,1,North Zone,Chandigarh,FBD,Rural,,ASSIGN TO ENUMERATOR,0,0,0
1610865205,2026-03-28,2026-03-31,2026-04-13,2026-04-13,,,0,,,,,0,,,2026-04-13,,,2,0,1,North Zone,Chandigarh,FBD,Rural,Submitted by Enumerator,SUBMITTED BY ENUMERATOR,0,0,0
1610866205,2026-03-28,2026-03-31,,,,,0,,,,,0,,,,,,2,0,1,North Zone,Chandigarh,FBD,Rural,,ASSIGN TO ENUMERATOR,0,0,0
1610867205,2026-03-28,2026-03-31,2026-04-09,2026-04-09,,,0,2026-04-10,2026-04-10,,,0,2026-04-13,2026-04-13,2026-04-13,,12,2,0,1,North Zone,Chandigarh,RTK,Rural,Accepted By DS SCH_0_0,Accepted By DS /AT CPG (Process) ,1,0,0
1610868105,2026-03-28,2026-04-01,,,,,0,,,,,0,,,,,,1,1,0,North Zone,Chandigarh,CHD,Rural,,ASSIGN TO ENUMERATOR,0,0,0
1610869105,2026-03-28,2026-03-31,,,,,0,,,,,0,,,,,,1,1,0,North Zone,Chandigarh,AMB,Rural,,ASSIGN TO ENUMERATOR,0,0,0
1610870105,2026-03-28,2026-03-31,2026-04-08,2026-04-09,2026-04-08,2026-04-09,1,2026-04-09,2026-04-09,,,0,,,2026-04-09,10,12,1,1,0,North Zone,Chandigarh,AMB,Rural,Accepted by Supervisor,Submitted by Supervisor To Ds ,0,1,0
1610871105,2026-03-28,2026-03-31,,,,,0,,,,,0,,,,,,1,1,0,North Zone,Chandigarh,AMB,Rural,,ASSIGN TO ENUMERATOR,0,0,0
1610872105,2026-03-28,2026-03-31,,,,,0,,,,,0,,,,,,1,1,0,North Zone,Chandigarh,AMB,Rural,,ASSIGN TO ENUMERATOR,0,0,0
1610873105,2026-03-28,2026-04-02,,,,,0,,,,,0,,,,,,1,1,0,North Zone,Chandigarh,KNL,Rural,,ASSIGN TO ENUMERATOR,0,0,0
1610874105,2026-03-28,2026-04-02,2026-04-12,2026-04-13,2026-04-12,2026-04-12,1,,,,,0,,,2026-04-13,1,12,1,1,0,North Zone,Chandigarh,KNL,Rural,Submitted by Enumerator,SUBMITTED BY ENUMERATOR,0,0,0
1610875105,2026-03-28,2026-03-31,2026-04-10,2026-04-10,2026-04-10,2026-04-10,1,2026-04-11,2026-04-11,,,0,2026-04-13,2026-04-13,2026-04-13,8,12,1,1,0,North Zone,Chandigarh,KNL,Rural,Accepted By DS SCH_0_0,Accepted By DS /AT CPG (Process) ,0,0,0
1610876105,2026-03-28,2026-03-31,,,,,0,,,,,0,,,,,,1,1,0,North Zone,Chandigarh,KNL,Rural,,ASSIGN TO ENUMERATOR,0,0,0
1610877105,2026-03-28,2026-04-02,,,,,0,,,,,0,,,,,,1,1,0,North Zone,Chandigarh,KNL,Rural,,ASSIGN TO ENUMERATOR,0,0,0
1610878105,2026-03-28,2026-04-02,,,,,0,,,,,0,,,,,,1,1,0,North Zone,Chandigarh,KNL,Rural,,ASSIGN TO ENUMERATOR,0,0,0
1610879105,2026-03-28,2026-04-02,,,,,0,,,,,0,,,,,,1,1,0,North Zone,Chandigarh,KNL,Rural,,ASSIGN TO ENUMERATOR,0,0,0
1610880105,2026-03-28,2026-04-01,2026-04-13,2026-04-13,,,0,,,,,0,,,2026-04-13,3,12,1,1,0,North Zone,Chandigarh,HSR,Rural,Submitted by Enumerator,SUBMITTED BY ENUMERATOR,0,0,0
1610881105,2026-03-28,2026-04-01,,,,,0,,,,,0,,,,,,1,1,0,North Zone,Chandigarh,HSR,Rural,,ASSIGN TO ENUMERATOR,0,0,0
1610882105,2026-03-28,2026-04-01,,,,,0,,,,,0,,,,,,1,1,0,North Zone,Chandigarh,HSR,Rural,,ASSIGN TO ENUMERATOR,0,0,0
1610883105,2026-03-28,2026-04-01,,,,,0,,,,,0,,,,,,1,1,0,North Zone,Chandigarh,HSR,Rural,,ASSIGN TO ENUMERATOR,0,0,0
1610884105,2026-03-28,2026-04-01,2026-04-09,2026-04-09,,,0,,,,,0,,,2026-04-09,,12,1,1,0,North Zone,Chandigarh,HSR,Rural,Submitted by Enumerator,SUBMITTED BY ENUMERATOR,0,0,0
1610885105,2026-03-28,2026-03-31,,,,,0,,,,,0,,,,,,1,1,0,North Zone,Chandigarh,RTK,Rural,,ASSIGN TO ENUMERATOR,0,0,0
1610886105,2026-03-28,2026-03-31,,,,,0,,,,,0,,,,,,1,1,0,North Zone,Chandigarh,RTK,Rural,,ASSIGN TO ENUMERATOR,0,0,0
1610887105,2026-03-28,2026-03-31,,,,,0,,,,,0,,,,,,1,1,0,North Zone,Chandigarh,RTK,Rural,,ASSIGN TO ENUMERATOR,0,0,0
1610888105,2026-03-28,2026-03-31,,,,,0,,,,,0,,,,,,1,1,0,North Zone,Chandigarh,FBD,Rural,,ASSIGN TO ENUMERATOR,0,0,0
1610889105,2026-03-28,2026-03-31,,,,,0,,,,,0,,,,,,1,1,0,North Zone,Chandigarh,FBD,Rural,,ASSIGN TO ENUMERATOR,0,0,0
1610890105,2026-03-28,2026-03-31,2026-04-09,2026-04-11,2026-04-10,2026-04-10,1,2026-04-10,2026-04-11,2026-04-10,2026-04-10,1,2026-04-13,2026-04-13,2026-04-13,2,12,1,1,0,North Zone,Chandigarh,FBD,Rural,Accepted By DS SCH_0_0,Accepted By DS /AT CPG (Process) ,0,0,0
1610891105,2026-03-28,2026-03-31,,,,,0,,,,,0,,,,,,1,1,0,North Zone,Chandigarh,FBD,Rural,,ASSIGN TO ENUMERATOR,0,0,0
1610892105,2026-03-28,2026-04-01,,,,,0,,,,,0,,,,,,1,1,0,North Zone,Chandigarh,HSR,Rural,,ASSIGN TO ENUMERATOR,0,0,0
1611093405,2026-03-28,2026-04-02,,,,,0,,,,,0,,,,,,4,0,1,North Zone,Delhi,DEL,Rural,,ASSIGN TO ENUMERATOR,0,0,0
1611094405,2026-03-28,2026-04-02,,,,,0,,,,,0,,,,,,4,0,1,North Zone,Delhi,DEL,Rural,,ASSIGN TO ENUMERATOR,0,0,0
1611095305,2026-03-28,2026-04-02,,,,,0,,,,,0,,,,,,3,0,1,North Zone,Delhi,DEL,Rural,,ASSIGN TO ENUMERATOR,0,0,0
1611096305,2026-03-28,2026-04-03,,,,,0,,,,,0,,,,,,3,0,1,North Zone,Delhi,DEL,Rural,,ASSIGN TO ENUMERATOR,0,0,0
1611097205,2026-03-28,2026-04-02,,,,,0,,,,,0,,,,,,2,0,1,North Zone,Delhi,DEL,Rural,,ASSIGN TO ENUMERATOR,0,0,0
1611098205,2026-03-28,2026-04-02,,,,,0,,,,,0,,,,,,2,0,1,North Zone,Delhi,DEL,Rural,,ASSIGN TO ENUMERATOR,0,0,0
1611099105,2026-03-28,2026-04-02,,,,,0,,,,,0,,,,,,1,1,0,North Zone,Delhi,DEL,Rural,,ASSIGN TO ENUMERATOR,0,0,0
1611100105,2026-03-28,2026-04-02,,,,,0,,,,,0,,,,,,1,1,0,North Zone,Delhi,DEL,Rural,,ASSIGN TO ENUMERATOR,0,0,0
1611139405,2026-03-28,2026-04-01,2026-04-10,2026-04-10,,,0,,,,,0,,,2026-04-10,,12,4,0,1,North Zone,Ajmer,AJM,Rural,Submitted by Enumerator,SUBMITTED BY ENUMERATOR,0,0,0
1611140405,2026-03-28,2026-04-01,2026-04-09,2026-04-09,,,0,2026-04-09,2026-04-09,,,0,2026-04-10,2026-04-10,2026-04-10,,12,4,0,1,North Zone,Ajmer,AJM,Rural,Accepted By DS SCH_0_0,Accepted By DS /AT CPG (Process) ,1,0,0
1611141405,2026-03-28,2026-04-01,2026-04-02,2026-04-02,,,0,2026-04-03,2026-04-03,,,0,2026-04-06,2026-04-06,2026-04-06,1,12,4,0,1,North Zone,Ajmer,JDP,Rural,Accepted By DS SCH_0_0,Accepted By DS /AT CPG (Process) ,1,0,0
1611142405,2026-03-28,2026-04-01,,,,,0,,,,,0,,,,,,4,0,1,North Zone,Ajmer,JDP,Rural,,ASSIGN TO ENUMERATOR,0,0,0
1611143405,2026-03-28,2026-04-01,,,,,0,,,,,0,,,,,,4,0,1,North Zone,Ajmer,UDP,Rural,,ASSIGN TO ENUMERATOR,0,0,0
1611144405,2026-03-28,2026-04-01,2026-04-12,2026-04-12,,,0,,,,,0,,,2026-04-12,,12,4,0,1,North Zone,Ajmer,JDP,Rural,Submitted by Enumerator,SUBMITTED BY ENUMERATOR,0,0,0
1611145405,2026-03-28,2026-04-01,,,,,0,,,,,0,,,,,,4,0,1,North Zone,Ajmer,JDP,Rural,,ASSIGN TO ENUMERATOR,0,0,0
1611146405,2026-03-28,2026-04-01,2026-04-01,2026-04-02,2026-04-02,2026-04-02,1,2026-04-02,2026-04-02,,,0,2026-04-10,2026-04-10,2026-04-10,3,12,4,0,1,North Zone,Ajmer,AJM,Rural,Accepted By DS SCH_0_0,Accepted By DS /AT CPG (Process) ,0,0,0
1611151405,2026-03-28,2026-04-01,,,,,0,,,,,0,,,,,,4,0,1,North Zone,Ajmer,AJM,Rural,,ASSIGN TO ENUMERATOR,0,0,0
1611152405,2026-03-28,2026-04-01,,,,,0,,,,,0,,,,,,4,0,1,North Zone,Ajmer,AJM,Rural,,ASSIGN TO ENUMERATOR,0,0,0
1611153405,2026-03-28,2026-04-01,2026-04-07,2026-04-07,,,0,2026-04-08,2026-04-08,,,0,2026-04-11,2026-04-11,2026-04-11,1,12,4,0,1,North Zone,Ajmer,UDP,Rural,Accepted By DS SCH_0_0,Accepted By DS /AT CPG (Process) ,1,0,0
1611154405,2026-03-28,2026-04-01,,,,,0,,,,,0,,,,,,4,0,1,North Zone,Ajmer,UDP,Rural,,ASSIGN TO ENUMERATOR,0,0,0
1611155405,2026-03-28,2026-04-01,2026-04-06,2026-04-06,2026-04-06,2026-04-06,1,2026-04-06,2026-04-06,,,0,2026-04-08,2026-04-08,2026-04-08,4,12,4,0,1,North Zone,Ajmer,UDP,Rural,Accepted By DS SCH_0_0,Accepted By DS /AT CPG (Process) ,0,0,0
1611156405,2026-03-28,2026-04-01,,,,,0,,,,,0,,,,,,4,0,1,North Zone,Ajmer,UDP,Rural,,ASSIGN TO ENUMERATOR,0,0,0
1611157405,2026-03-28,2026-04-01,,,,,0,,,,,0,,,,,,4,0,1,North Zone,Ajmer,UDP,Rural,,ASSIGN TO ENUMERATOR,0,0,0
1611158405,2026-03-28,2026-04-01,,,,,0,,,,,0,,,,,,4,0,1,North Zone,Ajmer,UDP,Rural,,ASSIGN TO ENUMERATOR,0,0,0
1611164405,2026-03-28,2026-04-01,2026-04-08,2026-04-08,,,0,2026-04-10,2026-04-10,,,0,2026-04-11,2026-04-11,2026-04-11,8,12,4,0,1,North Zone,Ajmer,UDP,Rural,Accepted By DS SCH_0_0,Accepted By DS /AT CPG (Process) ,1,0,0
1611165405,2026-03-28,2026-04-01,,,,,0,,,,,0,,,,,,4,0,1,North Zone,Ajmer,UDP,Rural,,ASSIGN TO ENUMERATOR,0,0,0
1611166405,2026-03-28,2026-04-01,,,,,0,,,,,0,,,,,,4,0,1,North Zone,Ajmer,UDP,Rural,,ASSIGN TO ENUMERATOR,0,0,0
1611178405,2026-03-28,2026-04-01,,,,,0,,,,,0,,,,,,4,0,1,North Zone,Ajmer,AJM,Rural,,ASSIGN TO ENUMERATOR,0,0,0
1611179405,2026-03-28,2026-04-01,,,,,0,,,,,0,,,,,,4,0,1,North Zone,Ajmer,AJM,Rural,,ASSIGN TO ENUMERATOR,0,0,0
1611180405,2026-03-28,2026-04-01,2026-04-08,2026-04-10,2026-04-10,2026-04-10,1,2026-04-08,2026-04-11,2026-04-09,2026-04-09,1,2026-04-13,2026-04-13,2026-04-13,3,12,4,0,1,North Zone,Ajmer,JDP,Rural,Accepted By DS SCH_0_0,Accepted By DS /AT CPG (Process) ,0,0,0
1611181405,2026-03-28,2026-04-01,,,,,0,,,,,0,,,,,,4,0,1,North Zone,Ajmer,JDP,Rural,,ASSIGN TO ENUMERATOR,0,0,0
1611182405,2026-03-28,2026-04-07,,,,,0,,,,,0,,,,,,4,0,1,North Zone,Ajmer,JDP,Rural,,ASSIGN TO ENUMERATOR,0,0,0
1611183405,2026-03-28,2026-04-01,,,,,0,,,,,0,,,,,,4,0,1,North Zone,Ajmer,AJM,Rural,,ASSIGN TO ENUMERATOR,0,0,0
1611184405,2026-03-28,2026-04-01,2026-04-10,2026-04-13,2026-04-11,2026-04-13,1,,,,,0,,,2026-04-13,1,12,4,0,1,North Zone,Ajmer,JDP,Rural,Submitted by Enumerator,SUBMITTED BY ENUMERATOR,0,0,0
1611186405,2026-03-28,2026-04-01,2026-04-07,2026-04-09,,,0,2026-04-09,2026-04-09,,,0,2026-04-10,2026-04-10,2026-04-10,,12,4,0,1,North Zone,Ajmer,AJM,Rural,Accepted By DS SCH_0_0,Accepted By DS /AT CPG (Process) ,0,0,0
1611187405,2026-03-28,2026-04-01,2026-04-12,2026-04-12,,,0,2026-04-13,2026-04-13,,,0,,,2026-04-13,,12,4,0,1,North Zone,Ajmer,UDP,Rural,Accepted by Supervisor,Submitted by Supervisor To Ds ,0,1,0
1611188405,2026-03-28,2026-04-01,,,,,0,,,,,0,,,,,,4,0,1,North Zone,Ajmer,UDP,Rural,,ASSIGN TO ENUMERATOR,0,0,0
1611211305,2026-03-28,2026-04-01,2026-04-12,2026-04-12,,,0,,,,,0,,,2026-04-12,2,12,3,0,1,North Zone,Ajmer,AJM,Rural,Submitted by Enumerator,SUBMITTED BY ENUMERATOR,0,0,0
1611212305,2026-03-28,2026-04-01,2026-04-07,2026-04-07,,,0,2026-04-07,2026-04-07,,,0,2026-04-08,2026-04-08,2026-04-08,,12,3,0,1,North Zone,Ajmer,AJM,Rural,Accepted By DS SCH_0_0,Accepted By DS /AT CPG (Process) ,1,0,0
1611213305,2026-03-28,2026-04-01,2026-04-03,2026-04-03,,,0,2026-04-04,2026-04-04,,,0,2026-04-06,2026-04-06,2026-04-06,2,12,3,0,1,North Zone,Ajmer,JDP,Rural,Accepted By DS SCH_0_0,Accepted By DS /AT CPG (Process) ,1,0,0
1611214305,2026-03-28,2026-04-01,,,,,0,,,,,0,,,,,,3,0,1,North Zone,Ajmer,JDP,Rural,,ASSIGN TO ENUMERATOR,0,0,0
1611215305,2026-03-28,2026-04-01,,,,,0,,,,,0,,,,,,3,0,1,North Zone,Ajmer,UDP,Rural,,ASSIGN TO ENUMERATOR,0,0,0
1611216305,2026-03-28,2026-04-01,2026-04-07,2026-04-07,,,0,2026-04-08,2026-04-08,,,0,2026-04-09,2026-04-09,2026-04-09,,12,3,0,1,North Zone,Ajmer,JDP,Rural,Accepted By DS SCH_0_0,Accepted By DS /AT CPG (Process) ,1,0,0
1611217305,2026-03-28,2026-04-01,,,,,0,,,,,0,,,,,,3,0,1,North Zone,Ajmer,JDP,Rural,,ASSIGN TO ENUMERATOR,0,0,0
1611218305,2026-03-28,2026-04-01,,,,,0,,,,,0,,,,,,3,0,1,North Zone,Ajmer,AJM,Rural,,ASSIGN TO ENUMERATOR,0,0,0
1611223305,2026-03-28,2026-04-01,,,,,0,,,,,0,,,,,,3,0,1,North Zone,Ajmer,AJM,Rural,,ASSIGN TO ENUMERATOR,0,0,0
1611224305,2026-03-28,2026-04-01,,,,,0,,,,,0,,,,,,3,0,1,North Zone,Ajmer,AJM,Rural,,ASSIGN TO ENUMERATOR,0,0,0
1611225305,2026-03-28,2026-04-01,2026-04-06,2026-04-06,,,0,2026-04-07,2026-04-07,,,0,,,2026-04-07,,12,3,0,1,North Zone,Ajmer,UDP,Rural,Accepted by Supervisor,Submitted by Supervisor To Ds ,0,1,0
1611226305,2026-03-28,2026-04-01,,,,,0,,,,,0,,,,,,3,0,1,North Zone,Ajmer,UDP,Rural,,ASSIGN TO ENUMERATOR,0,0,0
1611227305,2026-03-28,2026-04-01,,,,,0,,,,,0,,,,,,3,0,1,North Zone,Ajmer,UDP,Rural,,ASSIGN TO ENUMERATOR,0,0,0
1611228305,2026-03-28,2026-04-01,,,,,0,,,,,0,,,,,,3,0,1,North Zone,Ajmer,UDP,Rural,,ASSIGN TO ENUMERATOR,0,0,0
1611229305,2026-03-28,2026-04-01,,,,,0,,,,,0,,,,,,3,0,1,North Zone,Ajmer,UDP,Rural,,ASSIGN TO ENUMERATOR,0,0,0
1611230305,2026-03-28,2026-04-01,2026-04-07,2026-04-08,2026-04-08,2026-04-08,1,2026-04-09,2026-04-09,,,0,2026-04-10,2026-04-10,2026-04-10,1,12,3,0,1,North Zone,Ajmer,UDP,Rural,Accepted By DS SCH_0_0,Accepted By DS /AT CPG (Process) ,0,0,0
1611236305,2026-03-28,2026-04-01,,,,,0,,,,,0,,,,,,3,0,1,North Zone,Ajmer,UDP,Rural,,ASSIGN TO ENUMERATOR,0,0,0
1611237305,2026-03-28,2026-04-01,,,,,0,,,,,0,,,,,,3,0,1,North Zone,Ajmer,UDP,Rural,,ASSIGN TO ENUMERATOR,0,0,0
1611238305,2026-03-28,2026-04-01,,,,,0,,,,,0,,,,,,3,0,1,North Zone,Ajmer,UDP,Rural,,ASSIGN TO ENUMERATOR,0,0,0
1611250305,2026-03-28,2026-04-01,2026-04-10,2026-04-10,,,0,2026-04-10,2026-04-10,,,0,,,2026-04-10,,12,3,0,1,North Zone,Ajmer,AJM,Rural,Accepted by Supervisor,Submitted by Supervisor To Ds ,0,1,0
1611251305,2026-03-28,2026-04-01,2026-04-10,2026-04-10,,,0,2026-04-10,2026-04-10,,,0,,,2026-04-10,,12,3,0,1,North Zone,Ajmer,AJM,Rural,Accepted by Supervisor,Submitted by Supervisor To Ds ,0,1,0
1611252305,2026-03-28,2026-04-01,,,,,0,,,,,0,,,,,,3,0,1,North Zone,Ajmer,JDP,Rural,,ASSIGN TO ENUMERATOR,0,0,0
1611253305,2026-03-28,2026-04-01,,,,,0,,,,,0,,,,,,3,0,1,North Zone,Ajmer,JDP,Rural,,ASSIGN TO ENUMERATOR,0,0,0
1611254305,2026-03-28,2026-04-01,,,,,0,,,,,0,,,,,,3,0,1,North Zone,Ajmer,JDP,Rural,,ASSIGN TO ENUMERATOR,0,0,0
1611255305,2026-03-28,2026-04-01,,,,,0,,,,,0,,,,,,3,0,1,North Zone,Ajmer,AJM,Rural,,ASSIGN TO ENUMERATOR,0,0,0
1611256305,2026-03-28,2026-04-01,2026-04-10,2026-04-10,,,0,2026-04-11,2026-04-11,2026-04-13,2026-04-13,1,,,2026-04-13,6,12,3,0,1,North Zone,Ajmer,JDP,Rural,Accepted by Supervisor,RETURN TO SUPERVISOR BY DS,0,0,1
1611259305,2026-03-28,2026-04-01,,,,,0,,,,,0,,,,,,3,0,1,North Zone,Ajmer,UDP,Rural,,ASSIGN TO ENUMERATOR,0,0,0
1611260305,2026-03-28,2026-04-01,,,,,0,,,,,0,,,,,,3,0,1,North Zone,Ajmer,UDP,Rural,,ASSIGN TO ENUMERATOR,0,0,0
1611283205,2026-03-28,2026-04-01,2026-04-06,2026-04-07,2026-04-06,2026-04-07,1,2026-04-07,2026-04-07,,,0,2026-04-08,2026-04-08,2026-04-08,2,12,2,0,1,North Zone,Ajmer,AJM,Rural,Accepted By DS SCH_0_0,Accepted By DS /AT CPG (Process) ,0,0,0
1611284205,2026-03-28,2026-04-01,2026-04-08,2026-04-08,,,0,2026-04-09,2026-04-09,,,0,2026-04-10,2026-04-10,2026-04-10,,12,2,0,1,North Zone,Ajmer,AJM,Rural,Accepted By DS SCH_0_0,Accepted By DS /AT CPG (Process) ,1,0,0
1611285205,2026-03-28,2026-04-01,2026-04-03,2026-04-03,,,0,2026-04-06,2026-04-06,,,0,2026-04-11,2026-04-11,2026-04-11,3,12,2,0,1,North Zone,Ajmer,JDP,Rural,Accepted By DS SCH_0_0,Accepted By DS /AT CPG (Process) ,1,0,0
1611286205,2026-03-28,2026-04-01,,,,,0,,,,,0,,,,,,2,0,1,North Zone,Ajmer,JDP,Rural,,ASSIGN TO ENUMERATOR,0,0,0
1611287205,2026-03-28,2026-04-01,2026-04-08,2026-04-08,2026-04-07,2026-04-08,1,2026-04-08,2026-04-08,,,0,2026-04-08,2026-04-08,2026-04-08,2,12,2,0,1,North Zone,Ajmer,UDP,Rural,Accepted By DS SCH_0_0,Accepted By DS /AT CPG (Process) ,0,0,0
1611288205,2026-03-28,2026-04-01,,,,,0,,,,,0,,,,,,2,0,1,North Zone,Ajmer,JDP,Rural,,ASSIGN TO ENUMERATOR,0,0,0
1611289205,2026-03-28,2026-04-01,2026-04-02,2026-04-07,2026-04-03,2026-04-06,1,2026-04-03,2026-04-07,2026-04-06,2026-04-06,1,2026-04-11,2026-04-11,2026-04-11,2,12,2,0,1,North Zone,Ajmer,JDP,Rural,Accepted By DS SCH_0_0,Accepted By DS /AT CPG (Process) ,0,0,0
1611290205,2026-03-28,2026-04-01,,,,,0,,,,,0,,,,,,2,0,1,North Zone,Ajmer,AJM,Rural,,ASSIGN TO ENUMERATOR,0,0,0
1611295205,2026-03-28,2026-04-01,2026-04-07,2026-04-07,,,0,2026-04-07,2026-04-07,,,0,2026-04-08,2026-04-08,2026-04-08,,12,2,0,1,North Zone,Ajmer,AJM,Rural,Accepted By DS SCH_0_0,Accepted By DS /AT CPG (Process) ,1,0,0
1611296205,2026-03-28,2026-04-01,,,,,0,,,,,0,,,,,,2,0,1,North Zone,Ajmer,AJM,Rural,,ASSIGN TO ENUMERATOR,0,0,0
1611297205,2026-03-28,2026-04-01,,,,,0,,,,,0,,,,,,2,0,1,North Zone,Ajmer,UDP,Rural,,ASSIGN TO ENUMERATOR,0,0,0
1611298205,2026-03-28,2026-04-01,,,,,0,,,,,0,,,,,,2,0,1,North Zone,Ajmer,UDP,Rural,,ASSIGN TO ENUMERATOR,0,0,0
1611299205,2026-03-28,2026-04-01,,,,,0,,,,,0,,,,,,2,0,1,North Zone,Ajmer,UDP,Rural,,ASSIGN TO ENUMERATOR,0,0,0
1611300205,2026-03-28,2026-04-01,,,,,0,,,,,0,,,,,,2,0,1,North Zone,Ajmer,UDP,Rural,,ASSIGN TO ENUMERATOR,0,0,0
1611301205,2026-03-28,2026-04-01,,,,,0,,,,,0,,,,,,2,0,1,North Zone,Ajmer,UDP,Rural,,ASSIGN TO ENUMERATOR,0,0,0
1611302205,2026-03-28,2026-04-01,,,,,0,,,,,0,,,,,,2,0,1,North Zone,Ajmer,UDP,Rural,,ASSIGN TO ENUMERATOR,0,0,0
1611308205,2026-03-28,2026-04-01,,,,,0,,,,,0,,,2026-04-13,,4,2,0,1,North Zone,Ajmer,UDP,Rural,Submitted by Enumerator,ASSIGN TO ENUMERATOR,0,0,0
1611309205,2026-03-28,2026-04-01,2026-04-06,2026-04-06,,,0,2026-04-07,2026-04-07,,,0,2026-04-11,2026-04-11,2026-04-11,,12,2,0,1,North Zone,Ajmer,UDP,Rural,Accepted By DS SCH_0_0,Accepted By DS /AT CPG (Process) ,1,0,0
1611310205,2026-03-28,2026-04-01,2026-04-06,2026-04-10,2026-04-09,2026-04-10,1,2026-04-06,2026-04-10,2026-04-07,2026-04-07,1,,,2026-04-10,4,12,2,0,1,North Zone,Ajmer,UDP,Rural,Accepted by Supervisor,Submitted by Supervisor To Ds ,0,0,1
1611322205,2026-03-28,2026-04-01,,,,,0,,,,,0,,,,,,2,0,1,North Zone,Ajmer,AJM,Rural,,ASSIGN TO ENUMERATOR,0,0,0
1611323205,2026-03-28,2026-04-01,2026-04-08,2026-04-08,2026-04-08,2026-04-08,1,2026-04-08,2026-04-08,,,0,,,2026-04-08,1,12,2,0,1,North Zone,Ajmer,AJM,Rural,Accepted by Supervisor,Submitted by Supervisor To Ds ,0,1,0
1611324205,2026-03-28,2026-04-01,2026-04-11,2026-04-11,,,0,2026-04-13,2026-04-13,2026-04-13,2026-04-13,1,,,2026-04-13,2,12,2,0,1,North Zone,Ajmer,JDP,Rural,Accepted by Supervisor,RETURN TO SUPERVISOR BY DS,0,0,1
1611325205,2026-03-28,2026-04-01,,,,,0,,,,,0,,,,,,2,0,1,North Zone,Ajmer,JDP,Rural,,ASSIGN TO ENUMERATOR,0,0,0
1611326205,2026-03-28,2026-04-01,2026-04-12,2026-04-12,,,0,,,,,0,,,2026-04-12,,12,2,0,1,North Zone,Ajmer,JDP,Rural,Submitted by Enumerator,SUBMITTED BY ENUMERATOR,0,0,0
1611327205,2026-03-28,2026-04-01,,,,,0,,,,,0,,,,,,2,0,1,North Zone,Ajmer,AJM,Rural,,ASSIGN TO ENUMERATOR,0,0,0
1611328205,2026-03-28,2026-04-01,,,,,0,,,,,0,,,,,,2,0,1,North Zone,Ajmer,JDP,Rural,,ASSIGN TO ENUMERATOR,0,0,0
1611330205,2026-03-28,2026-04-01,,,,,0,,,,,0,,,,,,2,0,1,North Zone,Ajmer,AJM,Rural,,ASSIGN TO ENUMERATOR,0,0,0
1611331205,2026-03-28,2026-04-01,,,,,0,,,,,0,,,,,,2,0,1,North Zone,Ajmer,UDP,Rural,,ASSIGN TO ENUMERATOR,0,0,0
1611332205,2026-03-28,2026-04-01,2026-04-08,2026-04-12,2026-04-12,2026-04-12,1,2026-04-09,2026-04-12,2026-04-09,2026-04-13,1,,,2026-04-13,2,12,2,0,1,North Zone,Ajmer,UDP,Rural,Accepted by Supervisor,RETURN TO SUPERVISOR BY DS,0,0,1
1611355105,2026-03-28,2026-04-01,2026-04-06,2026-04-08,2026-04-07,2026-04-09,1,2026-04-08,2026-04-08,2026-04-09,2026-04-09,1,,,2026-04-09,9,12,1,1,0,North Zone,Ajmer,AJM,Rural,Accepted by Supervisor,RETURN BACK TO ENUMERATOR,0,0,1
1611356105,2026-03-28,2026-04-01,2026-04-13,2026-04-13,,,0,,,,,0,,,2026-04-13,3,12,1,1,0,North Zone,Ajmer,AJM,Rural,Submitted by Enumerator,SUBMITTED BY ENUMERATOR,0,0,0
1611357105,2026-03-28,2026-04-01,,,,,0,,,,,0,,,,,,1,1,0,North Zone,Ajmer,JDP,Rural,,ASSIGN TO ENUMERATOR,0,0,0
1611358105,2026-03-28,2026-04-01,,,,,0,,,,,0,,,,,,1,1,0,North Zone,Ajmer,JDP,Rural,,ASSIGN TO ENUMERATOR,0,0,0
1611359105,2026-03-28,2026-04-01,,,,,0,,,,,0,,,,,,1,1,0,North Zone,Ajmer,UDP,Rural,,ASSIGN TO ENUMERATOR,0,0,0
1611360105,2026-03-28,2026-04-01,2026-04-06,2026-04-07,2026-04-07,2026-04-07,1,2026-04-10,2026-04-10,,,0,,,2026-04-10,1,12,1,1,0,North Zone,Ajmer,JDP,Rural,Accepted by Supervisor,Submitted by Supervisor To Ds ,0,1,0
1611361105,2026-03-28,2026-04-01,,,,,0,,,,,0,,,,,,1,1,0,North Zone,Ajmer,JDP,Rural,,ASSIGN TO ENUMERATOR,0,0,0
1611362105,2026-03-28,2026-04-01,,,,,0,,,,,0,,,,,,1,1,0,North Zone,Ajmer,AJM,Rural,,ASSIGN TO ENUMERATOR,0,0,0
1611367105,2026-03-28,2026-04-01,2026-04-07,2026-04-09,2026-04-08,2026-04-09,1,2026-04-08,2026-04-09,2026-04-08,2026-04-08,1,2026-04-10,2026-04-10,2026-04-10,14,12,1,1,0,North Zone,Ajmer,AJM,Rural,Accepted By DS SCH_0_0,Accepted By DS /AT CPG (Process) ,0,0,0
1611368105,2026-03-28,2026-04-01,2026-04-11,2026-04-11,,,0,,,,,0,,,2026-04-11,2,12,1,1,0,North Zone,Ajmer,AJM,Rural,Submitted by Enumerator,SUBMITTED BY ENUMERATOR,0,0,0
1611369105,2026-03-28,2026-04-01,2026-04-11,2026-04-12,2026-04-12,2026-04-12,1,2026-04-12,2026-04-12,,,0,,,2026-04-12,2,12,1,1,0,North Zone,Ajmer,UDP,Rural,Accepted by Supervisor,Submitted by Supervisor To Ds ,0,1,0
1611370105,2026-03-28,2026-04-01,,,,,0,,,,,0,,,,,,1,1,0,North Zone,Ajmer,UDP,Rural,,ASSIGN TO ENUMERATOR,0,0,0
1611371105,2026-03-28,2026-04-01,,,,,0,,,,,0,,,,,,1,1,0,North Zone,Ajmer,UDP,Rural,,ASSIGN TO ENUMERATOR,0,0,0
1611372105,2026-03-28,2026-04-01,2026-04-12,2026-04-12,,,0,,,,,0,,,2026-04-12,,12,1,1,0,North Zone,Ajmer,UDP,Rural,Submitted by Enumerator,SUBMITTED BY ENUMERATOR,0,0,0
1611373105,2026-03-28,2026-04-01,,,,,0,,,,,0,,,,,,1,1,0,North Zone,Ajmer,UDP,Rural,,ASSIGN TO ENUMERATOR,0,0,0
1611374105,2026-03-28,2026-04-01,,,,,0,,,,,0,,,,,,1,1,0,North Zone,Ajmer,UDP,Rural,,ASSIGN TO ENUMERATOR,0,0,0
1611380105,2026-03-28,2026-04-01,,,,,0,,,,,0,,,,,,1,1,0,North Zone,Ajmer,UDP,Rural,,ASSIGN TO ENUMERATOR,0,0,0
1611381105,2026-03-28,2026-04-01,2026-04-12,2026-04-12,,,0,,,,,0,,,2026-04-12,9,12,1,1,0,North Zone,Ajmer,UDP,Rural,Submitted by Enumerator,SUBMITTED BY ENUMERATOR,0,0,0
1611382105,2026-03-28,2026-04-01,2026-04-06,2026-04-08,2026-04-08,2026-04-08,1,2026-04-08,2026-04-08,2026-04-13,2026-04-13,1,,,2026-04-13,8,12,1,1,0,North Zone,Ajmer,UDP,Rural,Return by DS,RETURN TO SUPERVISOR BY DS,0,0,1
1611394105,2026-03-28,2026-04-01,,,,,0,,,,,0,,,,,,1,1,0,North Zone,Ajmer,AJM,Rural,,ASSIGN TO ENUMERATOR,0,0,0
1611395105,2026-03-28,2026-04-01,,,,,0,,,,,0,,,,,,1,1,0,North Zone,Ajmer,AJM,Rural,,ASSIGN TO ENUMERATOR,0,0,0
1611396105,2026-03-28,2026-04-01,,,,,0,,,,,0,,,,,,1,1,0,North Zone,Ajmer,JDP,Rural,,ASSIGN TO ENUMERATOR,0,0,0
1611397105,2026-03-28,2026-04-01,2026-04-12,2026-04-12,,,0,,,,,0,,,2026-04-12,2,12,1,1,0,North Zone,Ajmer,JDP,Rural,Submitted by Enumerator,SUBMITTED BY ENUMERATOR,0,0,0
1611398105,2026-03-28,2026-04-01,2026-04-05,2026-04-10,2026-04-08,2026-04-09,1,2026-04-06,2026-04-10,2026-04-08,2026-04-08,1,2026-04-13,2026-04-13,2026-04-13,5,12,1,1,0,North Zone,Ajmer,JDP,Rural,Accepted By DS SCH_0_0,Accepted By DS /AT CPG (Process) ,0,0,0
1611399105,2026-03-28,2026-04-01,2026-04-07,2026-04-07,2026-04-07,2026-04-07,1,2026-04-08,2026-04-08,,,0,2026-04-08,2026-04-08,2026-04-08,5,12,1,1,0,North Zone,Ajmer,AJM,Rural,Accepted By DS SCH_0_0,Accepted By DS /AT CPG (Process) ,0,0,0
1611400105,2026-03-28,2026-04-01,,,,,0,,,,,0,,,,,,1,1,0,North Zone,Ajmer,JDP,Rural,,ASSIGN TO ENUMERATOR,0,0,0
1611403105,2026-03-28,2026-04-01,2026-04-05,2026-04-10,2026-04-06,2026-04-10,1,2026-04-09,2026-04-10,2026-04-10,2026-04-10,1,2026-04-11,2026-04-11,2026-04-11,6,12,1,1,0,North Zone,Ajmer,UDP,Rural,Accepted By DS SCH_0_0,Accepted By DS /AT CPG (Process) ,0,0,0
1611404105,2026-03-28,2026-04-01,,,,,0,,,,,0,,,,,,1,1,0,North Zone,Ajmer,UDP,Rural,,ASSIGN TO ENUMERATOR,0,0,0
1611981405,2026-03-28,2026-04-01,2026-04-07,2026-04-07,,,0,2026-04-08,2026-04-08,,,0,2026-04-09,2026-04-09,2026-04-09,4,12,4,0,1,Central Zone,Bareilly,SRN,Rural,Accepted By DS SCH_0_0,Accepted By DS /AT CPG (Process) ,1,0,0
1611982405,2026-03-28,,,,,,0,,,,,0,,,,,,4,0,1,Central Zone,Bareilly,SRN,Rural,,Not Assigned,0,0,0
1611983405,2026-03-28,,,,,,0,,,,,0,,,,,,4,0,1,Central Zone,Bareilly,SRN,Rural,,Not Assigned,0,0,0
1611984405,2026-03-28,,,,,,0,,,,,0,,,,,,4,0,1,Central Zone,Bareilly,SRN,Rural,,Not Assigned,0,0,0
1611985405,2026-03-28,,,,,,0,,,,,0,,,,,,4,0,1,Central Zone,Bareilly,SRN,Rural,,Not Assigned,0,0,0
1611986405,2026-03-28,2026-04-01,,,,,0,,,,,0,,,,,,4,0,1,Central Zone,Bareilly,MBD,Rural,,ASSIGN TO ENUMERATOR,0,0,0
1611987405,2026-03-28,2026-04-01,2026-04-02,2026-04-02,2026-04-02,2026-04-02,1,2026-04-02,2026-04-02,,,0,2026-04-09,2026-04-09,2026-04-09,1,12,4,0,1,Central Zone,Bareilly,MBD,Rural,Accepted By DS SCH_0_0,Accepted By DS /AT CPG (Process) ,0,0,0
1611988405,2026-03-28,2026-04-01,,,,,0,,,,,0,,,,,,4,0,1,Central Zone,Bareilly,MBD,Rural,,ASSIGN TO ENUMERATOR,0,0,0
1611989405,2026-03-28,2026-04-01,,,,,0,,,,,0,,,,,,4,0,1,Central Zone,Bareilly,MBD,Rural,,ASSIGN TO ENUMERATOR,0,0,0
1611990405,2026-03-28,2026-04-01,,,,,0,,,,,0,,,,,,4,0,1,Central Zone,Bareilly,MBD,Rural,,ASSIGN TO ENUMERATOR,0,0,0
1611991405,2026-03-28,2026-04-01,,,,,0,,,,,0,,,,,,4,0,1,Central Zone,Bareilly,MBD,Rural,,ASSIGN TO ENUMERATOR,0,0,0
1611992405,2026-03-28,2026-04-01,,,,,0,,,,,0,,,,,,4,0,1,Central Zone,Bareilly,MBD,Rural,,ASSIGN TO ENUMERATOR,0,0,0
1611993405,2026-03-28,2026-04-01,,,,,0,,,,,0,,,,,,4,0,1,Central Zone,Bareilly,MBD,Rural,,ASSIGN TO ENUMERATOR,0,0,0
1611994405,2026-03-28,2026-04-01,2026-04-07,2026-04-10,2026-04-10,2026-04-10,1,2026-04-08,2026-04-10,2026-04-10,2026-04-10,1,2026-04-10,2026-04-10,2026-04-10,1,12,4,0,1,Central Zone,Bareilly,MBD,Rural,Accepted By DS SCH_0_0,Accepted By DS /AT CPG (Process) ,0,0,0
1611995405,2026-03-28,2026-04-01,2026-04-07,2026-04-07,,,0,2026-04-08,2026-04-08,,,0,2026-04-08,2026-04-08,2026-04-08,,12,4,0,1,Central Zone,Agra,MRT,Rural,Accepted By DS SCH_0_0,Accepted By DS /AT CPG (Process) ,1,0,0
1611996405,2026-03-28,2026-04-01,,,,,0,,,,,0,,,,,,4,0,1,Central Zone,Agra,MRT,Rural,,ASSIGN TO ENUMERATOR,0,0,0
1611997405,2026-03-28,2026-04-01,2026-04-07,2026-04-13,2026-04-12,2026-04-12,1,2026-04-07,2026-04-13,2026-04-10,2026-04-10,1,,,2026-04-13,5,12,4,0,1,Central Zone,Agra,MRT,Rural,Accepted by Supervisor,Submitted by Supervisor To Ds ,0,0,1
1611998405,2026-03-28,2026-04-01,,,,,0,,,,,0,,,,,,4,0,1,Central Zone,Agra,MRT,Rural,,ASSIGN TO ENUMERATOR,0,0,0
1611999405,2026-03-28,2026-04-01,,,,,0,,,,,0,,,,,,4,0,1,Central Zone,Agra,MRT,Rural,,ASSIGN TO ENUMERATOR,0,0,0
1612000405,2026-03-28,2026-04-01,2026-04-07,2026-04-08,2026-04-08,2026-04-08,1,2026-04-07,2026-04-09,2026-04-08,2026-04-08,1,2026-04-09,2026-04-09,2026-04-09,1,12,4,0,1,Central Zone,Agra,MRT,Rural,Accepted By DS SCH_0_0,Accepted By DS /AT CPG (Process) ,0,0,0
1612001405,2026-03-28,2026-04-01,2026-04-07,2026-04-07,,,0,2026-04-08,2026-04-08,,,0,2026-04-10,2026-04-10,2026-04-10,,12,4,0,1,Central Zone,Agra,MRT,Rural,Accepted By DS SCH_0_0,Accepted By DS /AT CPG (Process) ,1,0,0
1612002405,2026-03-28,2026-04-01,2026-04-06,2026-04-06,,,0,2026-04-08,2026-04-08,,,0,2026-04-08,2026-04-08,2026-04-08,,12,4,0,1,Central Zone,Agra,MRT,Rural,Accepted By DS SCH_0_0,Accepted By DS /AT CPG (Process) ,1,0,0
1612003405,2026-03-28,2026-04-01,,,,,0,,,,,0,,,,,,4,0,1,Central Zone,Agra,MRT,Rural,,ASSIGN TO ENUMERATOR,0,0,0
1612004405,2026-03-28,2026-04-06,,,,,0,,,,,0,,,,,,4,0,1,Central Zone,Agra,ALG,Rural,,ASSIGN TO ENUMERATOR,0,0,0
1612005405,2026-03-28,2026-04-06,,,,,0,,,,,0,,,,,,4,0,1,Central Zone,Agra,ALG,Rural,,ASSIGN TO ENUMERATOR,0,0,0
1612006405,2026-03-28,2026-04-06,,,,,0,,,,,0,,,,,,4,0,1,Central Zone,Agra,ALG,Rural,,ASSIGN TO ENUMERATOR,0,0,0
1612007405,2026-03-28,2026-04-11,,,,,0,,,,,0,,,,,,4,0,1,Central Zone,Agra,ALG,Rural,,ASSIGN TO ENUMERATOR,0,0,0
1612008405,2026-03-28,2026-04-06,,,,,0,,,,,0,,,,,,4,0,1,Central Zone,Agra,ALG,Rural,,ASSIGN TO ENUMERATOR,0,0,0
1612009405,2026-03-28,2026-04-01,,,,,0,,,,,0,,,,,,4,0,1,Central Zone,Agra,AGR,Rural,,ASSIGN TO ENUMERATOR,0,0,0
1612010405,2026-03-28,2026-04-01,2026-04-08,2026-04-08,2026-04-08,2026-04-08,1,2026-04-08,2026-04-08,,,0,2026-04-08,2026-04-08,2026-04-08,7,12,4,0,1,Central Zone,Agra,AGR,Rural,Accepted By DS SCH_0_0,Accepted By DS /AT CPG (Process) ,0,0,0
1612011405,2026-03-28,2026-04-01,,,,,0,,,,,0,,,,,,4,0,1,Central Zone,Agra,AGR,Rural,,ASSIGN TO ENUMERATOR,0,0,0
1612012405,2026-03-28,2026-04-01,2026-04-03,2026-04-03,,,0,2026-04-09,2026-04-09,,,0,,,2026-04-09,,12,4,0,1,Central Zone,Agra,AGR,Rural,Accepted by Supervisor,Submitted by Supervisor To Ds ,0,1,0
1612013405,2026-03-28,2026-04-01,,,,,0,,,,,0,,,,,,4,0,1,Central Zone,Agra,AGR,Rural,,ASSIGN TO ENUMERATOR,0,0,0
1612014405,2026-03-28,2026-04-01,,,,,0,,,,,0,,,,,,4,0,1,Central Zone,Agra,AGR,Rural,,ASSIGN TO ENUMERATOR,0,0,0
1612015405,2026-03-28,2026-04-01,,,,,0,,,,,0,,,,,,4,0,1,Central Zone,Agra,AGR,Rural,,ASSIGN TO ENUMERATOR,0,0,0
1612016405,2026-03-28,2026-04-01,,,,,0,,,,,0,,,,,,4,0,1,Central Zone,Agra,AGR,Rural,,ASSIGN TO ENUMERATOR,0,0,0
1612017405,2026-03-28,2026-04-01,,,,,0,,,,,0,,,,,,4,0,1,Central Zone,Agra,AGR,Rural,,ASSIGN TO ENUMERATOR,0,0,0
1612018405,2026-03-28,2026-04-01,,,,,0,,,,,0,,,2026-04-10,,4,4,0,1,Central Zone,Bareilly,BRL,Rural,Submitted by Enumerator,ASSIGN TO ENUMERATOR,0,0,0
1612019405,2026-03-28,2026-04-01,,,,,0,,,,,0,,,,,,4,0,1,Central Zone,Bareilly,BRL,Rural,,ASSIGN TO ENUMERATOR,0,0,0
1612020405,2026-03-28,2026-04-01,2026-04-03,2026-04-08,2026-04-06,2026-04-08,1,2026-04-09,2026-04-09,,,0,2026-04-09,2026-04-09,2026-04-09,2,12,4,0,1,Central Zone,Bareilly,BRL,Rural,Accepted By DS SCH_0_0,Accepted By DS /AT CPG (Process) ,0,0,0
1612021405,2026-03-28,2026-04-01,,,,,0,,,,,0,,,,,,4,0,1,Central Zone,Bareilly,BRL,Rural,,ASSIGN TO ENUMERATOR,0,0,0
1612022405,2026-03-28,2026-04-01,,,,,0,,,,,0,,,,,,4,0,1,Central Zone,Bareilly,BRL,Rural,,ASSIGN TO ENUMERATOR,0,0,0
1612023405,2026-03-28,2026-04-01,,,,,0,,,,,0,,,,,,4,0,1,Central Zone,Bareilly,BRL,Rural,,ASSIGN TO ENUMERATOR,0,0,0
1612024405,2026-03-28,2026-04-01,2026-04-05,2026-04-08,2026-04-07,2026-04-07,1,2026-04-06,2026-04-09,2026-04-06,2026-04-06,1,2026-04-09,2026-04-09,2026-04-09,3,12,4,0,1,Central Zone,Bareilly,BRL,Rural,Accepted By DS SCH_0_0,Accepted By DS /AT CPG (Process) ,0,0,0
1612025405,2026-03-28,2026-04-12,,,,,0,,,,,0,,,,,,4,0,1,Central Zone,Bareilly,STP,Rural,,ASSIGN TO ENUMERATOR,0,0,0
1612026405,2026-03-28,2026-04-09,2026-04-12,2026-04-12,,,0,2026-04-12,2026-04-12,,,0,,,2026-04-12,,12,4,0,1,Central Zone,Bareilly,STP,Rural,Accepted by Supervisor,Submitted by Supervisor To Ds ,0,1,0
1612027405,2026-03-28,2026-04-05,2026-04-07,2026-04-07,,,0,2026-04-08,2026-04-08,2026-04-09,2026-04-09,1,,,2026-04-09,2,12,4,0,1,Central Zone,Bareilly,STP,Rural,Accepted by Supervisor,RETURN TO SUPERVISOR BY DS,0,0,1
1612028405,2026-03-28,2026-04-05,,,,,0,,,,,0,,,,,,4,0,1,Central Zone,Bareilly,STP,Rural,,ASSIGN TO ENUMERATOR,0,0,0
1612029405,2026-03-28,2026-04-05,,,,,0,,,,,0,,,,,,4,0,1,Central Zone,Bareilly,STP,Rural,,ASSIGN TO ENUMERATOR,0,0,0
1612030405,2026-03-28,2026-04-02,2026-04-04,2026-04-04,,,0,,,,,0,,,2026-04-04,,12,4,0,1,Central Zone,Bareilly,STP,Rural,Submitted by Enumerator,SUBMITTED BY ENUMERATOR,0,0,0
1612031405,2026-03-28,2026-04-12,,,,,0,,,,,0,,,,,,4,0,1,Central Zone,Bareilly,STP,Rural,,ASSIGN TO ENUMERATOR,0,0,0
1612032405,2026-03-28,2026-04-09,2026-04-11,2026-04-11,,,0,2026-04-11,2026-04-11,,,0,2026-04-12,2026-04-12,2026-04-12,,12,4,0,1,Central Zone,Bareilly,STP,Rural,Accepted By DS SCH_0_0,Accepted By DS /AT CPG (Process) ,1,0,0
1612038405,2026-03-28,2026-04-05,,,,,0,,,,,0,,,,,,4,0,1,Central Zone,Agra,ALG,Rural,,ASSIGN TO ENUMERATOR,0,0,0
1612039405,2026-03-28,2026-04-09,2026-04-10,2026-04-10,,,0,2026-04-10,2026-04-10,,,0,2026-04-12,2026-04-12,2026-04-12,,12,4,0,1,Central Zone,Agra,ALG,Rural,Accepted By DS SCH_0_0,Accepted By DS /AT CPG (Process) ,1,0,0
1612041405,2026-03-28,2026-04-01,2026-04-10,2026-04-10,,,0,,,,,0,,,2026-04-10,,12,4,0,1,Central Zone,Agra,AGR,Rural,Submitted by Enumerator,SUBMITTED BY ENUMERATOR,0,0,0
1612042405,2026-03-28,2026-04-01,2026-04-11,2026-04-11,2026-04-13,2026-04-13,1,,,,,0,,,2026-04-13,4,12,4,0,1,Central Zone,Agra,AGR,Rural,Accepted by Supervisor,RETURN BACK TO ENUMERATOR,0,0,0
1612053405,2026-03-28,2026-03-31,,,,,0,,,,,0,,,,,,4,0,1,Central Zone,Alllahabad,ALD,Rural,,ASSIGN TO ENUMERATOR,0,0,0
1612054405,2026-03-28,2026-03-31,,,,,0,,,,,0,,,,,,4,0,1,Central Zone,Alllahabad,ALD,Rural,,ASSIGN TO ENUMERATOR,0,0,0
1612055405,2026-03-28,2026-03-31,,,,,0,,,,,0,,,,,,4,0,1,Central Zone,Alllahabad,ALD,Rural,,ASSIGN TO ENUMERATOR,0,0,0
1612056405,2026-03-28,2026-03-31,,,,,0,,,,,0,,,,,,4,0,1,Central Zone,Alllahabad,ALD,Rural,,ASSIGN TO ENUMERATOR,0,0,0
1612057405,2026-03-28,2026-03-31,2026-04-11,2026-04-11,,,0,2026-04-11,2026-04-11,,,0,2026-04-13,2026-04-13,2026-04-13,,12,4,0,1,Central Zone,Alllahabad,ALD,Rural,Accepted By DS SCH_0_0,Accepted By DS /AT CPG (Process) ,1,0,0
1612058405,2026-03-28,2026-03-31,,,,,0,,,,,0,,,,,,4,0,1,Central Zone,Alllahabad,ALD,Rural,,ASSIGN TO ENUMERATOR,0,0,0
1612061405,2026-03-28,2026-04-01,2026-04-03,2026-04-03,,,0,2026-04-08,2026-04-08,2026-04-08,2026-04-08,1,,,2026-04-08,2,12,4,0,1,Central Zone,Alllahabad,FZD,Rural,Return by DS,RETURN TO SUPERVISOR BY DS,0,0,1
1612062405,2026-03-28,2026-04-01,2026-04-11,2026-04-11,,,0,,,,,0,,,2026-04-11,,12,4,0,1,Central Zone,Alllahabad,FZD,Rural,Submitted by Enumerator,SUBMITTED BY ENUMERATOR,0,0,0
1612063405,2026-03-28,2026-04-01,,,,,0,,,,,0,,,,,,4,0,1,Central Zone,Alllahabad,FZD,Rural,,ASSIGN TO ENUMERATOR,0,0,0
1612064405,2026-03-28,2026-04-01,,,,,0,,,,,0,,,,,,4,0,1,Central Zone,Alllahabad,FZD,Rural,,ASSIGN TO ENUMERATOR,0,0,0
1612065405,2026-03-28,2026-04-01,,,,,0,,,,,0,,,,,,4,0,1,Central Zone,Alllahabad,FZD,Rural,,ASSIGN TO ENUMERATOR,0,0,0
1612066405,2026-03-28,2026-04-01,2026-04-09,2026-04-09,,,0,,,,,0,,,2026-04-09,,12,4,0,1,Central Zone,Alllahabad,FZD,Rural,Submitted by Enumerator,SUBMITTED BY ENUMERATOR,0,0,0
1612072405,2026-03-28,2026-04-01,2026-04-06,2026-04-06,,,0,2026-04-08,2026-04-08,,,0,2026-04-08,2026-04-08,2026-04-08,,12,4,0,1,Central Zone,Alllahabad,FZD,Rural,Accepted By DS SCH_0_0,Accepted By DS /AT CPG (Process) ,1,0,0
1612073405,2026-03-28,2026-04-01,2026-04-08,2026-04-08,,,0,2026-04-08,2026-04-08,,,0,2026-04-08,2026-04-08,2026-04-08,,12,4,0,1,Central Zone,Alllahabad,FZD,Rural,Accepted By DS SCH_0_0,Accepted By DS /AT CPG (Process) ,1,0,0
1612074405,2026-03-28,2026-04-01,2026-04-03,2026-04-03,,,0,2026-04-08,2026-04-08,,,0,2026-04-09,2026-04-09,2026-04-09,,1,4,0,1,Central Zone,Alllahabad,FZD,Rural,Accepted By DS SCH_0_0,Accepted By DS /AT CPG (Process) ,1,0,0
1612075405,2026-03-28,2026-04-06,,,,,0,,,,,0,,,,,,4,0,1,Central Zone,Alllahabad,FZD,Rural,,ASSIGN TO ENUMERATOR,0,0,0
1612076405,2026-03-28,2026-04-01,,,,,0,,,,,0,,,,,,4,0,1,Central Zone,Alllahabad,GKP,Rural,,ASSIGN TO ENUMERATOR,0,0,0
1612077405,2026-03-28,2026-04-01,2026-04-03,2026-04-03,,,0,2026-04-04,2026-04-04,,,0,2026-04-06,2026-04-06,2026-04-06,,12,4,0,1,Central Zone,Alllahabad,GKP,Rural,Accepted By DS SCH_0_0,Accepted By DS /AT CPG (Process) ,1,0,0
1612078405,2026-03-28,2026-04-01,2026-04-03,2026-04-10,2026-04-10,2026-04-10,1,2026-04-03,2026-04-10,2026-04-10,2026-04-10,1,2026-04-13,2026-04-13,2026-04-13,1,12,4,0,1,Central Zone,Alllahabad,GKP,Rural,Accepted By DS SCH_0_0,Accepted By DS /AT CPG (Process) ,0,0,0
1612079405,2026-03-28,2026-04-01,2026-04-11,2026-04-11,,,0,2026-04-12,2026-04-12,,,0,2026-04-13,2026-04-13,2026-04-13,,12,4,0,1,Central Zone,Alllahabad,GKP,Rural,Accepted By DS SCH_0_0,Accepted By DS /AT CPG (Process) ,1,0,0
1612080405,2026-03-28,2026-04-01,2026-04-04,2026-04-06,2026-04-06,2026-04-06,1,2026-04-04,2026-04-06,2026-04-06,2026-04-06,1,2026-04-08,2026-04-08,2026-04-08,3,12,4,0,1,Central Zone,Alllahabad,GKP,Rural,Accepted By DS SCH_0_0,Accepted By DS /AT CPG (Process) ,0,0,0
1612081405,2026-03-28,2026-04-01,,,,,0,,,,,0,,,,,,4,0,1,Central Zone,Alllahabad,GKP,Rural,,ASSIGN TO ENUMERATOR,0,0,0
1612082405,2026-03-28,2026-04-01,2026-04-11,2026-04-11,,,0,2026-04-11,2026-04-11,,,0,,,2026-04-11,,12,4,0,1,Central Zone,Alllahabad,GKP,Rural,Accepted by Supervisor,Submitted by Supervisor To Ds ,0,1,0
1612083405,2026-03-28,2026-04-01,2026-04-07,2026-04-07,,,0,2026-04-08,2026-04-08,,,0,2026-04-08,2026-04-08,2026-04-08,,12,4,0,1,Central Zone,Alllahabad,GKP,Rural,Accepted By DS SCH_0_0,Accepted By DS /AT CPG (Process) ,1,0,0
1612084405,2026-03-28,2026-04-02,,,,,0,,,,,0,,,,,,4,0,1,Central Zone,Alllahabad,AZM,Rural,,ASSIGN TO ENUMERATOR,0,0,0
1612085405,2026-03-28,2026-04-04,,,,,0,,,,,0,,,,,,4,0,1,Central Zone,Alllahabad,AZM,Rural,,ASSIGN TO ENUMERATOR,0,0,0
1612086405,2026-03-28,2026-04-04,,,,,0,,,,,0,,,,,,4,0,1,Central Zone,Alllahabad,AZM,Rural,,ASSIGN TO ENUMERATOR,0,0,0
1612087405,2026-03-28,2026-04-05,,,,,0,,,,,0,,,,,,4,0,1,Central Zone,Alllahabad,AZM,Rural,,ASSIGN TO ENUMERATOR,0,0,0
1612088405,2026-03-28,2026-04-06,2026-04-11,2026-04-11,,,0,2026-04-13,2026-04-13,,,0,,,2026-04-13,,12,4,0,1,Central Zone,Alllahabad,AZM,Rural,Accepted by Supervisor,Submitted by Supervisor To Ds ,0,1,0
1612089405,2026-03-28,2026-04-02,,,,,0,,,,,0,,,,,,4,0,1,Central Zone,Alllahabad,AZM,Rural,,ASSIGN TO ENUMERATOR,0,0,0
1612090405,2026-03-28,2026-04-05,,,,,0,,,,,0,,,,,,4,0,1,Central Zone,Alllahabad,AZM,Rural,,ASSIGN TO ENUMERATOR,0,0,0
1612091405,2026-03-28,2026-04-05,,,,,0,,,,,0,,,,,,4,0,1,Central Zone,Alllahabad,AZM,Rural,,ASSIGN TO ENUMERATOR,0,0,0
1612092405,2026-03-28,2026-04-05,,,,,0,,,,,0,,,,,,4,0,1,Central Zone,Alllahabad,AZM,Rural,,ASSIGN TO ENUMERATOR,0,0,0
1612093405,2026-03-28,2026-04-01,,,,,0,,,,,0,,,,,,4,0,1,Central Zone,Alllahabad,VNS,Rural,,ASSIGN TO ENUMERATOR,0,0,0
1612094405,2026-03-28,2026-04-01,2026-04-10,2026-04-10,,,0,,,,,0,,,2026-04-10,,12,4,0,1,Central Zone,Alllahabad,VNS,Rural,Submitted by Enumerator,SUBMITTED BY ENUMERATOR,0,0,0
1612095405,2026-03-28,2026-04-01,,,,,0,,,,,0,,,,,,4,0,1,Central Zone,Alllahabad,VNS,Rural,,ASSIGN TO ENUMERATOR,0,0,0
1612096405,2026-03-28,2026-04-02,,,,,0,,,,,0,,,,,,4,0,1,Central Zone,Alllahabad,VNS,Rural,,ASSIGN TO ENUMERATOR,0,0,0
1612097405,2026-03-28,2026-04-02,2026-04-07,2026-04-12,2026-04-10,2026-04-10,1,2026-04-08,2026-04-08,2026-04-09,2026-04-09,1,,,2026-04-12,3,12,4,0,1,Central Zone,Alllahabad,VNS,Rural,Accepted by Supervisor,SUBMITTED BY ENUMERATOR,0,0,1
1612098405,2026-03-28,2026-04-01,,,,,0,,,,,0,,,,,,4,0,1,Central Zone,Alllahabad,VNS,Rural,,ASSIGN TO ENUMERATOR,0,0,0
1612099405,2026-03-28,2026-04-01,,,,,0,,,,,0,,,,,,4,0,1,Central Zone,Alllahabad,VNS,Rural,,ASSIGN TO ENUMERATOR,0,0,0
1612100405,2026-03-28,2026-04-02,,,,,0,,,,,0,,,,,,4,0,1,Central Zone,Alllahabad,VNS,Rural,,ASSIGN TO ENUMERATOR,0,0,0
1612101405,2026-03-28,2026-04-07,,,,,0,,,,,0,,,,,,4,0,1,Central Zone,Agra,ALG,Rural,,ASSIGN TO ENUMERATOR,0,0,0
1612102405,2026-03-28,2026-04-11,,,,,0,,,,,0,,,,,,4,0,1,Central Zone,Agra,ALG,Rural,,ASSIGN TO ENUMERATOR,0,0,0
1612103405,2026-03-28,2026-04-06,2026-04-06,2026-04-09,2026-04-09,2026-04-09,1,2026-04-08,2026-04-10,2026-04-08,2026-04-08,1,,,2026-04-10,2,12,4,0,1,Central Zone,Agra,ALG,Rural,Accepted by Supervisor,Submitted by Supervisor To Ds ,0,0,1
1612104405,2026-03-28,2026-04-07,2026-04-09,2026-04-09,,,0,2026-04-11,2026-04-11,,,0,,,2026-04-11,,12,4,0,1,Central Zone,Bareilly,SRN,Rural,Accepted by Supervisor,Submitted by Supervisor To Ds ,0,1,0
1612105405,2026-03-28,2026-04-01,2026-04-02,2026-04-02,,,0,2026-04-03,2026-04-03,,,0,2026-04-06,2026-04-06,2026-04-06,,12,4,0,1,Central Zone,Bareilly,SRN,Rural,Accepted By DS SCH_0_0,Accepted By DS /AT CPG (Process) ,1,0,0
1612106405,2026-03-28,2026-04-01,,,,,0,,,,,0,,,,,,4,0,1,Central Zone,Agra,MRT,Rural,,ASSIGN TO ENUMERATOR,0,0,0
1612107405,2026-03-28,2026-04-01,,,,,0,,,,,0,,,,,,4,0,1,Central Zone,Agra,MRT,Rural,,ASSIGN TO ENUMERATOR,0,0,0
1612108405,2026-03-28,,,,,,0,,,,,0,,,,,,4,0,1,Central Zone,Bareilly,SRN,Rural,,Not Assigned,0,0,0
1612109405,2026-03-28,2026-04-01,2026-04-03,2026-04-03,,,0,2026-04-04,2026-04-04,,,0,2026-04-09,2026-04-09,2026-04-09,,12,4,0,1,Central Zone,Bareilly,MBD,Rural,Accepted By DS SCH_0_0,Accepted By DS /AT CPG (Process) ,1,0,0
1612110405,2026-03-28,2026-04-07,,,,,0,,,,,0,,,,,,4,0,1,Central Zone,Agra,AGR,Rural,,ASSIGN TO ENUMERATOR,0,0,0
1612111405,2026-03-28,2026-04-01,,,,,0,,,,,0,,,,,,4,0,1,Central Zone,Bareilly,BRL,Rural,,ASSIGN TO ENUMERATOR,0,0,0
1612112405,2026-03-28,2026-04-01,2026-04-03,2026-04-06,,,0,2026-04-06,2026-04-06,,,0,2026-04-06,2026-04-06,2026-04-06,,12,4,0,1,Central Zone,Bareilly,BRL,Rural,Accepted By DS SCH_0_0,Accepted By DS /AT CPG (Process) ,0,0,0
1612113405,2026-03-28,2026-04-01,,,,,0,,,,,0,,,,,,4,0,1,Central Zone,Bareilly,BRL,Rural,,ASSIGN TO ENUMERATOR,0,0,0
1612114405,2026-03-28,2026-04-01,2026-04-09,2026-04-09,,,0,,,,,0,,,2026-04-09,,12,4,0,1,Central Zone,Bareilly,BRL,Rural,Submitted by Enumerator,SUBMITTED BY ENUMERATOR,0,0,0
1612115405,2026-03-28,2026-04-09,2026-04-11,2026-04-11,,,0,2026-04-11,2026-04-11,,,0,2026-04-13,2026-04-13,2026-04-13,,12,4,0,1,Central Zone,Bareilly,STP,Rural,Accepted By DS SCH_0_0,Accepted By DS /AT CPG (Process) ,1,0,0
1612116405,2026-03-28,2026-04-05,,,,,0,,,,,0,,,,,,4,0,1,Central Zone,Bareilly,STP,Rural,,ASSIGN TO ENUMERATOR,0,0,0
1612122405,2026-03-28,2026-03-31,,,,,0,,,,,0,,,,,,4,0,1,Central Zone,Alllahabad,ALD,Rural,,ASSIGN TO ENUMERATOR,0,0,0
1612125405,2026-03-28,2026-04-01,2026-04-09,2026-04-09,,,0,,,,,0,,,2026-04-09,,12,4,0,1,Central Zone,Alllahabad,FZD,Rural,Submitted by Enumerator,SUBMITTED BY ENUMERATOR,0,0,0
1612126405,2026-03-28,2026-04-01,,,,,0,,,,,0,,,,,,4,0,1,Central Zone,Alllahabad,FZD,Rural,,ASSIGN TO ENUMERATOR,0,0,0
1612127405,2026-03-28,2026-04-05,2026-04-05,2026-04-05,,,0,2026-04-05,2026-04-05,,,0,2026-04-10,2026-04-10,2026-04-10,,12,4,0,1,Central Zone,Alllahabad,GKP,Rural,Accepted By DS SCH_0_0,Accepted By DS /AT CPG (Process) ,1,0,0
1612128405,2026-03-28,2026-04-01,,,,,0,,,,,0,,,,,,4,0,1,Central Zone,Alllahabad,GKP,Rural,,ASSIGN TO ENUMERATOR,0,0,0
1612129405,2026-03-28,2026-04-01,2026-04-12,2026-04-12,,,0,2026-04-12,2026-04-12,,,0,2026-04-13,2026-04-13,2026-04-13,,12,4,0,1,Central Zone,Alllahabad,GKP,Rural,Accepted By DS SCH_0_0,Accepted By DS /AT CPG (Process) ,1,0,0
1612130405,2026-03-28,2026-04-01,,,,,0,,,,,0,,,,,,4,0,1,Central Zone,Alllahabad,GKP,Rural,,ASSIGN TO ENUMERATOR,0,0,0
1612131405,2026-03-28,2026-04-02,2026-04-07,2026-04-07,,,0,2026-04-10,2026-04-10,,,0,,,2026-04-10,,12,4,0,1,Central Zone,Alllahabad,AZM,Rural,Accepted by Supervisor,Submitted by Supervisor To Ds ,0,1,0
1612132405,2026-03-28,2026-04-02,,,,,0,,,,,0,,,,,,4,0,1,Central Zone,Alllahabad,AZM,Rural,,ASSIGN TO ENUMERATOR,0,0,0
1612133405,2026-03-28,2026-04-06,,,,,0,,,,,0,,,,,,4,0,1,Central Zone,Alllahabad,AZM,Rural,,ASSIGN TO ENUMERATOR,0,0,0
1612134405,2026-03-28,2026-04-05,,,,,0,,,,,0,,,,,,4,0,1,Central Zone,Alllahabad,AZM,Rural,,ASSIGN TO ENUMERATOR,0,0,0
1612135405,2026-03-28,2026-04-01,,,,,0,,,,,0,,,,,,4,0,1,Central Zone,Alllahabad,VNS,Rural,,ASSIGN TO ENUMERATOR,0,0,0
1612136405,2026-03-28,2026-04-01,2026-04-11,2026-04-11,,,0,,,,,0,,,2026-04-11,,12,4,0,1,Central Zone,Alllahabad,VNS,Rural,Submitted by Enumerator,SUBMITTED BY ENUMERATOR,0,0,0
1612137405,2026-03-28,2026-04-01,,,,,0,,,,,0,,,,,,4,0,1,Central Zone,Alllahabad,VNS,Rural,,ASSIGN TO ENUMERATOR,0,0,0
1612138405,2026-03-28,2026-04-01,2026-04-05,2026-04-05,,,0,2026-04-08,2026-04-08,,,0,2026-04-08,2026-04-08,2026-04-08,,12,4,0,1,Central Zone,Alllahabad,VNS,Rural,Accepted By DS SCH_0_0,Accepted By DS /AT CPG (Process) ,1,0,0
1612139405,2026-03-28,2026-04-01,,,,,0,,,,,0,,,,,,4,0,1,Central Zone,Alllahabad,VNS,Rural,,ASSIGN TO ENUMERATOR,0,0,0
1612140405,2026-03-28,2026-04-10,,,,,0,,,,,0,,,,,,4,0,1,Central Zone,Agra,ALG,Rural,,ASSIGN TO ENUMERATOR,0,0,0
1612141405,2026-03-28,2026-04-01,,,,,0,,,,,0,,,,,,4,0,1,Central Zone,Alllahabad,VNS,Rural,,ASSIGN TO ENUMERATOR,0,0,0
1612142405,2026-03-28,2026-04-01,,,,,0,,,,,0,,,,,,4,0,1,Central Zone,Bareilly,MBD,Rural,,ASSIGN TO ENUMERATOR,0,0,0
1612143405,2026-03-28,2026-04-01,2026-04-09,2026-04-09,,,0,,,,,0,,,2026-04-09,,12,4,0,1,Central Zone,Alllahabad,FZD,Rural,Submitted by Enumerator,SUBMITTED BY ENUMERATOR,0,0,0
1612144405,2026-03-28,2026-04-01,,,,,0,,,,,0,,,,,,4,0,1,Central Zone,Alllahabad,FZD,Rural,,ASSIGN TO ENUMERATOR,0,0,0
1612146305,2026-03-28,2026-04-01,2026-04-07,2026-04-07,,,0,2026-04-07,2026-04-07,,,0,2026-04-08,2026-04-08,2026-04-08,,12,3,0,1,Central Zone,Bareilly,SRN,Rural,Accepted By DS SCH_0_0,Accepted By DS /AT CPG (Process) ,1,0,0
1612147305,2026-03-28,2026-04-07,2026-04-10,2026-04-10,,,0,,,,,0,,,2026-04-10,,12,3,0,1,Central Zone,Bareilly,SRN,Rural,Submitted by Enumerator,SUBMITTED BY ENUMERATOR,0,0,0
1612148305,2026-03-28,2026-04-01,2026-04-07,2026-04-07,,,0,2026-04-07,2026-04-07,,,0,2026-04-10,2026-04-10,2026-04-10,,12,3,0,1,Central Zone,Bareilly,SRN,Rural,Accepted By DS SCH_0_0,Accepted By DS /AT CPG (Process) ,1,0,0
1612149305,2026-03-28,,,,,,0,,,,,0,,,,,,3,0,1,Central Zone,Bareilly,SRN,Rural,,Not Assigned,0,0,0
1612150305,2026-03-28,,,,,,0,,,,,0,,,,,,3,0,1,Central Zone,Bareilly,SRN,Rural,,Not Assigned,0,0,0
1612151305,2026-03-28,2026-04-01,,,,,0,,,,,0,,,,,,3,0,1,Central Zone,Bareilly,MBD,Rural,,ASSIGN TO ENUMERATOR,0,0,0
1612152305,2026-03-28,2026-04-01,2026-04-07,2026-04-08,2026-04-08,2026-04-08,1,2026-04-08,2026-04-08,2026-04-08,2026-04-08,1,2026-04-08,2026-04-08,2026-04-08,1,12,3,0,1,Central Zone,Bareilly,MBD,Rural,Accepted By DS SCH_0_0,Accepted By DS /AT CPG (Process) ,0,0,0
1612153305,2026-03-28,2026-04-01,2026-04-09,2026-04-09,,,0,2026-04-10,2026-04-10,,,0,,,2026-04-10,,12,3,0,1,Central Zone,Bareilly,MBD,Rural,Accepted by Supervisor,Submitted by Supervisor To Ds ,0,1,0
1612154305,2026-03-28,2026-04-01,2026-04-05,2026-04-07,2026-04-05,2026-04-07,1,2026-04-05,2026-04-07,2026-04-06,2026-04-06,1,2026-04-08,2026-04-08,2026-04-08,4,12,3,0,1,Central Zone,Bareilly,MBD,Rural,Accepted By DS SCH_0_0,Accepted By DS /AT CPG (Process) ,0,0,0
1612155305,2026-03-28,2026-04-01,,,,,0,,,,,0,,,,,,3,0,1,Central Zone,Bareilly,MBD,Rural,,ASSIGN TO ENUMERATOR,0,0,0
1612156305,2026-03-28,2026-04-04,2026-04-05,2026-04-05,,,0,2026-04-05,2026-04-05,,,0,2026-04-07,2026-04-07,2026-04-07,,12,3,0,1,Central Zone,Bareilly,MBD,Rural,Accepted By DS SCH_0_0,Accepted By DS /AT CPG (Process) ,1,0,0
1612157305,2026-03-28,2026-04-01,,,,,0,,,,,0,,,,,,3,0,1,Central Zone,Bareilly,MBD,Rural,,ASSIGN TO ENUMERATOR,0,0,0
1612158305,2026-03-28,2026-04-01,,,,,0,,,,,0,,,,,,3,0,1,Central Zone,Bareilly,MBD,Rural,,ASSIGN TO ENUMERATOR,0,0,0
1612159305,2026-03-28,2026-04-01,,,,,0,,,,,0,,,,,,3,0,1,Central Zone,Bareilly,MBD,Rural,,ASSIGN TO ENUMERATOR,0,0,0
1612160305,2026-03-28,2026-04-01,,,,,0,,,,,0,,,,,,3,0,1,Central Zone,Agra,MRT,Rural,,ASSIGN TO ENUMERATOR,0,0,0
1612161305,2026-03-28,2026-04-01,2026-04-02,2026-04-02,,,0,2026-04-04,2026-04-04,,,0,2026-04-06,2026-04-06,2026-04-06,,12,3,0,1,Central Zone,Agra,MRT,Rural,Accepted By DS SCH_0_0,Accepted By DS /AT CPG (Process) ,1,0,0
1612162305,2026-03-28,2026-04-01,,,,,0,,,,,0,,,,,,3,0,1,Central Zone,Agra,MRT,Rural,,ASSIGN TO ENUMERATOR,0,0,0
1612163305,2026-03-28,2026-04-01,,,,,0,,,,,0,,,,,,3,0,1,Central Zone,Agra,MRT,Rural,,ASSIGN TO ENUMERATOR,0,0,0
1612164305,2026-03-28,2026-04-03,,,,,0,,,,,0,,,,,,3,0,1,Central Zone,Agra,MRT,Rural,,ASSIGN TO ENUMERATOR,0,0,0
1612165305,2026-03-28,2026-04-01,,,,,0,,,,,0,,,,,,3,0,1,Central Zone,Agra,MRT,Rural,,ASSIGN TO ENUMERATOR,0,0,0
1612166305,2026-03-28,2026-04-01,2026-04-04,2026-04-04,,,0,2026-04-04,2026-04-04,,,0,2026-04-08,2026-04-08,2026-04-08,,12,3,0,1,Central Zone,Agra,MRT,Rural,Accepted By DS SCH_0_0,Accepted By DS /AT CPG (Process) ,1,0,0
1612167305,2026-03-28,2026-04-01,,,,,0,,,,,0,,,,,,3,0,1,Central Zone,Agra,MRT,Rural,,ASSIGN TO ENUMERATOR,0,0,0
1612168305,2026-03-28,2026-04-01,,,,,0,,,,,0,,,,,,3,0,1,Central Zone,Agra,MRT,Rural,,ASSIGN TO ENUMERATOR,0,0,0
1612169305,2026-03-28,2026-04-09,,,,,0,,,,,0,,,,,,3,0,1,Central Zone,Agra,ALG,Rural,,ASSIGN TO ENUMERATOR,0,0,0
1612170305,2026-03-28,2026-04-11,,,,,0,,,,,0,,,,,,3,0,1,Central Zone,Agra,ALG,Rural,,ASSIGN TO ENUMERATOR,0,0,0
1612171305,2026-03-28,2026-04-06,2026-04-10,2026-04-10,,,0,2026-04-10,2026-04-10,2026-04-13,2026-04-13,1,,,2026-04-13,2,12,3,0,1,Central Zone,Agra,ALG,Rural,Return by DS,RETURN TO SUPERVISOR BY DS,0,0,1
1612172305,2026-03-28,2026-04-07,,,,,0,,,,,0,,,,,,3,0,1,Central Zone,Agra,ALG,Rural,,ASSIGN TO ENUMERATOR,0,0,0
1612173305,2026-03-28,2026-04-11,,,,,0,,,,,0,,,,,,3,0,1,Central Zone,Agra,ALG,Rural,,ASSIGN TO ENUMERATOR,0,0,0
1612174305,2026-03-28,2026-04-01,2026-04-08,2026-04-08,2026-04-12,2026-04-12,1,2026-04-09,2026-04-09,2026-04-09,2026-04-09,1,,,2026-04-12,1,12,3,0,1,Central Zone,Agra,AGR,Rural,Accepted by Supervisor,RETURN BACK TO ENUMERATOR,0,0,1
1612175305,2026-03-28,2026-04-01,2026-04-06,2026-04-09,2026-04-08,2026-04-08,1,2026-04-09,2026-04-09,,,0,2026-04-09,2026-04-09,2026-04-09,3,12,3,0,1,Central Zone,Agra,AGR,Rural,Accepted By DS SCH_0_0,Accepted By DS /AT CPG (Process) ,0,0,0
1612176305,2026-03-28,2026-04-01,2026-04-02,2026-04-02,,,0,2026-04-06,2026-04-06,,,0,2026-04-10,2026-04-10,2026-04-10,,12,3,0,1,Central Zone,Agra,AGR,Rural,Accepted By DS SCH_0_0,Accepted By DS /AT CPG (Process) ,1,0,0
1612177305,2026-03-28,2026-04-01,2026-04-06,2026-04-09,2026-04-08,2026-04-08,1,2026-04-09,2026-04-09,,,0,2026-04-09,2026-04-09,2026-04-09,3,12,3,0,1,Central Zone,Agra,AGR,Rural,Accepted By DS SCH_0_0,Accepted By DS /AT CPG (Process) ,0,0,0
1612178305,2026-03-28,2026-04-01,2026-04-02,2026-04-02,,,0,2026-04-06,2026-04-06,,,0,2026-04-06,2026-04-06,2026-04-06,,12,3,0,1,Central Zone,Agra,AGR,Rural,Accepted By DS SCH_0_0,Accepted By DS /AT CPG (Process) ,1,0,0
1612179305,2026-03-28,2026-04-01,,,,,0,,,,,0,,,,,,3,0,1,Central Zone,Agra,AGR,Rural,,ASSIGN TO ENUMERATOR,0,0,0
1612180305,2026-03-28,2026-04-01,,,,,0,,,,,0,,,,,,3,0,1,Central Zone,Agra,AGR,Rural,,ASSIGN TO ENUMERATOR,0,0,0
1612181305,2026-03-28,2026-04-01,,,,,0,,,,,0,,,,,,3,0,1,Central Zone,Agra,AGR,Rural,,ASSIGN TO ENUMERATOR,0,0,0
1612182305,2026-03-28,,,,,,0,,,,,0,,,,,,3,0,1,Central Zone,Agra,AGR,Rural,,Not Assigned,0,0,0
1612183305,2026-03-28,2026-04-01,2026-04-07,2026-04-11,2026-04-11,2026-04-11,1,2026-04-07,2026-04-11,2026-04-10,2026-04-10,1,2026-04-13,2026-04-13,2026-04-13,2,12,3,0,1,Central Zone,Bareilly,BRL,Rural,Accepted By DS SCH_0_0,Accepted By DS /AT CPG (Process) ,0,0,0
1612184305,2026-03-28,2026-04-01,,,,,0,,,,,0,,,,,,3,0,1,Central Zone,Bareilly,BRL,Rural,,ASSIGN TO ENUMERATOR,0,0,0
1612185305,2026-03-28,2026-04-01,2026-04-07,2026-04-10,2026-04-08,2026-04-10,1,2026-04-09,2026-04-11,2026-04-09,2026-04-10,1,2026-04-13,2026-04-13,2026-04-13,4,12,3,0,1,Central Zone,Bareilly,BRL,Rural,Accepted By DS SCH_0_0,Accepted By DS /AT CPG (Process) ,0,0,0
1612186305,2026-03-28,2026-04-01,2026-04-09,2026-04-10,2026-04-10,2026-04-10,1,2026-04-10,2026-04-10,,,0,,,2026-04-10,4,12,3,0,1,Central Zone,Bareilly,BRL,Rural,Accepted by Supervisor,Submitted by Supervisor To Ds ,0,1,0
1612187305,2026-03-28,2026-04-01,2026-04-07,2026-04-08,2026-04-08,2026-04-08,1,2026-04-08,2026-04-09,2026-04-08,2026-04-08,1,,,2026-04-09,4,12,3,0,1,Central Zone,Bareilly,BRL,Rural,Accepted by Supervisor,Submitted by Supervisor To Ds ,0,0,1
1612188305,2026-03-28,2026-04-01,,,,,0,,,,,0,,,,,,3,0,1,Central Zone,Bareilly,BRL,Rural,,ASSIGN TO ENUMERATOR,0,0,0
1612189305,2026-03-28,2026-04-01,,,,,0,,,,,0,,,,,,3,0,1,Central Zone,Bareilly,BRL,Rural,,ASSIGN TO ENUMERATOR,0,0,0
1612190305,2026-03-28,2026-04-12,,,,,0,,,,,0,,,,,,3,0,1,Central Zone,Bareilly,STP,Rural,,ASSIGN TO ENUMERATOR,0,0,0
1612191305,2026-03-28,2026-04-12,,,,,0,,,,,0,,,,,,3,0,1,Central Zone,Bareilly,STP,Rural,,ASSIGN TO ENUMERATOR,0,0,0
1612192305,2026-03-28,2026-04-05,,,,,0,,,,,0,,,,,,3,0,1,Central Zone,Bareilly,STP,Rural,,ASSIGN TO ENUMERATOR,0,0,0
1612193305,2026-03-28,2026-04-05,2026-04-07,2026-04-07,,,0,2026-04-11,2026-04-11,,,0,2026-04-12,2026-04-12,2026-04-12,,12,3,0,1,Central Zone,Bareilly,STP,Rural,Accepted By DS SCH_0_0,Accepted By DS /AT CPG (Process) ,1,0,0
1612194305,2026-03-28,2026-04-05,,,,,0,,,,,0,,,,,,3,0,1,Central Zone,Bareilly,STP,Rural,,ASSIGN TO ENUMERATOR,0,0,0
1612195305,2026-03-28,2026-04-05,2026-04-08,2026-04-08,,,0,2026-04-09,2026-04-09,,,0,,,2026-04-09,,12,3,0,1,Central Zone,Bareilly,STP,Rural,Accepted by Supervisor,Submitted by Supervisor To Ds ,0,1,0
1612196305,2026-03-28,2026-04-09,2026-04-11,2026-04-11,,,0,2026-04-11,2026-04-11,,,0,,,2026-04-11,,12,3,0,1,Central Zone,Bareilly,STP,Rural,Accepted by Supervisor,Submitted by Supervisor To Ds ,0,1,0
1612197305,2026-03-28,2026-04-12,,,,,0,,,,,0,,,,,,3,0,1,Central Zone,Bareilly,STP,Rural,,ASSIGN TO ENUMERATOR,0,0,0
1612203305,2026-03-28,2026-04-11,,,,,0,,,,,0,,,,,,3,0,1,Central Zone,Agra,ALG,Rural,,ASSIGN TO ENUMERATOR,0,0,0
1612204305,2026-03-28,2026-04-05,,,,,0,,,,,0,,,,,,3,0,1,Central Zone,Agra,ALG,Rural,,ASSIGN TO ENUMERATOR,0,0,0
1612206305,2026-03-28,2026-04-01,,,,,0,,,,,0,,,,,,3,0,1,Central Zone,Agra,AGR,Rural,,ASSIGN TO ENUMERATOR,0,0,0
1612207305,2026-03-28,2026-04-01,,,,,0,,,,,0,,,,,,3,0,1,Central Zone,Agra,AGR,Rural,,ASSIGN TO ENUMERATOR,0,0,0
1612218305,2026-03-28,2026-03-31,2026-04-03,2026-04-11,2026-04-10,2026-04-10,1,2026-04-05,2026-04-11,2026-04-10,2026-04-10,1,2026-04-13,2026-04-13,2026-04-13,2,12,3,0,1,Central Zone,Alllahabad,ALD,Rural,Accepted By DS SCH_0_0,Accepted By DS /AT CPG (Process) ,0,0,0
1612219305,2026-03-28,2026-03-31,2026-04-10,2026-04-10,,,0,2026-04-10,2026-04-10,,,0,2026-04-13,2026-04-13,2026-04-13,,12,3,0,1,Central Zone,Alllahabad,ALD,Rural,Accepted By DS SCH_0_0,Accepted By DS /AT CPG (Process) ,1,0,0
1612220305,2026-03-28,2026-03-31,,,,,0,,,,,0,,,,,,3,0,1,Central Zone,Alllahabad,ALD,Rural,,ASSIGN TO ENUMERATOR,0,0,0
1612221305,2026-03-28,2026-03-31,,,,,0,,,,,0,,,,,,3,0,1,Central Zone,Alllahabad,ALD,Rural,,ASSIGN TO ENUMERATOR,0,0,0
1612222305,2026-03-28,2026-03-31,2026-04-06,2026-04-06,,,0,2026-04-07,2026-04-07,,,0,2026-04-08,2026-04-08,2026-04-08,,12,3,0,1,Central Zone,Alllahabad,ALD,Rural,Accepted By DS SCH_0_0,Accepted By DS /AT CPG (Process) ,1,0,0
1612223305,2026-03-28,2026-03-31,2026-04-11,2026-04-11,,,0,2026-04-11,2026-04-11,,,0,,,2026-04-11,,12,3,0,1,Central Zone,Alllahabad,ALD,Rural,Accepted by Supervisor,Submitted by Supervisor To Ds ,0,1,0
1612226305,2026-03-28,2026-04-01,2026-04-07,2026-04-07,,,0,2026-04-08,2026-04-08,2026-04-08,2026-04-08,1,,,2026-04-08,1,12,3,0,1,Central Zone,Alllahabad,FZD,Rural,Return by DS,RETURN TO SUPERVISOR BY DS,0,0,1
1612227305,2026-03-28,2026-04-01,,,,,0,,,,,0,,,,,,3,0,1,Central Zone,Alllahabad,FZD,Rural,,ASSIGN TO ENUMERATOR,0,0,0
1612228305,2026-03-28,2026-04-01,2026-04-04,2026-04-04,,,0,2026-04-08,2026-04-08,2026-04-09,2026-04-09,1,,,2026-04-09,1,12,3,0,1,Central Zone,Alllahabad,FZD,Rural,Return by DS,RETURN TO SUPERVISOR BY DS,0,0,1
1612229305,2026-03-28,2026-04-06,,,,,0,,,,,0,,,,,,3,0,1,Central Zone,Alllahabad,FZD,Rural,,ASSIGN TO ENUMERATOR,0,0,0
1612230305,2026-03-28,2026-04-01,,,,,0,,,,,0,,,,,,3,0,1,Central Zone,Alllahabad,FZD,Rural,,ASSIGN TO ENUMERATOR,0,0,0
1612231305,2026-03-28,2026-04-01,2026-04-08,2026-04-08,,,0,2026-04-08,2026-04-08,,,0,2026-04-08,2026-04-08,2026-04-08,,12,3,0,1,Central Zone,Alllahabad,FZD,Rural,Accepted By DS SCH_0_0,Accepted By DS /AT CPG (Process) ,1,0,0
1612237305,2026-03-28,2026-04-01,,,,,0,,,,,0,,,,,,3,0,1,Central Zone,Alllahabad,FZD,Rural,,ASSIGN TO ENUMERATOR,0,0,0
1612238305,2026-03-28,2026-04-01,2026-04-11,2026-04-11,,,0,,,,,0,,,2026-04-11,,12,3,0,1,Central Zone,Alllahabad,FZD,Rural,Submitted by Enumerator,SUBMITTED BY ENUMERATOR,0,0,0
1612239305,2026-03-28,2026-04-01,2026-04-09,2026-04-09,,,0,,,,,0,,,2026-04-09,,12,3,0,1,Central Zone,Alllahabad,FZD,Rural,Submitted by Enumerator,SUBMITTED BY ENUMERATOR,0,0,0
1612240305,2026-03-28,2026-04-01,,,,,0,,,,,0,,,,,,3,0,1,Central Zone,Alllahabad,FZD,Rural,,ASSIGN TO ENUMERATOR,0,0,0
1612241305,2026-03-28,2026-04-01,,,,,0,,,,,0,,,,,,3,0,1,Central Zone,Alllahabad,GKP,Rural,,ASSIGN TO ENUMERATOR,0,0,0
1612242305,2026-03-28,2026-04-01,2026-04-08,2026-04-08,,,0,2026-04-09,2026-04-09,,,0,2026-04-09,2026-04-09,2026-04-09,,12,3,0,1,Central Zone,Alllahabad,GKP,Rural,Accepted By DS SCH_0_0,Accepted By DS /AT CPG (Process) ,1,0,0
1612243305,2026-03-28,2026-04-01,,,,,0,,,,,0,,,,,,3,0,1,Central Zone,Alllahabad,GKP,Rural,,ASSIGN TO ENUMERATOR,0,0,0
1612244305,2026-03-28,2026-04-01,2026-04-04,2026-04-04,,,0,2026-04-04,2026-04-04,,,0,2026-04-08,2026-04-08,2026-04-08,2,12,3,0,1,Central Zone,Alllahabad,GKP,Rural,Accepted By DS SCH_0_0,Accepted By DS /AT CPG (Process) ,1,0,0
1612245305,2026-03-28,2026-04-01,2026-04-05,2026-04-05,,,0,2026-04-05,2026-04-05,,,0,,,2026-04-05,,,3,0,1,Central Zone,Alllahabad,GKP,Rural,Accepted by Supervisor,Submitted by Supervisor To Ds ,0,1,0
1612246305,2026-03-28,2026-04-01,,,,,0,,,,,0,,,,,,3,0,1,Central Zone,Alllahabad,GKP,Rural,,ASSIGN TO ENUMERATOR,0,0,0
1612247305,2026-03-28,2026-04-01,,,,,0,,,,,0,,,,,,3,0,1,Central Zone,Alllahabad,GKP,Rural,,ASSIGN TO ENUMERATOR,0,0,0
1612248305,2026-03-28,2026-04-01,2026-04-11,2026-04-11,,,0,2026-04-11,2026-04-11,,,0,2026-04-13,2026-04-13,2026-04-13,,12,3,0,1,Central Zone,Alllahabad,GKP,Rural,Accepted By DS SCH_0_0,Accepted By DS /AT CPG (Process) ,1,0,0
1612249305,2026-03-28,2026-04-02,2026-04-08,2026-04-08,,,0,2026-04-10,2026-04-10,,,0,2026-04-10,2026-04-10,2026-04-10,,3,3,0,1,Central Zone,Alllahabad,AZM,Rural,Accepted By DS SCH_0_0,Accepted By DS /AT CPG (Process) ,1,0,0
1612250305,2026-03-28,2026-04-05,,,,,0,,,,,0,,,,,,3,0,1,Central Zone,Alllahabad,AZM,Rural,,ASSIGN TO ENUMERATOR,0,0,0
1612251305,2026-03-28,2026-04-04,2026-04-07,2026-04-07,,,0,2026-04-10,2026-04-10,,,0,,,2026-04-10,1,12,3,0,1,Central Zone,Alllahabad,AZM,Rural,Accepted by Supervisor,Submitted by Supervisor To Ds ,0,1,0
1612252305,2026-03-28,2026-04-06,,,,,0,,,,,0,,,,,,3,0,1,Central Zone,Alllahabad,AZM,Rural,,ASSIGN TO ENUMERATOR,0,0,0
1612253305,2026-03-28,2026-04-02,,,,,0,,,,,0,,,,,,3,0,1,Central Zone,Alllahabad,AZM,Rural,,ASSIGN TO ENUMERATOR,0,0,0
1612254305,2026-03-28,2026-04-02,,,,,0,,,,,0,,,,,,3,0,1,Central Zone,Alllahabad,AZM,Rural,,ASSIGN TO ENUMERATOR,0,0,0
1612255305,2026-03-28,2026-04-05,2026-04-10,2026-04-10,,,0,2026-04-10,2026-04-10,,,0,2026-04-13,2026-04-13,2026-04-13,,12,3,0,1,Central Zone,Alllahabad,AZM,Rural,Accepted By DS SCH_0_0,Accepted By DS /AT CPG (Process) ,1,0,0
1612256305,2026-03-28,2026-04-04,,,,,0,,,,,0,,,,,,3,0,1,Central Zone,Alllahabad,AZM,Rural,,ASSIGN TO ENUMERATOR,0,0,0
1612257305,2026-03-28,2026-04-05,,,,,0,,,,,0,,,,,,3,0,1,Central Zone,Alllahabad,AZM,Rural,,ASSIGN TO ENUMERATOR,0,0,0
1612258305,2026-03-28,2026-04-02,,,,,0,,,,,0,,,,,,3,0,1,Central Zone,Alllahabad,VNS,Rural,,ASSIGN TO ENUMERATOR,0,0,0
1612259305,2026-03-28,2026-04-01,,,,,0,,,,,0,,,,,,3,0,1,Central Zone,Alllahabad,VNS,Rural,,ASSIGN TO ENUMERATOR,0,0,0
1612260305,2026-03-28,2026-04-03,2026-04-06,2026-04-06,,,0,2026-04-06,2026-04-06,,,0,2026-04-10,2026-04-10,2026-04-10,,12,3,0,1,Central Zone,Alllahabad,VNS,Rural,Accepted By DS SCH_0_0,Accepted By DS /AT CPG (Process) ,1,0,0
1612261305,2026-03-28,2026-04-01,,,,,0,,,,,0,,,,,,3,0,1,Central Zone,Alllahabad,VNS,Rural,,ASSIGN TO ENUMERATOR,0,0,0
1612262305,2026-03-28,2026-04-02,2026-04-08,2026-04-08,,,0,2026-04-08,2026-04-08,,,0,2026-04-08,2026-04-08,2026-04-08,1,12,3,0,1,Central Zone,Alllahabad,VNS,Rural,Accepted By DS SCH_0_0,Accepted By DS /AT CPG (Process) ,1,0,0
1612263305,2026-03-28,2026-04-02,,,,,0,,,,,0,,,,,,3,0,1,Central Zone,Alllahabad,VNS,Rural,,ASSIGN TO ENUMERATOR,0,0,0
1612264305,2026-03-28,2026-04-01,2026-04-09,2026-04-09,,,0,2026-04-10,2026-04-10,,,0,,,2026-04-10,,12,3,0,1,Central Zone,Alllahabad,VNS,Rural,Accepted by Supervisor,Submitted by Supervisor To Ds ,0,1,0
1612265305,2026-03-28,2026-04-02,2026-04-04,2026-04-04,,,0,2026-04-06,2026-04-06,,,0,2026-04-08,2026-04-08,2026-04-08,4,12,3,0,1,Central Zone,Alllahabad,VNS,Rural,Accepted By DS SCH_0_0,Accepted By DS /AT CPG (Process) ,1,0,0
1612266305,2026-03-28,2026-04-11,,,,,0,,,,,0,,,,,,3,0,1,Central Zone,Agra,ALG,Rural,,ASSIGN TO ENUMERATOR,0,0,0
1612267305,2026-03-28,2026-04-09,,,,,0,,,,,0,,,,,,3,0,1,Central Zone,Agra,ALG,Rural,,ASSIGN TO ENUMERATOR,0,0,0
1612268305,2026-03-28,2026-04-06,,,,,0,,,,,0,,,,,,3,0,1,Central Zone,Agra,ALG,Rural,,ASSIGN TO ENUMERATOR,0,0,0
1612269305,2026-03-28,2026-04-07,2026-04-09,2026-04-09,,,0,2026-04-11,2026-04-11,,,0,2026-04-13,2026-04-13,2026-04-13,,12,3,0,1,Central Zone,Bareilly,SRN,Rural,Accepted By DS SCH_0_0,Accepted By DS /AT CPG (Process) ,1,0,0
1612270305,2026-03-28,2026-04-01,2026-04-02,2026-04-02,,,0,2026-04-04,2026-04-04,,,0,,,2026-04-04,2,12,3,0,1,Central Zone,Bareilly,SRN,Rural,Accepted by Supervisor,Submitted by Supervisor To Ds ,0,1,0
1612271305,2026-03-28,2026-04-01,2026-04-08,2026-04-08,,,0,2026-04-09,2026-04-09,,,0,,,2026-04-09,,12,3,0,1,Central Zone,Agra,MRT,Rural,Accepted by Supervisor,Submitted by Supervisor To Ds ,0,1,0
1612272305,2026-03-28,2026-04-01,2026-04-06,2026-04-09,2026-04-09,2026-04-09,1,2026-04-07,2026-04-09,2026-04-08,2026-04-08,1,,,2026-04-09,2,12,3,0,1,Central Zone,Agra,MRT,Rural,Accepted by Supervisor,Submitted by Supervisor To Ds ,0,0,1
1612273305,2026-03-28,,,,,,0,,,,,0,,,,,,3,0,1,Central Zone,Bareilly,SRN,Rural,,Not Assigned,0,0,0
1612274305,2026-03-28,2026-04-01,,,,,0,,,,,0,,,,,,3,0,1,Central Zone,Bareilly,MBD,Rural,,ASSIGN TO ENUMERATOR,0,0,0
1612275305,2026-03-28,2026-04-01,2026-04-06,2026-04-06,,,0,2026-04-09,2026-04-09,,,0,2026-04-09,2026-04-09,2026-04-09,,12,3,0,1,Central Zone,Agra,AGR,Rural,Accepted By DS SCH_0_0,Accepted By DS /AT CPG (Process) ,1,0,0
1612276305,2026-03-28,2026-04-01,,,,,0,,,,,0,,,,,,3,0,1,Central Zone,Bareilly,BRL,Rural,,ASSIGN TO ENUMERATOR,0,0,0
1612277305,2026-03-28,2026-04-01,,,,,0,,,,,0,,,,,,3,0,1,Central Zone,Bareilly,BRL,Rural,,ASSIGN TO ENUMERATOR,0,0,0
1612278305,2026-03-28,2026-04-01,2026-04-11,2026-04-12,2026-04-12,2026-04-12,1,2026-04-12,2026-04-12,,,0,,,2026-04-12,2,12,3,0,1,Central Zone,Bareilly,BRL,Rural,Accepted by Supervisor,Submitted by Supervisor To Ds ,0,1,0
1612279305,2026-03-28,2026-04-01,,,,,0,,,,,0,,,,,,3,0,1,Central Zone,Bareilly,BRL,Rural,,ASSIGN TO ENUMERATOR,0,0,0
1612280305,2026-03-28,2026-04-05,,,,,0,,,,,0,,,,,,3,0,1,Central Zone,Bareilly,STP,Rural,,ASSIGN TO ENUMERATOR,0,0,0
1612281305,2026-03-28,2026-04-05,,,,,0,,,,,0,,,,,,3,0,1,Central Zone,Bareilly,STP,Rural,,ASSIGN TO ENUMERATOR,0,0,0
1612287305,2026-03-28,2026-03-31,,,,,0,,,,,0,,,,,,3,0,1,Central Zone,Alllahabad,ALD,Rural,,ASSIGN TO ENUMERATOR,0,0,0
1612290305,2026-03-28,2026-04-01,,,,,0,,,,,0,,,,,,3,0,1,Central Zone,Alllahabad,FZD,Rural,,ASSIGN TO ENUMERATOR,0,0,0
1612291305,2026-03-28,2026-04-01,,,,,0,,,,,0,,,,,,3,0,1,Central Zone,Alllahabad,FZD,Rural,,ASSIGN TO ENUMERATOR,0,0,0
1612292305,2026-03-28,2026-04-01,2026-04-05,2026-04-05,,,0,2026-04-05,2026-04-05,,,0,2026-04-08,2026-04-08,2026-04-08,,12,3,0,1,Central Zone,Alllahabad,GKP,Rural,Accepted By DS SCH_0_0,Accepted By DS /AT CPG (Process) ,1,0,0
1612293305,2026-03-28,2026-04-01,,,,,0,,,,,0,,,,,,3,0,1,Central Zone,Alllahabad,GKP,Rural,,ASSIGN TO ENUMERATOR,0,0,0
1612294305,2026-03-28,2026-04-01,2026-04-11,2026-04-11,,,0,2026-04-11,2026-04-11,,,0,,,2026-04-11,,12,3,0,1,Central Zone,Alllahabad,GKP,Rural,Accepted by Supervisor,Submitted by Supervisor To Ds ,0,1,0
1612295305,2026-03-28,2026-04-01,,,,,0,,,,,0,,,,,,3,0,1,Central Zone,Alllahabad,GKP,Rural,,ASSIGN TO ENUMERATOR,0,0,0
1612296305,2026-03-28,2026-04-06,2026-04-08,2026-04-08,,,0,2026-04-10,2026-04-10,,,0,2026-04-13,2026-04-13,2026-04-13,,12,3,0,1,Central Zone,Alllahabad,AZM,Rural,Accepted By DS SCH_0_0,Accepted By DS /AT CPG (Process) ,1,0,0
1612297305,2026-03-28,2026-04-06,,,,,0,,,,,0,,,,,,3,0,1,Central Zone,Alllahabad,AZM,Rural,,ASSIGN TO ENUMERATOR,0,0,0
1612298305,2026-03-28,2026-04-02,,,,,0,,,,,0,,,,,,3,0,1,Central Zone,Alllahabad,AZM,Rural,,ASSIGN TO ENUMERATOR,0,0,0
1612299305,2026-03-28,2026-04-05,,,,,0,,,,,0,,,,,,3,0,1,Central Zone,Alllahabad,AZM,Rural,,ASSIGN TO ENUMERATOR,0,0,0
1612300305,2026-03-28,2026-04-01,,,,,0,,,,,0,,,,,,3,0,1,Central Zone,Alllahabad,VNS,Rural,,ASSIGN TO ENUMERATOR,0,0,0
1612301305,2026-03-28,2026-04-02,2026-04-05,2026-04-05,,,0,2026-04-06,2026-04-06,,,0,2026-04-06,2026-04-06,2026-04-06,2,12,3,0,1,Central Zone,Alllahabad,VNS,Rural,Accepted By DS SCH_0_0,Accepted By DS /AT CPG (Process) ,1,0,0
1612302305,2026-03-28,2026-04-02,,,,,0,,,,,0,,,,,,3,0,1,Central Zone,Alllahabad,VNS,Rural,,ASSIGN TO ENUMERATOR,0,0,0
1612303305,2026-03-28,2026-04-01,,,,,0,,,,,0,,,,,,3,0,1,Central Zone,Alllahabad,VNS,Rural,,ASSIGN TO ENUMERATOR,0,0,0
1612304305,2026-03-28,2026-04-01,,,,,0,,,,,0,,,,,,3,0,1,Central Zone,Alllahabad,VNS,Rural,,ASSIGN TO ENUMERATOR,0,0,0
1612305305,2026-03-28,2026-04-10,,,,,0,,,,,0,,,,,,3,0,1,Central Zone,Agra,ALG,Rural,,ASSIGN TO ENUMERATOR,0,0,0
1612306305,2026-03-28,2026-03-31,,,,,0,,,,,0,,,,,,3,0,1,Central Zone,Alllahabad,ALD,Rural,,ASSIGN TO ENUMERATOR,0,0,0
1612307305,2026-03-28,2026-04-01,2026-04-03,2026-04-08,2026-04-08,2026-04-08,1,2026-04-04,2026-04-09,2026-04-08,2026-04-08,1,,,2026-04-09,4,12,3,0,1,Central Zone,Bareilly,MBD,Rural,Accepted by Supervisor,Submitted by Supervisor To Ds ,0,0,1
1612309305,2026-03-28,2026-04-01,,,,,0,,,,,0,,,,,,3,0,1,Central Zone,Alllahabad,VNS,Rural,,ASSIGN TO ENUMERATOR,0,0,0
1612311205,2026-03-28,,,,,,0,,,,,0,,,,,,2,0,1,Central Zone,Bareilly,SRN,Rural,,Not Assigned,0,0,0
1612312205,2026-03-28,2026-04-07,2026-04-10,2026-04-10,,,0,,,,,0,,,2026-04-10,,12,2,0,1,Central Zone,Bareilly,SRN,Rural,Submitted by Enumerator,SUBMITTED BY ENUMERATOR,0,0,0
1612313205,2026-03-28,2026-04-07,2026-04-09,2026-04-09,,,0,2026-04-11,2026-04-11,,,0,,,2026-04-11,,12,2,0,1,Central Zone,Bareilly,SRN,Rural,Accepted by Supervisor,Submitted by Supervisor To Ds ,0,1,0
1612314205,2026-03-28,2026-04-07,,,,,0,,,,,0,,,,,,2,0,1,Central Zone,Bareilly,SRN,Rural,,ASSIGN TO ENUMERATOR,0,0,0
1612315205,2026-03-28,2026-04-01,2026-04-07,2026-04-07,,,0,2026-04-08,2026-04-08,,,0,2026-04-09,2026-04-09,2026-04-09,2,12,2,0,1,Central Zone,Bareilly,SRN,Rural,Accepted By DS SCH_0_0,Accepted By DS /AT CPG (Process) ,1,0,0
1612316205,2026-03-28,2026-04-01,,,,,0,,,,,0,,,,,,2,0,1,Central Zone,Bareilly,MBD,Rural,,ASSIGN TO ENUMERATOR,0,0,0
1612317205,2026-03-28,2026-04-01,2026-04-10,2026-04-10,,,0,2026-04-10,2026-04-10,,,0,2026-04-13,2026-04-13,2026-04-13,,12,2,0,1,Central Zone,Bareilly,MBD,Rural,Accepted By DS SCH_0_0,Accepted By DS /AT CPG (Process) ,1,0,0
1612318205,2026-03-28,2026-04-01,,,,,0,,,,,0,,,,,,2,0,1,Central Zone,Bareilly,MBD,Rural,,ASSIGN TO ENUMERATOR,0,0,0
1612319205,2026-03-28,2026-04-01,,,,,0,,,,,0,,,,,,2,0,1,Central Zone,Bareilly,MBD,Rural,,ASSIGN TO ENUMERATOR,0,0,0
1612320205,2026-03-28,2026-04-01,2026-04-07,2026-04-07,2026-04-07,2026-04-07,1,2026-04-07,2026-04-07,,,0,2026-04-08,2026-04-08,2026-04-08,2,12,2,0,1,Central Zone,Bareilly,MBD,Rural,Accepted By DS SCH_0_0,Accepted By DS /AT CPG (Process) ,0,0,0
1612321205,2026-03-28,2026-04-01,,,,,0,,,,,0,,,,,,2,0,1,Central Zone,Bareilly,MBD,Rural,,ASSIGN TO ENUMERATOR,0,0,0
1612322205,2026-03-28,2026-04-01,2026-04-07,2026-04-08,2026-04-07,2026-04-08,1,2026-04-08,2026-04-08,,,0,2026-04-08,2026-04-08,2026-04-08,2,12,2,0,1,Central Zone,Bareilly,MBD,Rural,Accepted By DS SCH_0_0,Accepted By DS /AT CPG (Process) ,0,0,0
1612323205,2026-03-28,2026-04-01,2026-04-10,2026-04-10,2026-04-10,2026-04-10,1,2026-04-10,2026-04-11,2026-04-10,2026-04-10,1,2026-04-13,2026-04-13,2026-04-13,4,12,2,0,1,Central Zone,Bareilly,MBD,Rural,Accepted By DS SCH_0_0,Accepted By DS /AT CPG (Process) ,0,0,0
1612324205,2026-03-28,2026-04-01,,,,,0,,,,,0,,,,,,2,0,1,Central Zone,Bareilly,MBD,Rural,,ASSIGN TO ENUMERATOR,0,0,0
1612325205,2026-03-28,2026-04-01,,,,,0,,,,,0,,,,,,2,0,1,Central Zone,Agra,MRT,Rural,,ASSIGN TO ENUMERATOR,0,0,0
1612326205,2026-03-28,2026-04-01,,,,,0,,,,,0,,,,,,2,0,1,Central Zone,Agra,MRT,Rural,,ASSIGN TO ENUMERATOR,0,0,0
1612327205,2026-03-28,2026-04-01,,,,,0,,,,,0,,,,,,2,0,1,Central Zone,Agra,MRT,Rural,,ASSIGN TO ENUMERATOR,0,0,0
1612328205,2026-03-28,2026-04-01,,,,,0,,,,,0,,,,,,2,0,1,Central Zone,Agra,MRT,Rural,,ASSIGN TO ENUMERATOR,0,0,0
1612329205,2026-03-28,2026-04-01,,,,,0,,,,,0,,,,,,2,0,1,Central Zone,Agra,MRT,Rural,,ASSIGN TO ENUMERATOR,0,0,0
1612330205,2026-03-28,2026-04-01,,,,,0,,,,,0,,,,,,2,0,1,Central Zone,Agra,MRT,Rural,,ASSIGN TO ENUMERATOR,0,0,0
1612331205,2026-03-28,2026-04-01,,,,,0,,,,,0,,,,,,2,0,1,Central Zone,Agra,MRT,Rural,,ASSIGN TO ENUMERATOR,0,0,0
1612332205,2026-03-28,2026-04-01,,,,,0,,,,,0,,,,,,2,0,1,Central Zone,Agra,MRT,Rural,,ASSIGN TO ENUMERATOR,0,0,0
1612333205,2026-03-28,2026-04-01,,,,,0,,,,,0,,,,,,2,0,1,Central Zone,Agra,MRT,Rural,,ASSIGN TO ENUMERATOR,0,0,0
1612334205,2026-03-28,2026-04-07,,,,,0,,,,,0,,,,,,2,0,1,Central Zone,Agra,ALG,Rural,,ASSIGN TO ENUMERATOR,0,0,0
1612335205,2026-03-28,2026-04-11,,,,,0,,,,,0,,,,,,2,0,1,Central Zone,Agra,ALG,Rural,,ASSIGN TO ENUMERATOR,0,0,0
1612336205,2026-03-28,2026-04-06,,,,,0,,,,,0,,,,,,2,0,1,Central Zone,Agra,ALG,Rural,,ASSIGN TO ENUMERATOR,0,0,0
1612337205,2026-03-28,2026-04-07,,,,,0,,,,,0,,,,,,2,0,1,Central Zone,Agra,ALG,Rural,,ASSIGN TO ENUMERATOR,0,0,0
1612338205,2026-03-28,2026-04-06,,,,,0,,,,,0,,,,,,2,0,1,Central Zone,Agra,ALG,Rural,,ASSIGN TO ENUMERATOR,0,0,0
1612339205,2026-03-28,2026-04-01,,,,,0,,,,,0,,,,,,2,0,1,Central Zone,Agra,AGR,Rural,,ASSIGN TO ENUMERATOR,0,0,0
1612340205,2026-03-28,2026-04-01,,,,,0,,,,,0,,,,,,2,0,1,Central Zone,Agra,AGR,Rural,,ASSIGN TO ENUMERATOR,0,0,0
1612341205,2026-03-28,2026-04-07,,,,,0,,,,,0,,,,,,2,0,1,Central Zone,Agra,AGR,Rural,,ASSIGN TO ENUMERATOR,0,0,0
1612342205,2026-03-28,2026-04-01,2026-04-10,2026-04-10,2026-04-13,2026-04-13,1,,,,,0,,,2026-04-13,1,12,2,0,1,Central Zone,Agra,AGR,Rural,Accepted by Supervisor,RETURN BACK TO ENUMERATOR,0,0,0
1612343205,2026-03-28,2026-04-01,2026-04-09,2026-04-09,,,0,2026-04-12,2026-04-12,,,0,,,2026-04-12,,12,2,0,1,Central Zone,Agra,AGR,Rural,Accepted by Supervisor,Submitted by Supervisor To Ds ,0,1,0
1612344205,2026-03-28,2026-04-01,2026-04-07,2026-04-07,,,0,2026-04-09,2026-04-09,,,0,2026-04-10,2026-04-10,2026-04-10,,12,2,0,1,Central Zone,Agra,AGR,Rural,Accepted By DS SCH_0_0,Accepted By DS /AT CPG (Process) ,1,0,0
1612345205,2026-03-28,2026-04-01,,,,,0,,,,,0,,,,,,2,0,1,Central Zone,Agra,AGR,Rural,,ASSIGN TO ENUMERATOR,0,0,0
1612346205,2026-03-28,2026-04-01,,,,,0,,,,,0,,,,,,2,0,1,Central Zone,Agra,AGR,Rural,,ASSIGN TO ENUMERATOR,0,0,0
1612347205,2026-03-28,2026-04-01,,,,,0,,,,,0,,,,,,2,0,1,Central Zone,Agra,AGR,Rural,,ASSIGN TO ENUMERATOR,0,0,0
1612348205,2026-03-28,2026-04-01,,,,,0,,,,,0,,,,,,2,0,1,Central Zone,Bareilly,BRL,Rural,,ASSIGN TO ENUMERATOR,0,0,0
1612349205,2026-03-28,2026-04-01,,,,,0,,,,,0,,,,,,2,0,1,Central Zone,Bareilly,BRL,Rural,,ASSIGN TO ENUMERATOR,0,0,0
1612350205,2026-03-28,2026-04-01,2026-04-07,2026-04-09,2026-04-09,2026-04-09,1,2026-04-07,2026-04-07,2026-04-08,2026-04-08,1,,,2026-04-09,2,12,2,0,1,Central Zone,Bareilly,BRL,Rural,Accepted by Supervisor,SUBMITTED BY ENUMERATOR,0,0,1
1612351205,2026-03-28,2026-04-01,2026-04-10,2026-04-11,2026-04-11,2026-04-11,1,2026-04-11,2026-04-11,,,0,2026-04-13,2026-04-13,2026-04-13,9,12,2,0,1,Central Zone,Bareilly,BRL,Rural,Accepted By DS SCH_0_0,Accepted By DS /AT CPG (Process) ,0,0,0
1612352205,2026-03-28,2026-04-01,,,,,0,,,,,0,,,,,,2,0,1,Central Zone,Bareilly,BRL,Rural,,ASSIGN TO ENUMERATOR,0,0,0
1612353205,2026-03-28,2026-04-01,2026-04-07,2026-04-08,2026-04-08,2026-04-08,1,2026-04-08,2026-04-08,,,0,2026-04-09,2026-04-09,2026-04-09,2,12,2,0,1,Central Zone,Bareilly,BRL,Rural,Accepted By DS SCH_0_0,Accepted By DS /AT CPG (Process) ,0,0,0
1612354205,2026-03-28,2026-04-01,,,,,0,,,,,0,,,,,,2,0,1,Central Zone,Bareilly,BRL,Rural,,ASSIGN TO ENUMERATOR,0,0,0
1612355205,2026-03-28,2026-04-12,,,,,0,,,,,0,,,,,,2,0,1,Central Zone,Bareilly,STP,Rural,,ASSIGN TO ENUMERATOR,0,0,0
1612356205,2026-03-28,2026-04-12,,,,,0,,,,,0,,,,,,2,0,1,Central Zone,Bareilly,STP,Rural,,ASSIGN TO ENUMERATOR,0,0,0
1612357205,2026-03-28,2026-04-05,2026-04-09,2026-04-09,,,0,,,,,0,,,2026-04-09,2,12,2,0,1,Central Zone,Bareilly,STP,Rural,Submitted by Enumerator,SUBMITTED BY ENUMERATOR,0,0,0
1612358205,2026-03-28,2026-04-05,,,,,0,,,,,0,,,,,,2,0,1,Central Zone,Bareilly,STP,Rural,,ASSIGN TO ENUMERATOR,0,0,0
1612359205,2026-03-28,2026-04-05,,,,,0,,,,,0,,,,,,2,0,1,Central Zone,Bareilly,STP,Rural,,ASSIGN TO ENUMERATOR,0,0,0
1612360205,2026-03-28,,,,,,0,,,,,0,,,,,,2,0,1,Central Zone,Bareilly,STP,Rural,,Not Assigned,0,0,0
1612361205,2026-03-28,2026-04-12,,,,,0,,,,,0,,,,,,2,0,1,Central Zone,Bareilly,STP,Rural,,ASSIGN TO ENUMERATOR,0,0,0
1612362205,2026-03-28,2026-04-05,2026-04-09,2026-04-09,,,0,2026-04-11,2026-04-11,,,0,,,2026-04-11,,12,2,0,1,Central Zone,Bareilly,STP,Rural,Accepted by Supervisor,Submitted by Supervisor To Ds ,0,1,0
1612368205,2026-03-28,2026-04-09,,,,,0,,,,,0,,,,,,2,0,1,Central Zone,Agra,ALG,Rural,,ASSIGN TO ENUMERATOR,0,0,0
1612369205,2026-03-28,2026-04-05,,,,,0,,,,,0,,,,,,2,0,1,Central Zone,Agra,ALG,Rural,,ASSIGN TO ENUMERATOR,0,0,0
1612371205,2026-03-28,2026-04-01,2026-04-11,2026-04-11,2026-04-13,2026-04-13,1,,,,,0,,,2026-04-13,1,12,2,0,1,Central Zone,Agra,AGR,Rural,Accepted by Supervisor,RETURN BACK TO ENUMERATOR,0,0,0
1612372205,2026-03-28,2026-04-01,2026-04-09,2026-04-09,,,0,2026-04-10,2026-04-10,,,0,2026-04-10,2026-04-10,2026-04-10,,12,2,0,1,Central Zone,Agra,AGR,Rural,Accepted By DS SCH_0_0,Accepted By DS /AT CPG (Process) ,1,0,0
1612383205,2026-03-28,2026-03-31,,,,,0,,,,,0,,,,,,2,0,1,Central Zone,Alllahabad,ALD,Rural,,ASSIGN TO ENUMERATOR,0,0,0
1612384205,2026-03-28,2026-03-31,,,,,0,,,,,0,,,,,,2,0,1,Central Zone,Alllahabad,ALD,Rural,,ASSIGN TO ENUMERATOR,0,0,0
1612385205,2026-03-28,2026-03-31,,,,,0,,,,,0,,,,,,2,0,1,Central Zone,Alllahabad,ALD,Rural,,ASSIGN TO ENUMERATOR,0,0,0
1612386205,2026-03-28,2026-03-31,2026-04-08,2026-04-08,,,0,2026-04-09,2026-04-09,2026-04-10,2026-04-10,1,,,2026-04-10,1,12,2,0,1,Central Zone,Alllahabad,ALD,Rural,Return by DS,RETURN TO SUPERVISOR BY DS,0,0,1
1612387205,2026-03-28,2026-03-31,,,,,0,,,,,0,,,,,,2,0,1,Central Zone,Alllahabad,ALD,Rural,,ASSIGN TO ENUMERATOR,0,0,0
1612388205,2026-03-28,2026-03-31,,,,,0,,,,,0,,,,,,2,0,1,Central Zone,Alllahabad,ALD,Rural,,ASSIGN TO ENUMERATOR,0,0,0
1612391205,2026-03-28,2026-04-01,2026-04-07,2026-04-07,,,0,2026-04-08,2026-04-08,,,0,,,2026-04-08,,12,2,0,1,Central Zone,Alllahabad,FZD,Rural,Accepted by Supervisor,Submitted by Supervisor To Ds ,0,1,0
1612392205,2026-03-28,2026-04-01,2026-04-11,2026-04-11,,,0,,,,,0,,,2026-04-11,,12,2,0,1,Central Zone,Alllahabad,FZD,Rural,Submitted by Enumerator,SUBMITTED BY ENUMERATOR,0,0,0
1612393205,2026-03-28,2026-04-01,2026-04-12,2026-04-12,,,0,,,,,0,,,2026-04-12,,12,2,0,1,Central Zone,Alllahabad,FZD,Rural,Submitted by Enumerator,SUBMITTED BY ENUMERATOR,0,0,0
1612394205,2026-03-28,2026-04-01,,,,,0,,,,,0,,,,,,2,0,1,Central Zone,Alllahabad,FZD,Rural,,ASSIGN TO ENUMERATOR,0,0,0
1612395205,2026-03-28,2026-04-01,,,,,0,,,,,0,,,,,,2,0,1,Central Zone,Alllahabad,FZD,Rural,,ASSIGN TO ENUMERATOR,0,0,0
1612396205,2026-03-28,2026-04-01,,,,,0,,,,,0,,,,,,2,0,1,Central Zone,Alllahabad,FZD,Rural,,ASSIGN TO ENUMERATOR,0,0,0
1612402205,2026-03-28,2026-04-01,,,,,0,,,,,0,,,,,,2,0,1,Central Zone,Alllahabad,FZD,Rural,,ASSIGN TO ENUMERATOR,0,0,0
1612403205,2026-03-28,2026-04-01,,,,,0,,,,,0,,,,,,2,0,1,Central Zone,Alllahabad,FZD,Rural,,ASSIGN TO ENUMERATOR,0,0,0
1612404205,2026-03-28,2026-04-01,,,,,0,,,,,0,,,,,,2,0,1,Central Zone,Alllahabad,FZD,Rural,,ASSIGN TO ENUMERATOR,0,0,0
1612405205,2026-03-28,2026-04-01,,,,,0,,,,,0,,,,,,2,0,1,Central Zone,Alllahabad,FZD,Rural,,ASSIGN TO ENUMERATOR,0,0,0
1612406205,2026-03-28,2026-04-01,2026-04-10,2026-04-10,,,0,2026-04-10,2026-04-10,,,0,,,2026-04-10,,12,2,0,1,Central Zone,Alllahabad,GKP,Rural,Accepted by Supervisor,Submitted by Supervisor To Ds ,0,1,0
1612407205,2026-03-28,2026-04-01,,,,,0,,,,,0,,,,,,2,0,1,Central Zone,Alllahabad,GKP,Rural,,ASSIGN TO ENUMERATOR,0,0,0
1612408205,2026-03-28,2026-04-01,,,,,0,,,,,0,,,,,,2,0,1,Central Zone,Alllahabad,GKP,Rural,,ASSIGN TO ENUMERATOR,0,0,0
1612409205,2026-03-28,2026-04-01,,,,,0,,,,,0,,,,,,2,0,1,Central Zone,Alllahabad,GKP,Rural,,ASSIGN TO ENUMERATOR,0,0,0
1612410205,2026-03-28,2026-04-01,,,,,0,,,,,0,,,,,,2,0,1,Central Zone,Alllahabad,GKP,Rural,,ASSIGN TO ENUMERATOR,0,0,0
1612411205,2026-03-28,2026-04-01,,,,,0,,,,,0,,,,,,2,0,1,Central Zone,Alllahabad,GKP,Rural,,ASSIGN TO ENUMERATOR,0,0,0
1612412205,2026-03-28,2026-04-01,,,,,0,,,,,0,,,,,,2,0,1,Central Zone,Alllahabad,GKP,Rural,,ASSIGN TO ENUMERATOR,0,0,0
1612413205,2026-03-28,2026-04-01,2026-04-09,2026-04-09,,,0,2026-04-09,2026-04-09,,,0,2026-04-09,2026-04-09,2026-04-09,2,12,2,0,1,Central Zone,Alllahabad,GKP,Rural,Accepted By DS SCH_0_0,Accepted By DS /AT CPG (Process) ,1,0,0
1612414205,2026-03-28,2026-04-02,,,,,0,,,,,0,,,,,,2,0,1,Central Zone,Alllahabad,AZM,Rural,,ASSIGN TO ENUMERATOR,0,0,0
1612415205,2026-03-28,2026-04-02,,,,,0,,,,,0,,,,,,2,0,1,Central Zone,Alllahabad,AZM,Rural,,ASSIGN TO ENUMERATOR,0,0,0
1612416205,2026-03-28,2026-04-05,,,,,0,,,,,0,,,,,,2,0,1,Central Zone,Alllahabad,AZM,Rural,,ASSIGN TO ENUMERATOR,0,0,0
1612417205,2026-03-28,2026-04-05,,,,,0,,,,,0,,,,,,2,0,1,Central Zone,Alllahabad,AZM,Rural,,ASSIGN TO ENUMERATOR,0,0,0
1612418205,2026-03-28,2026-04-06,,,,,0,,,,,0,,,,,,2,0,1,Central Zone,Alllahabad,AZM,Rural,,ASSIGN TO ENUMERATOR,0,0,0
1612419205,2026-03-28,2026-04-02,,,,,0,,,,,0,,,,,,2,0,1,Central Zone,Alllahabad,AZM,Rural,,ASSIGN TO ENUMERATOR,0,0,0
1612420205,2026-03-28,2026-04-02,,,,,0,,,,,0,,,,,,2,0,1,Central Zone,Alllahabad,AZM,Rural,,ASSIGN TO ENUMERATOR,0,0,0
1612421205,2026-03-28,2026-04-05,,,,,0,,,,,0,,,,,,2,0,1,Central Zone,Alllahabad,AZM,Rural,,ASSIGN TO ENUMERATOR,0,0,0
1612422205,2026-03-28,2026-04-05,,,,,0,,,,,0,,,,,,2,0,1,Central Zone,Alllahabad,AZM,Rural,,ASSIGN TO ENUMERATOR,0,0,0
1612423205,2026-03-28,2026-04-01,,,,,0,,,,,0,,,,,,2,0,1,Central Zone,Alllahabad,VNS,Rural,,ASSIGN TO ENUMERATOR,0,0,0
1612424205,2026-03-28,2026-04-02,,,,,0,,,,,0,,,,,,2,0,1,Central Zone,Alllahabad,VNS,Rural,,ASSIGN TO ENUMERATOR,0,0,0
1612425205,2026-03-28,2026-04-02,2026-04-12,2026-04-12,,,0,,,,,0,,,2026-04-12,,12,2,0,1,Central Zone,Alllahabad,VNS,Rural,Submitted by Enumerator,SUBMITTED BY ENUMERATOR,0,0,0
1612426205,2026-03-28,2026-04-01,,,,,0,,,,,0,,,,,,2,0,1,Central Zone,Alllahabad,VNS,Rural,,ASSIGN TO ENUMERATOR,0,0,0
1612427205,2026-03-28,2026-04-01,2026-04-12,2026-04-12,,,0,,,,,0,,,2026-04-12,,12,2,0,1,Central Zone,Alllahabad,VNS,Rural,Submitted by Enumerator,SUBMITTED BY ENUMERATOR,0,0,0
1612428205,2026-03-28,2026-04-02,,,,,0,,,,,0,,,,,,2,0,1,Central Zone,Alllahabad,VNS,Rural,,ASSIGN TO ENUMERATOR,0,0,0
1612429205,2026-03-28,2026-04-01,,,,,0,,,,,0,,,,,,2,0,1,Central Zone,Alllahabad,VNS,Rural,,ASSIGN TO ENUMERATOR,0,0,0
1612430205,2026-03-28,2026-04-02,2026-04-12,2026-04-12,,,0,,,,,0,,,2026-04-12,,12,2,0,1,Central Zone,Alllahabad,VNS,Rural,Submitted by Enumerator,SUBMITTED BY ENUMERATOR,0,0,0
1612431205,2026-03-28,2026-04-06,,,,,0,,,,,0,,,,,,2,0,1,Central Zone,Agra,ALG,Rural,,ASSIGN TO ENUMERATOR,0,0,0
1612432205,2026-03-28,2026-04-06,,,,,0,,,,,0,,,,,,2,0,1,Central Zone,Agra,ALG,Rural,,ASSIGN TO ENUMERATOR,0,0,0
1612433205,2026-03-28,2026-04-06,,,,,0,,,,,0,,,,,,2,0,1,Central Zone,Agra,ALG,Rural,,ASSIGN TO ENUMERATOR,0,0,0
1612434205,2026-03-28,,,,,,0,,,,,0,,,,,,2,0,1,Central Zone,Bareilly,SRN,Rural,,Not Assigned,0,0,0
1612435205,2026-03-28,2026-04-01,2026-04-03,2026-04-03,2026-04-13,2026-04-13,1,2026-04-04,2026-04-04,2026-04-10,2026-04-10,1,,,2026-04-13,1,12,2,0,1,Central Zone,Bareilly,SRN,Rural,Returned by Supervisor,RETURN BACK TO ENUMERATOR,0,0,1
1612436205,2026-03-28,2026-04-01,,,,,0,,,,,0,,,,,,2,0,1,Central Zone,Agra,MRT,Rural,,ASSIGN TO ENUMERATOR,0,0,0
1612437205,2026-03-28,2026-04-01,,,,,0,,,,,0,,,,,,2,0,1,Central Zone,Agra,MRT,Rural,,ASSIGN TO ENUMERATOR,0,0,0
1612438205,2026-03-28,,,,,,0,,,,,0,,,,,,2,0,1,Central Zone,Bareilly,SRN,Rural,,Not Assigned,0,0,0
1612439205,2026-03-28,2026-04-01,,,,,0,,,,,0,,,,,,2,0,1,Central Zone,Bareilly,MBD,Rural,,ASSIGN TO ENUMERATOR,0,0,0
1612440205,2026-03-28,2026-04-01,2026-04-08,2026-04-09,2026-04-09,2026-04-09,1,2026-04-09,2026-04-09,,,0,,,2026-04-09,2,12,2,0,1,Central Zone,Agra,AGR,Rural,Accepted by Supervisor,Submitted by Supervisor To Ds ,0,1,0
1612441205,2026-03-28,2026-04-01,2026-04-10,2026-04-10,,,0,,,,,0,,,2026-04-10,,12,2,0,1,Central Zone,Bareilly,BRL,Rural,Submitted by Enumerator,SUBMITTED BY ENUMERATOR,0,0,0
1612442205,2026-03-28,2026-04-01,,,,,0,,,,,0,,,,,,2,0,1,Central Zone,Bareilly,BRL,Rural,,ASSIGN TO ENUMERATOR,0,0,0
1612443205,2026-03-28,2026-04-01,2026-04-07,2026-04-08,2026-04-08,2026-04-08,1,2026-04-09,2026-04-09,,,0,2026-04-09,2026-04-09,2026-04-09,2,12,2,0,1,Central Zone,Bareilly,BRL,Rural,Accepted By DS SCH_0_0,Accepted By DS /AT CPG (Process) ,0,0,0
1612444205,2026-03-28,2026-04-01,,,,,0,,,,,0,,,,,,2,0,1,Central Zone,Bareilly,BRL,Rural,,ASSIGN TO ENUMERATOR,0,0,0
1612445205,2026-03-28,2026-04-12,,,,,0,,,,,0,,,,,,2,0,1,Central Zone,Bareilly,STP,Rural,,ASSIGN TO ENUMERATOR,0,0,0
1612446205,2026-03-28,2026-04-05,,,,,0,,,,,0,,,,,,2,0,1,Central Zone,Bareilly,STP,Rural,,ASSIGN TO ENUMERATOR,0,0,0
1612452205,2026-03-28,2026-03-31,,,,,0,,,,,0,,,,,,2,0,1,Central Zone,Alllahabad,ALD,Rural,,ASSIGN TO ENUMERATOR,0,0,0
1612455205,2026-03-28,2026-04-01,,,,,0,,,,,0,,,,,,2,0,1,Central Zone,Alllahabad,FZD,Rural,,ASSIGN TO ENUMERATOR,0,0,0
1612456205,2026-03-28,2026-04-01,,,,,0,,,,,0,,,,,,2,0,1,Central Zone,Alllahabad,FZD,Rural,,ASSIGN TO ENUMERATOR,0,0,0
1612457205,2026-03-28,2026-04-01,2026-04-06,2026-04-06,,,0,2026-04-07,2026-04-07,,,0,2026-04-07,2026-04-07,2026-04-07,1,12,2,0,1,Central Zone,Alllahabad,GKP,Rural,Accepted By DS SCH_0_0,Accepted By DS /AT CPG (Process) ,1,0,0
1612458205,2026-03-28,2026-04-01,,,,,0,,,,,0,,,,,,2,0,1,Central Zone,Alllahabad,GKP,Rural,,ASSIGN TO ENUMERATOR,0,0,0
1612459205,2026-03-28,2026-04-01,,,,,0,,,,,0,,,,,,2,0,1,Central Zone,Alllahabad,GKP,Rural,,ASSIGN TO ENUMERATOR,0,0,0
1612460205,2026-03-28,2026-04-01,,,,,0,,,,,0,,,,,,2,0,1,Central Zone,Alllahabad,GKP,Rural,,ASSIGN TO ENUMERATOR,0,0,0
1612461205,2026-03-28,2026-04-02,2026-04-12,2026-04-12,,,0,2026-04-13,2026-04-13,,,0,,,2026-04-13,,12,2,0,1,Central Zone,Alllahabad,AZM,Rural,Accepted by Supervisor,Submitted by Supervisor To Ds ,0,1,0
1612462205,2026-03-28,2026-04-06,,,,,0,,,,,0,,,,,,2,0,1,Central Zone,Alllahabad,AZM,Rural,,ASSIGN TO ENUMERATOR,0,0,0
1612463205,2026-03-28,2026-04-02,,,,,0,,,,,0,,,,,,2,0,1,Central Zone,Alllahabad,AZM,Rural,,ASSIGN TO ENUMERATOR,0,0,0
1612464205,2026-03-28,2026-04-05,,,,,0,,,,,0,,,,,,2,0,1,Central Zone,Alllahabad,AZM,Rural,,ASSIGN TO ENUMERATOR,0,0,0
1612465205,2026-03-28,2026-04-01,,,,,0,,,,,0,,,,,,2,0,1,Central Zone,Alllahabad,VNS,Rural,,ASSIGN TO ENUMERATOR,0,0,0
1612466205,2026-03-28,2026-04-01,,,,,0,,,,,0,,,,,,2,0,1,Central Zone,Alllahabad,VNS,Rural,,ASSIGN TO ENUMERATOR,0,0,0
1612467205,2026-03-28,2026-04-01,,,,,0,,,,,0,,,,,,2,0,1,Central Zone,Alllahabad,VNS,Rural,,ASSIGN TO ENUMERATOR,0,0,0
1612468205,2026-03-28,2026-04-01,,,,,0,,,,,0,,,,,,2,0,1,Central Zone,Alllahabad,VNS,Rural,,ASSIGN TO ENUMERATOR,0,0,0
1612469205,2026-03-28,2026-04-01,,,,,0,,,,,0,,,,,,2,0,1,Central Zone,Alllahabad,VNS,Rural,,ASSIGN TO ENUMERATOR,0,0,0
1612470205,2026-03-28,2026-04-10,,,,,0,,,,,0,,,,,,2,0,1,Central Zone,Agra,ALG,Rural,,ASSIGN TO ENUMERATOR,0,0,0
1612471205,2026-03-28,2026-04-01,2026-04-12,2026-04-12,,,0,,,,,0,,,2026-04-12,,12,2,0,1,Central Zone,Alllahabad,VNS,Rural,Submitted by Enumerator,SUBMITTED BY ENUMERATOR,0,0,0
1612474205,2026-03-28,2026-04-01,,,,,0,,,,,0,,,,,,2,0,1,Central Zone,Alllahabad,GKP,Rural,,ASSIGN TO ENUMERATOR,0,0,0
1612476105,2026-03-28,,,,,,0,,,,,0,,,,,,1,1,0,Central Zone,Bareilly,SRN,Rural,,Not Assigned,0,0,0
1612477105,2026-03-28,,,,,,0,,,,,0,,,,,,1,1,0,Central Zone,Bareilly,SRN,Rural,,Not Assigned,0,0,0
1612478105,2026-03-28,2026-04-07,2026-04-11,2026-04-11,,,0,2026-04-11,2026-04-11,,,0,2026-04-13,2026-04-13,2026-04-13,3,12,1,1,0,Central Zone,Bareilly,SRN,Rural,Accepted By DS SCH_0_0,Accepted By DS /AT CPG (Process) ,1,0,0
1612479105,2026-03-28,2026-04-07,,,,,0,,,,,0,,,,,,1,1,0,Central Zone,Bareilly,SRN,Rural,,ASSIGN TO ENUMERATOR,0,0,0
1612480105,2026-03-28,2026-04-07,,,,,0,,,,,0,,,,,,1,1,0,Central Zone,Bareilly,SRN,Rural,,ASSIGN TO ENUMERATOR,0,0,0
1612481105,2026-03-28,2026-04-01,,,,,0,,,,,0,,,,,,1,1,0,Central Zone,Bareilly,MBD,Rural,,ASSIGN TO ENUMERATOR,0,0,0
1612482105,2026-03-28,2026-04-01,,,,,0,,,,,0,,,,,,1,1,0,Central Zone,Bareilly,MBD,Rural,,ASSIGN TO ENUMERATOR,0,0,0
1612483105,2026-03-28,2026-04-01,,,,,0,,,,,0,,,,,,1,1,0,Central Zone,Bareilly,MBD,Rural,,ASSIGN TO ENUMERATOR,0,0,0
1612484105,2026-03-28,2026-04-01,,,,,0,,,,,0,,,,,,1,1,0,Central Zone,Bareilly,MBD,Rural,,ASSIGN TO ENUMERATOR,0,0,0
1612485105,2026-03-28,2026-04-01,,,,,0,,,,,0,,,,,,1,1,0,Central Zone,Bareilly,MBD,Rural,,ASSIGN TO ENUMERATOR,0,0,0
1612486105,2026-03-28,2026-04-01,,,,,0,,,,,0,,,,,,1,1,0,Central Zone,Bareilly,MBD,Rural,,ASSIGN TO ENUMERATOR,0,0,0
1612487105,2026-03-28,2026-04-01,2026-04-08,2026-04-08,2026-04-08,2026-04-08,1,2026-04-08,2026-04-08,,,0,2026-04-09,2026-04-09,2026-04-09,2,12,1,1,0,Central Zone,Bareilly,MBD,Rural,Accepted By DS SCH_0_0,Accepted By DS /AT CPG (Process) ,0,0,0
1612488105,2026-03-28,2026-04-01,,,,,0,,,,,0,,,,,,1,1,0,Central Zone,Bareilly,MBD,Rural,,ASSIGN TO ENUMERATOR,0,0,0
1612489105,2026-03-28,2026-04-01,2026-04-07,2026-04-10,2026-04-07,2026-04-10,1,2026-04-08,2026-04-10,2026-04-08,2026-04-08,1,,,2026-04-10,8,12,1,1,0,Central Zone,Bareilly,MBD,Rural,Accepted by Supervisor,Submitted by Supervisor To Ds ,0,0,1
1612490105,2026-03-28,2026-04-01,2026-04-07,2026-04-07,,,0,2026-04-07,2026-04-07,,,0,,,2026-04-07,,12,1,1,0,Central Zone,Agra,MRT,Rural,Accepted by Supervisor,Submitted by Supervisor To Ds ,0,1,0
1612491105,2026-03-28,2026-04-01,2026-04-07,2026-04-11,2026-04-08,2026-04-10,1,2026-04-10,2026-04-10,2026-04-10,2026-04-10,1,,,2026-04-11,20,12,1,1,0,Central Zone,Agra,MRT,Rural,Accepted by Supervisor,SUBMITTED BY ENUMERATOR,0,0,1
1612492105,2026-03-28,2026-04-01,2026-04-11,2026-04-11,,,0,,,,,0,,,2026-04-11,3,12,1,1,0,Central Zone,Agra,MRT,Rural,Submitted by Enumerator,SUBMITTED BY ENUMERATOR,0,0,0
1612493105,2026-03-28,2026-04-01,2026-04-12,2026-04-12,,,0,,,,,0,,,2026-04-12,1,12,1,1,0,Central Zone,Agra,MRT,Rural,Submitted by Enumerator,SUBMITTED BY ENUMERATOR,0,0,0
1612494105,2026-03-28,2026-04-01,2026-04-12,2026-04-13,2026-04-12,2026-04-12,1,,,,,0,,,2026-04-13,1,12,1,1,0,Central Zone,Agra,MRT,Rural,Submitted by Enumerator,SUBMITTED BY ENUMERATOR,0,0,0
1612495105,2026-03-28,2026-04-01,2026-04-12,2026-04-12,,,0,,,,,0,,,2026-04-12,3,12,1,1,0,Central Zone,Agra,MRT,Rural,Submitted by Enumerator,SUBMITTED BY ENUMERATOR,0,0,0
1612496105,2026-03-28,2026-04-01,,,,,0,,,,,0,,,,,,1,1,0,Central Zone,Agra,MRT,Rural,,ASSIGN TO ENUMERATOR,0,0,0
1612497105,2026-03-28,2026-04-01,2026-04-10,2026-04-10,,,0,2026-04-11,2026-04-11,,,0,,,2026-04-11,,12,1,1,0,Central Zone,Agra,MRT,Rural,Accepted by Supervisor,Submitted by Supervisor To Ds ,0,1,0
1612498105,2026-03-28,2026-04-01,,,,,0,,,,,0,,,,,,1,1,0,Central Zone,Agra,MRT,Rural,,ASSIGN TO ENUMERATOR,0,0,0
1612499105,2026-03-28,2026-04-06,,,,,0,,,,,0,,,,,,1,1,0,Central Zone,Agra,ALG,Rural,,ASSIGN TO ENUMERATOR,0,0,0
1612500105,2026-03-28,2026-04-06,2026-04-11,2026-04-12,2026-04-12,2026-04-12,1,,,,,0,,,2026-04-12,5,12,1,1,0,Central Zone,Agra,ALG,Rural,Submitted by Enumerator,SUBMITTED BY ENUMERATOR,0,0,0
1612501105,2026-03-28,2026-04-05,,,,,0,,,,,0,,,,,,1,1,0,Central Zone,Agra,ALG,Rural,,ASSIGN TO ENUMERATOR,0,0,0
1612502105,2026-03-28,,,,,,0,,,,,0,,,,,,1,1,0,Central Zone,Agra,ALG,Rural,,Not Assigned,0,0,0
1612503105,2026-03-28,2026-04-06,2026-04-10,2026-04-11,2026-04-10,2026-04-10,1,2026-04-12,2026-04-12,,,0,,,2026-04-12,9,12,1,1,0,Central Zone,Agra,ALG,Rural,Accepted by Supervisor,Submitted by Supervisor To Ds ,0,1,0
1612504105,2026-03-28,2026-04-01,2026-04-06,2026-04-09,,,0,2026-04-09,2026-04-09,,,0,,,2026-04-09,1,12,1,1,0,Central Zone,Agra,AGR,Rural,Accepted by Supervisor,Submitted by Supervisor To Ds ,0,1,0
1612505105,2026-03-28,2026-04-01,2026-04-06,2026-04-10,2026-04-08,2026-04-10,1,2026-04-10,2026-04-10,2026-04-10,2026-04-10,1,,,2026-04-10,13,12,1,1,0,Central Zone,Agra,AGR,Rural,Accepted by Supervisor,RETURN TO SUPERVISOR BY DS,0,0,1
1612506105,2026-03-28,2026-04-01,2026-04-12,2026-04-12,,,0,,,,,0,,,2026-04-12,5,12,1,1,0,Central Zone,Agra,AGR,Rural,Submitted by Enumerator,SUBMITTED BY ENUMERATOR,0,0,0
1612507105,2026-03-28,2026-04-01,,,,,0,,,,,0,,,,,,1,1,0,Central Zone,Agra,AGR,Rural,,ASSIGN TO ENUMERATOR,0,0,0
1612508105,2026-03-28,2026-04-01,,,,,0,,,,,0,,,,,,1,1,0,Central Zone,Agra,AGR,Rural,,ASSIGN TO ENUMERATOR,0,0,0
1612509105,2026-03-28,2026-04-07,,,,,0,,,,,0,,,,,,1,1,0,Central Zone,Agra,AGR,Rural,,ASSIGN TO ENUMERATOR,0,0,0
1612510105,2026-03-28,2026-04-07,,,,,0,,,,,0,,,,,,1,1,0,Central Zone,Agra,AGR,Rural,,ASSIGN TO ENUMERATOR,0,0,0
1612511105,2026-03-28,2026-04-01,,,,,0,,,,,0,,,,,,1,1,0,Central Zone,Agra,AGR,Rural,,ASSIGN TO ENUMERATOR,0,0,0
1612512105,2026-03-28,2026-04-01,,,,,0,,,,,0,,,,,,1,1,0,Central Zone,Agra,AGR,Rural,,ASSIGN TO ENUMERATOR,0,0,0
1612513105,2026-03-28,2026-04-01,,,2026-04-07,2026-04-07,1,,,,,0,,,2026-04-07,4,12,1,1,0,Central Zone,Bareilly,BRL,Rural,Accepted by Supervisor,RETURN BACK TO ENUMERATOR,0,0,0
1612514105,2026-03-28,2026-04-01,,,,,0,,,,,0,,,,,,1,1,0,Central Zone,Bareilly,BRL,Rural,,ASSIGN TO ENUMERATOR,0,0,0
1612515105,2026-03-28,2026-04-01,,,,,0,,,,,0,,,,,,1,1,0,Central Zone,Bareilly,BRL,Rural,,ASSIGN TO ENUMERATOR,0,0,0
1612516105,2026-03-28,2026-04-01,,,,,0,,,,,0,,,,,,1,1,0,Central Zone,Bareilly,BRL,Rural,,ASSIGN TO ENUMERATOR,0,0,0
1612517105,2026-03-28,2026-04-01,2026-04-10,2026-04-11,2026-04-11,2026-04-11,1,2026-04-11,2026-04-11,,,0,,,2026-04-11,2,12,1,1,0,Central Zone,Bareilly,BRL,Rural,Accepted by Supervisor,Submitted by Supervisor To Ds ,0,1,0
1612518105,2026-03-28,2026-04-01,,,,,0,,,,,0,,,2026-04-11,2,6,1,1,0,Central Zone,Bareilly,BRL,Rural,Submitted by Enumerator,ASSIGN TO ENUMERATOR,0,0,0
1612519105,2026-03-28,2026-04-01,,,,,0,,,,,0,,,,,,1,1,0,Central Zone,Bareilly,BRL,Rural,,ASSIGN TO ENUMERATOR,0,0,0
1612520105,2026-03-28,2026-04-02,2026-04-07,2026-04-12,2026-04-12,2026-04-12,1,2026-04-08,2026-04-13,2026-04-10,2026-04-10,1,2026-04-13,2026-04-13,2026-04-13,2,12,1,1,0,Central Zone,Bareilly,STP,Rural,Accepted By DS SCH_0_0,Accepted By DS /AT CPG (Process) ,0,0,0
1612521105,2026-03-28,2026-04-09,,,,,0,,,,,0,,,,,,1,1,0,Central Zone,Bareilly,STP,Rural,,ASSIGN TO ENUMERATOR,0,0,0
1612522105,2026-03-28,2026-04-05,2026-04-11,2026-04-11,,,0,,,,,0,,,2026-04-11,1,12,1,1,0,Central Zone,Bareilly,STP,Rural,Submitted by Enumerator,SUBMITTED BY ENUMERATOR,0,0,0
1612523105,2026-03-28,2026-04-05,,,,,0,,,,,0,,,,,,1,1,0,Central Zone,Bareilly,STP,Rural,,ASSIGN TO ENUMERATOR,0,0,0
1612524105,2026-03-28,2026-04-02,2026-04-07,2026-04-07,,,0,,,,,0,,,2026-04-07,1,12,1,1,0,Central Zone,Bareilly,STP,Rural,Submitted by Enumerator,SUBMITTED BY ENUMERATOR,0,0,0
1612525105,2026-03-28,2026-04-02,2026-04-07,2026-04-07,,,0,2026-04-11,2026-04-11,,,0,,,2026-04-11,2,12,1,1,0,Central Zone,Bareilly,STP,Rural,Accepted by Supervisor,Submitted by Supervisor To Ds ,0,1,0
1612526105,2026-03-28,2026-04-12,,,,,0,,,,,0,,,,,,1,1,0,Central Zone,Bareilly,STP,Rural,,ASSIGN TO ENUMERATOR,0,0,0
1612527105,2026-03-28,2026-04-05,2026-04-12,2026-04-12,,,0,,,,,0,,,2026-04-12,2,12,1,1,0,Central Zone,Bareilly,STP,Rural,Submitted by Enumerator,SUBMITTED BY ENUMERATOR,0,0,0
1612533105,2026-03-28,,,,,,0,,,,,0,,,,,,1,1,0,Central Zone,Agra,ALG,Rural,,Not Assigned,0,0,0
1612534105,2026-03-28,2026-04-09,,,,,0,,,,,0,,,,,,1,1,0,Central Zone,Agra,ALG,Rural,,ASSIGN TO ENUMERATOR,0,0,0
1612536105,2026-03-28,2026-04-01,,,,,0,,,,,0,,,,,,1,1,0,Central Zone,Agra,AGR,Rural,,ASSIGN TO ENUMERATOR,0,0,0
1612537105,2026-03-28,2026-04-01,,,,,0,,,,,0,,,,,,1,1,0,Central Zone,Agra,AGR,Rural,,ASSIGN TO ENUMERATOR,0,0,0
1612548105,2026-03-28,2026-03-31,,,,,0,,,,,0,,,,,,1,1,0,Central Zone,Alllahabad,ALD,Rural,,ASSIGN TO ENUMERATOR,0,0,0
1612549105,2026-03-28,2026-03-31,,,,,0,,,,,0,,,,,,1,1,0,Central Zone,Alllahabad,ALD,Rural,,ASSIGN TO ENUMERATOR,0,0,0
1612550105,2026-03-28,2026-03-31,,,,,0,,,,,0,,,,,,1,1,0,Central Zone,Alllahabad,ALD,Rural,,ASSIGN TO ENUMERATOR,0,0,0
1612551105,2026-03-28,2026-03-31,,,,,0,,,,,0,,,,,,1,1,0,Central Zone,Alllahabad,ALD,Rural,,ASSIGN TO ENUMERATOR,0,0,0
1612552105,2026-03-28,2026-03-31,,,,,0,,,,,0,,,,,,1,1,0,Central Zone,Alllahabad,ALD,Rural,,ASSIGN TO ENUMERATOR,0,0,0
1612553105,2026-03-28,2026-03-31,,,,,0,,,,,0,,,,,,1,1,0,Central Zone,Alllahabad,ALD,Rural,,ASSIGN TO ENUMERATOR,0,0,0
1612556105,2026-03-28,2026-04-01,,,,,0,,,,,0,,,,,,1,1,0,Central Zone,Alllahabad,FZD,Rural,,ASSIGN TO ENUMERATOR,0,0,0
1612557105,2026-03-28,2026-04-01,2026-04-12,2026-04-12,,,0,,,,,0,,,2026-04-12,2,12,1,1,0,Central Zone,Alllahabad,FZD,Rural,Submitted by Enumerator,SUBMITTED BY ENUMERATOR,0,0,0
1612558105,2026-03-28,2026-04-01,2026-04-11,2026-04-11,,,0,,,,,0,,,2026-04-11,3,12,1,1,0,Central Zone,Alllahabad,FZD,Rural,Submitted by Enumerator,SUBMITTED BY ENUMERATOR,0,0,0
1612559105,2026-03-28,2026-04-01,,,,,0,,,,,0,,,,,,1,1,0,Central Zone,Alllahabad,FZD,Rural,,ASSIGN TO ENUMERATOR,0,0,0
1612560105,2026-03-28,2026-04-01,,,,,0,,,,,0,,,,,,1,1,0,Central Zone,Alllahabad,FZD,Rural,,ASSIGN TO ENUMERATOR,0,0,0
1612561105,2026-03-28,2026-04-01,,,,,0,,,,,0,,,,,,1,1,0,Central Zone,Alllahabad,FZD,Rural,,ASSIGN TO ENUMERATOR,0,0,0
1612567105,2026-03-28,2026-04-01,,,,,0,,,,,0,,,,,,1,1,0,Central Zone,Alllahabad,FZD,Rural,,ASSIGN TO ENUMERATOR,0,0,0
1612568105,2026-03-28,2026-04-01,,,,,0,,,,,0,,,,,,1,1,0,Central Zone,Alllahabad,FZD,Rural,,ASSIGN TO ENUMERATOR,0,0,0
1612569105,2026-03-28,2026-04-01,,,,,0,,,,,0,,,,,,1,1,0,Central Zone,Alllahabad,FZD,Rural,,ASSIGN TO ENUMERATOR,0,0,0
1612570105,2026-03-28,2026-04-01,,,,,0,,,,,0,,,,,,1,1,0,Central Zone,Alllahabad,FZD,Rural,,ASSIGN TO ENUMERATOR,0,0,0
1612571105,2026-03-28,2026-04-01,,,,,0,,,,,0,,,,,,1,1,0,Central Zone,Alllahabad,GKP,Rural,,ASSIGN TO ENUMERATOR,0,0,0
1612572105,2026-03-28,2026-04-01,,,,,0,,,,,0,,,,,,1,1,0,Central Zone,Alllahabad,GKP,Rural,,ASSIGN TO ENUMERATOR,0,0,0
1612573105,2026-03-28,2026-04-01,,,,,0,,,,,0,,,,,,1,1,0,Central Zone,Alllahabad,GKP,Rural,,ASSIGN TO ENUMERATOR,0,0,0
1612574105,2026-03-28,2026-04-01,,,,,0,,,,,0,,,,,,1,1,0,Central Zone,Alllahabad,GKP,Rural,,ASSIGN TO ENUMERATOR,0,0,0
1612575105,2026-03-28,2026-04-01,2026-04-12,2026-04-12,,,0,2026-04-12,2026-04-12,,,0,,,2026-04-12,2,12,1,1,0,Central Zone,Alllahabad,GKP,Rural,Accepted by Supervisor,Submitted by Supervisor To Ds ,0,1,0
1612576105,2026-03-28,2026-04-01,,,,,0,,,,,0,,,,,,1,1,0,Central Zone,Alllahabad,GKP,Rural,,ASSIGN TO ENUMERATOR,0,0,0
1612577105,2026-03-28,2026-04-01,,,,,0,,,,,0,,,,,,1,1,0,Central Zone,Alllahabad,GKP,Rural,,ASSIGN TO ENUMERATOR,0,0,0
1612578105,2026-03-28,2026-04-01,,,,,0,,,,,0,,,,,,1,1,0,Central Zone,Alllahabad,GKP,Rural,,ASSIGN TO ENUMERATOR,0,0,0
1612579105,2026-03-28,2026-04-02,,,,,0,,,,,0,,,,,,1,1,0,Central Zone,Alllahabad,AZM,Rural,,ASSIGN TO ENUMERATOR,0,0,0
1612580105,2026-03-28,2026-04-04,2026-04-12,2026-04-12,,,0,2026-04-13,2026-04-13,,,0,,,2026-04-13,2,12,1,1,0,Central Zone,Alllahabad,AZM,Rural,Accepted by Supervisor,Submitted by Supervisor To Ds ,0,1,0
1612581105,2026-03-28,2026-04-05,,,,,0,,,,,0,,,,,,1,1,0,Central Zone,Alllahabad,AZM,Rural,,ASSIGN TO ENUMERATOR,0,0,0
1612582105,2026-03-28,2026-04-06,2026-04-10,2026-04-10,,,0,2026-04-10,2026-04-10,,,0,,,2026-04-10,,12,1,1,0,Central Zone,Alllahabad,AZM,Rural,Accepted by Supervisor,Submitted by Supervisor To Ds ,0,1,0
1612583105,2026-03-28,2026-04-02,,,,,0,,,,,0,,,,,,1,1,0,Central Zone,Alllahabad,AZM,Rural,,ASSIGN TO ENUMERATOR,0,0,0
1612584105,2026-03-28,2026-04-02,,,,,0,,,,,0,,,,,,1,1,0,Central Zone,Alllahabad,AZM,Rural,,ASSIGN TO ENUMERATOR,0,0,0
1612585105,2026-03-28,2026-04-06,,,,,0,,,,,0,,,,,,1,1,0,Central Zone,Alllahabad,AZM,Rural,,ASSIGN TO ENUMERATOR,0,0,0
1612586105,2026-03-28,2026-04-05,2026-04-11,2026-04-11,,,0,2026-04-13,2026-04-13,,,0,,,2026-04-13,3,12,1,1,0,Central Zone,Alllahabad,AZM,Rural,Accepted by Supervisor,Submitted by Supervisor To Ds ,0,1,0
1612587105,2026-03-28,2026-04-05,,,,,0,,,,,0,,,,,,1,1,0,Central Zone,Alllahabad,AZM,Rural,,ASSIGN TO ENUMERATOR,0,0,0
1612588105,2026-03-28,2026-04-02,2026-04-12,2026-04-12,,,0,,,,,0,,,2026-04-12,2,12,1,1,0,Central Zone,Alllahabad,VNS,Rural,Submitted by Enumerator,SUBMITTED BY ENUMERATOR,0,0,0
1612589105,2026-03-28,2026-04-02,,,,,0,,,,,0,,,,,,1,1,0,Central Zone,Alllahabad,VNS,Rural,,ASSIGN TO ENUMERATOR,0,0,0
1612590105,2026-03-28,2026-04-01,2026-04-10,2026-04-10,,,0,2026-04-10,2026-04-10,2026-04-13,2026-04-13,1,,,2026-04-13,10,12,1,1,0,Central Zone,Alllahabad,VNS,Rural,Return by DS,RETURN TO SUPERVISOR BY DS,0,0,1
1612591105,2026-03-28,2026-04-01,2026-04-09,2026-04-10,2026-04-10,2026-04-10,1,2026-04-10,2026-04-10,2026-04-10,2026-04-10,1,,,2026-04-10,3,12,1,1,0,Central Zone,Alllahabad,VNS,Rural,Submitted by Enumerator,SUBMITTED BY ENUMERATOR,0,0,1
1612592105,2026-03-28,2026-04-02,,,,,0,,,,,0,,,,,,1,1,0,Central Zone,Alllahabad,VNS,Rural,,ASSIGN TO ENUMERATOR,0,0,0
1612593105,2026-03-28,2026-04-01,2026-04-13,2026-04-13,,,0,,,,,0,,,2026-04-13,2,12,1,1,0,Central Zone,Alllahabad,VNS,Rural,Submitted by Enumerator,SUBMITTED BY ENUMERATOR,0,0,0
1612594105,2026-03-28,2026-04-01,,,,,0,,,,,0,,,,,,1,1,0,Central Zone,Alllahabad,VNS,Rural,,ASSIGN TO ENUMERATOR,0,0,0
1612595105,2026-03-28,2026-04-01,,,,,0,,,,,0,,,,,,1,1,0,Central Zone,Alllahabad,VNS,Rural,,ASSIGN TO ENUMERATOR,0,0,0
1612596105,2026-03-28,2026-04-10,,,,,0,,,,,0,,,,,,1,1,0,Central Zone,Agra,ALG,Rural,,ASSIGN TO ENUMERATOR,0,0,0
1612597105,2026-03-28,2026-04-07,2026-04-11,2026-04-11,,,0,,,,,0,,,2026-04-11,,12,1,1,0,Central Zone,Agra,ALG,Rural,Submitted by Enumerator,SUBMITTED BY ENUMERATOR,0,0,0
1612598105,2026-03-28,2026-04-06,,,,,0,,,,,0,,,,,,1,1,0,Central Zone,Agra,ALG,Rural,,ASSIGN TO ENUMERATOR,0,0,0
1612599105,2026-03-28,,,,,,0,,,,,0,,,,,,1,1,0,Central Zone,Bareilly,SRN,Rural,,Not Assigned,0,0,0
1612600105,2026-03-28,,,,,,0,,,,,0,,,,,,1,1,0,Central Zone,Bareilly,SRN,Rural,,Not Assigned,0,0,0
1612601105,2026-03-28,2026-04-01,,,,,0,,,,,0,,,,,,1,1,0,Central Zone,Agra,MRT,Rural,,ASSIGN TO ENUMERATOR,0,0,0
1612602105,2026-03-28,2026-04-01,,,,,0,,,,,0,,,,,,1,1,0,Central Zone,Agra,MRT,Rural,,ASSIGN TO ENUMERATOR,0,0,0
1612603105,2026-03-28,2026-04-01,2026-04-05,2026-04-09,2026-04-08,2026-04-08,1,2026-04-11,2026-04-11,,,0,,,2026-04-11,8,12,1,1,0,Central Zone,Bareilly,SRN,Rural,Accepted by Supervisor,Submitted by Supervisor To Ds ,0,1,0
1612604105,2026-03-28,2026-04-01,,,,,0,,,,,0,,,,,,1,1,0,Central Zone,Bareilly,MBD,Rural,,ASSIGN TO ENUMERATOR,0,0,0
1612605105,2026-03-28,2026-04-01,2026-04-07,2026-04-12,2026-04-10,2026-04-10,1,2026-04-09,2026-04-09,2026-04-09,2026-04-09,1,,,2026-04-12,2,12,1,1,0,Central Zone,Agra,AGR,Rural,Submitted by Enumerator,SUBMITTED BY ENUMERATOR,0,0,1
1612606105,2026-03-28,2026-04-01,,,,,0,,,,,0,,,,,,1,1,0,Central Zone,Bareilly,BRL,Rural,,ASSIGN TO ENUMERATOR,0,0,0
1612607105,2026-03-28,2026-04-01,2026-04-04,2026-04-12,2026-04-07,2026-04-09,1,,,,,0,,,2026-04-12,6,12,1,1,0,Central Zone,Bareilly,BRL,Rural,Accepted by Supervisor,SUBMITTED BY ENUMERATOR,0,0,0
1612608105,2026-03-28,2026-04-01,2026-04-05,2026-04-09,2026-04-06,2026-04-09,1,2026-04-07,2026-04-09,2026-04-08,2026-04-08,1,,,2026-04-09,18,12,1,1,0,Central Zone,Bareilly,BRL,Rural,Accepted by Supervisor,Submitted by Supervisor To Ds ,0,0,1
1612609105,2026-03-28,2026-04-01,,,,,0,,,,,0,,,,,,1,1,0,Central Zone,Bareilly,BRL,Rural,,ASSIGN TO ENUMERATOR,0,0,0
1612610105,2026-03-28,2026-04-07,2026-04-12,2026-04-13,2026-04-12,2026-04-12,1,2026-04-13,2026-04-13,,,0,,,2026-04-13,1,12,1,1,0,Central Zone,Bareilly,STP,Rural,Accepted by Supervisor,Submitted by Supervisor To Ds ,0,1,0
1612611105,2026-03-28,2026-04-05,,,,,0,,,,,0,,,,,,1,1,0,Central Zone,Bareilly,STP,Rural,,ASSIGN TO ENUMERATOR,0,0,0
1612617105,2026-03-28,2026-03-31,2026-04-09,2026-04-09,,,0,2026-04-10,2026-04-10,,,0,,,2026-04-10,5,12,1,1,0,Central Zone,Alllahabad,ALD,Rural,Accepted by Supervisor,Submitted by Supervisor To Ds ,0,1,0
1612620105,2026-03-28,2026-04-01,,,,,0,,,,,0,,,,,,1,1,0,Central Zone,Alllahabad,FZD,Rural,,ASSIGN TO ENUMERATOR,0,0,0
1612621105,2026-03-28,2026-04-01,,,,,0,,,,,0,,,,,,1,1,0,Central Zone,Alllahabad,FZD,Rural,,ASSIGN TO ENUMERATOR,0,0,0
1612622105,2026-03-28,2026-04-01,,,,,0,,,,,0,,,,,,1,1,0,Central Zone,Alllahabad,GKP,Rural,,ASSIGN TO ENUMERATOR,0,0,0
1612623105,2026-03-28,2026-04-01,2026-04-09,2026-04-09,,,0,2026-04-10,2026-04-10,,,0,,,2026-04-10,,12,1,1,0,Central Zone,Alllahabad,GKP,Rural,Accepted by Supervisor,Submitted by Supervisor To Ds ,0,1,0
1612624105,2026-03-28,2026-04-01,,,,,0,,,,,0,,,,,,1,1,0,Central Zone,Alllahabad,GKP,Rural,,ASSIGN TO ENUMERATOR,0,0,0
1612625105,2026-03-28,2026-04-01,,,,,0,,,,,0,,,,,,1,1,0,Central Zone,Alllahabad,GKP,Rural,,ASSIGN TO ENUMERATOR,0,0,0
1612626105,2026-03-28,2026-04-05,,,,,0,,,,,0,,,,,,1,1,0,Central Zone,Alllahabad,AZM,Rural,,ASSIGN TO ENUMERATOR,0,0,0
1612627105,2026-03-28,2026-04-05,,,,,0,,,,,0,,,,,,1,1,0,Central Zone,Alllahabad,AZM,Rural,,ASSIGN TO ENUMERATOR,0,0,0
1612628105,2026-03-28,2026-04-06,,,,,0,,,,,0,,,,,,1,1,0,Central Zone,Alllahabad,AZM,Rural,,ASSIGN TO ENUMERATOR,0,0,0
1612629105,2026-03-28,2026-04-05,,,,,0,,,,,0,,,,,,1,1,0,Central Zone,Alllahabad,AZM,Rural,,ASSIGN TO ENUMERATOR,0,0,0
1612630105,2026-03-28,2026-04-01,,,,,0,,,,,0,,,,,,1,1,0,Central Zone,Alllahabad,VNS,Rural,,ASSIGN TO ENUMERATOR,0,0,0
1612631105,2026-03-28,2026-04-01,,,,,0,,,,,0,,,,,,1,1,0,Central Zone,Alllahabad,VNS,Rural,,ASSIGN TO ENUMERATOR,0,0,0
1612632105,2026-03-28,2026-04-01,,,,,0,,,,,0,,,,,,1,1,0,Central Zone,Alllahabad,VNS,Rural,,ASSIGN TO ENUMERATOR,0,0,0
1612633105,2026-03-28,2026-04-01,,,,,0,,,,,0,,,,,,1,1,0,Central Zone,Alllahabad,VNS,Rural,,ASSIGN TO ENUMERATOR,0,0,0
1612634105,2026-03-28,2026-04-02,,,,,0,,,,,0,,,,,,1,1,0,Central Zone,Alllahabad,VNS,Rural,,ASSIGN TO ENUMERATOR,0,0,0
1612635105,2026-03-28,2026-04-06,2026-04-09,2026-04-12,2026-04-10,2026-04-11,1,2026-04-12,2026-04-12,,,0,,,2026-04-12,8,12,1,1,0,Central Zone,Agra,ALG,Rural,Accepted by Supervisor,Submitted by Supervisor To Ds ,0,1,0
1612636105,2026-03-28,2026-04-01,2026-04-10,2026-04-10,,,0,2026-04-10,2026-04-10,,,0,,,2026-04-10,,12,1,1,0,Central Zone,Alllahabad,VNS,Rural,Accepted by Supervisor,Submitted by Supervisor To Ds ,0,1,0
1612637105,2026-03-28,2026-04-01,2026-04-07,2026-04-08,2026-04-08,2026-04-08,1,2026-04-08,2026-04-08,,,0,,,2026-04-08,4,12,1,1,0,Central Zone,Bareilly,MBD,Rural,Accepted by Supervisor,Submitted by Supervisor To Ds ,0,1,0
1612638105,2026-03-28,2026-04-01,2026-04-10,2026-04-10,,,0,,,,,0,,,2026-04-10,,12,1,1,0,Central Zone,Alllahabad,FZD,Rural,Submitted by Enumerator,SUBMITTED BY ENUMERATOR,0,0,0
1612639105,2026-03-28,2026-04-01,,,,,0,,,,,0,,,,,,1,1,0,Central Zone,Alllahabad,GKP,Rural,,ASSIGN TO ENUMERATOR,0,0,0
1615053405,2026-03-28,2026-04-02,,,,,0,,,,,0,,,,,,4,0,1,North-Eastern Zone,Gangtok,GTK,Rural,,ASSIGN TO ENUMERATOR,0,0,0
1615054405,2026-03-28,2026-04-01,,,,,0,,,,,0,,,,,,4,0,1,North-Eastern Zone,Gangtok,GTK,Rural,,ASSIGN TO ENUMERATOR,0,0,0
1615055405,2026-03-28,2026-04-07,,,,,0,,,,,0,,,,,,4,0,1,North-Eastern Zone,Gangtok,GTK,Rural,,ASSIGN TO ENUMERATOR,0,0,0
1615056305,2026-03-28,2026-04-01,2026-04-12,2026-04-12,,,0,2026-04-13,2026-04-13,,,0,2026-04-13,2026-04-13,2026-04-13,,12,3,0,1,North-Eastern Zone,Gangtok,GTK,Rural,Accepted By DS SCH_0_0,Accepted By DS /AT CPG (Process) ,1,0,0
1615057305,2026-03-28,2026-04-01,2026-04-08,2026-04-09,,,0,2026-04-09,2026-04-09,,,0,2026-04-10,2026-04-10,2026-04-10,,12,3,0,1,North-Eastern Zone,Gangtok,GTK,Rural,Accepted By DS SCH_0_0,Accepted By DS /AT CPG (Process) ,0,0,0
1615058305,2026-03-28,2026-04-02,,,,,0,,,,,0,,,,,,3,0,1,North-Eastern Zone,Gangtok,GTK,Rural,,ASSIGN TO ENUMERATOR,0,0,0
1615059205,2026-03-28,2026-04-07,,,,,0,,,,,0,,,,,,2,0,1,North-Eastern Zone,Gangtok,GTK,Rural,,ASSIGN TO ENUMERATOR,0,0,0
1615060205,2026-03-28,2026-04-01,,,,,0,,,,,0,,,,,,2,0,1,North-Eastern Zone,Gangtok,GTK,Rural,,ASSIGN TO ENUMERATOR,0,0,0
1615061205,2026-03-28,2026-04-02,,,,,0,,,,,0,,,,,,2,0,1,North-Eastern Zone,Gangtok,GTK,Rural,,ASSIGN TO ENUMERATOR,0,0,0
1615062105,2026-03-28,2026-04-01,,,,,0,,,,,0,,,,,,1,1,0,North-Eastern Zone,Gangtok,GTK,Rural,,ASSIGN TO ENUMERATOR,0,0,0
1615063105,2026-03-28,2026-04-07,,,,,0,,,,,0,,,,,,1,1,0,North-Eastern Zone,Gangtok,GTK,Rural,,ASSIGN TO ENUMERATOR,0,0,0
1615064105,2026-03-28,2026-04-02,2026-04-12,2026-04-12,2026-04-13,2026-04-13,1,,,,,0,,,2026-04-13,8,12,1,1,0,North-Eastern Zone,Gangtok,GTK,Rural,Returned by Supervisor,RETURN BACK TO ENUMERATOR,0,0,0
1615317405,2026-03-28,2026-04-01,,,,,0,,,,,0,,,,,,4,0,1,North-Eastern Zone,Agartala,AGT,Rural,,ASSIGN TO ENUMERATOR,0,0,0
1615318405,2026-03-28,2026-04-01,2026-04-05,2026-04-10,2026-04-10,2026-04-10,1,2026-04-06,2026-04-10,2026-04-09,2026-04-09,1,2026-04-10,2026-04-10,2026-04-10,13,12,4,0,1,North-Eastern Zone,Agartala,AGT,Rural,Accepted By DS SCH_0_0,Accepted By DS /AT CPG (Process) ,0,0,0
1615319405,2026-03-28,2026-04-01,,,,,0,,,,,0,,,,,,4,0,1,North-Eastern Zone,Agartala,AGT,Rural,,ASSIGN TO ENUMERATOR,0,0,0
1615320405,2026-03-28,2026-04-01,,,,,0,,,,,0,,,,,,4,0,1,North-Eastern Zone,Agartala,AGT,Rural,,ASSIGN TO ENUMERATOR,0,0,0
1615321405,2026-03-28,2026-04-01,,,,,0,,,,,0,,,,,,4,0,1,North-Eastern Zone,Agartala,AGT,Rural,,ASSIGN TO ENUMERATOR,0,0,0
1615322405,2026-03-28,2026-04-01,,,,,0,,,,,0,,,,,,4,0,1,North-Eastern Zone,Agartala,AGT,Rural,,ASSIGN TO ENUMERATOR,0,0,0
1615323305,2026-03-28,2026-04-01,,,,,0,,,,,0,,,,,,3,0,1,North-Eastern Zone,Agartala,AGT,Rural,,ASSIGN TO ENUMERATOR,0,0,0
1615324305,2026-03-28,2026-04-01,,,,,0,,,,,0,,,,,,3,0,1,North-Eastern Zone,Agartala,AGT,Rural,,ASSIGN TO ENUMERATOR,0,0,0
1615325305,2026-03-28,2026-04-01,2026-04-11,2026-04-11,,,0,2026-04-12,2026-04-12,2026-04-13,2026-04-13,1,,,2026-04-13,4,12,3,0,1,North-Eastern Zone,Agartala,AGT,Rural,Accepted by Supervisor,RETURN TO SUPERVISOR BY DS,0,0,1
1615326305,2026-03-28,2026-04-01,2026-04-12,2026-04-12,,,0,,,,,0,,,2026-04-12,1,12,3,0,1,North-Eastern Zone,Agartala,AGT,Rural,Submitted by Enumerator,SUBMITTED BY ENUMERATOR,0,0,0
1615327305,2026-03-28,2026-04-01,2026-04-11,2026-04-11,,,0,2026-04-12,2026-04-12,,,0,2026-04-13,2026-04-13,2026-04-13,1,12,3,0,1,North-Eastern Zone,Agartala,AGT,Rural,Accepted By DS SCH_0_0,Accepted By DS /AT CPG (Process) ,1,0,0
1615328305,2026-03-28,2026-04-01,,,,,0,,,,,0,,,,,,3,0,1,North-Eastern Zone,Agartala,AGT,Rural,,ASSIGN TO ENUMERATOR,0,0,0
1615329205,2026-03-28,2026-04-01,2026-04-04,2026-04-04,,,0,2026-04-05,2026-04-05,,,0,2026-04-06,2026-04-06,2026-04-06,3,12,2,0,1,North-Eastern Zone,Agartala,AGT,Rural,Accepted By DS SCH_0_0,Accepted By DS /AT CPG (Process) ,1,0,0
1615330205,2026-03-28,2026-04-01,2026-04-08,2026-04-11,2026-04-10,2026-04-10,1,2026-04-11,2026-04-11,,,0,2026-04-13,2026-04-13,2026-04-13,6,12,2,0,1,North-Eastern Zone,Agartala,AGT,Rural,Accepted By DS SCH_0_0,Accepted By DS /AT CPG (Process) ,0,0,0
1615331205,2026-03-28,2026-04-01,,,,,0,,,,,0,,,,,,2,0,1,North-Eastern Zone,Agartala,AGT,Rural,,ASSIGN TO ENUMERATOR,0,0,0
1615332205,2026-03-28,2026-04-01,,,,,0,,,,,0,,,,,,2,0,1,North-Eastern Zone,Agartala,AGT,Rural,,ASSIGN TO ENUMERATOR,0,0,0
1615333205,2026-03-28,2026-04-01,2026-04-09,2026-04-09,,,0,2026-04-09,2026-04-09,,,0,2026-04-10,2026-04-10,2026-04-10,1,12,2,0,1,North-Eastern Zone,Agartala,AGT,Rural,Accepted By DS SCH_0_0,Accepted By DS /AT CPG (Process) ,1,0,0
1615334205,2026-03-28,2026-04-01,2026-04-08,2026-04-10,,,0,2026-04-10,2026-04-10,,,0,,,2026-04-10,1,12,2,0,1,North-Eastern Zone,Agartala,AGT,Rural,Accepted by Supervisor,Submitted by Supervisor To Ds ,0,1,0
1615335105,2026-03-28,2026-04-01,,,,,0,,,,,0,,,,,,1,1,0,North-Eastern Zone,Agartala,AGT,Rural,,ASSIGN TO ENUMERATOR,0,0,0
1615336105,2026-03-28,2026-04-01,,,,,0,,,,,0,,,,,,1,1,0,North-Eastern Zone,Agartala,AGT,Rural,,ASSIGN TO ENUMERATOR,0,0,0
1615337105,2026-03-28,2026-04-01,2026-04-12,2026-04-12,,,0,,,,,0,,,2026-04-12,5,12,1,1,0,North-Eastern Zone,Agartala,AGT,Rural,Submitted by Enumerator,SUBMITTED BY ENUMERATOR,0,0,0
1615338105,2026-03-28,2026-04-01,,,,,0,,,,,0,,,,,,1,1,0,North-Eastern Zone,Agartala,AGT,Rural,,ASSIGN TO ENUMERATOR,0,0,0
1615339105,2026-03-28,2026-04-01,,,,,0,,,,,0,,,,,,1,1,0,North-Eastern Zone,Agartala,AGT,Rural,,ASSIGN TO ENUMERATOR,0,0,0
1615340105,2026-03-28,2026-04-01,,,,,0,,,,,0,,,,,,1,1,0,North-Eastern Zone,Agartala,AGT,Rural,,ASSIGN TO ENUMERATOR,0,0,0
1615468405,2026-03-28,2026-04-02,,,,,0,,,,,0,,,,,,4,0,1,North-Eastern Zone,Dibrugarh,TZP,Rural,,ASSIGN TO ENUMERATOR,0,0,0
1615469405,2026-03-28,2026-04-02,,,,,0,,,,,0,,,,,,4,0,1,North-Eastern Zone,Dibrugarh,TZP,Rural,,ASSIGN TO ENUMERATOR,0,0,0
1615470405,2026-03-28,2026-04-02,,,,,0,,,,,0,,,,,,4,0,1,North-Eastern Zone,Dibrugarh,TZP,Rural,,ASSIGN TO ENUMERATOR,0,0,0
1615471405,2026-03-28,2026-04-02,,,,,0,,,,,0,,,,,,4,0,1,North-Eastern Zone,Dibrugarh,TZP,Rural,,ASSIGN TO ENUMERATOR,0,0,0
1615472405,2026-03-28,2026-04-02,,,,,0,,,,,0,,,,,,4,0,1,North-Eastern Zone,Dibrugarh,TZP,Rural,,ASSIGN TO ENUMERATOR,0,0,0
1615473405,2026-03-28,2026-04-02,,,,,0,,,,,0,,,,,,4,0,1,North-Eastern Zone,Dibrugarh,TZP,Rural,,ASSIGN TO ENUMERATOR,0,0,0
1615474405,2026-03-28,2026-04-01,,,,,0,,,,,0,,,,,,4,0,1,North-Eastern Zone,Dibrugarh,DBR,Rural,,ASSIGN TO ENUMERATOR,0,0,0
1615475405,2026-03-28,2026-04-01,,,,,0,,,,,0,,,,,,4,0,1,North-Eastern Zone,Dibrugarh,DBR,Rural,,ASSIGN TO ENUMERATOR,0,0,0
1615476405,2026-03-28,2026-04-01,,,,,0,,,,,0,,,,,,4,0,1,North-Eastern Zone,Dibrugarh,DBR,Rural,,ASSIGN TO ENUMERATOR,0,0,0
1615477405,2026-03-28,2026-04-01,,,,,0,,,,,0,,,,,,4,0,1,North-Eastern Zone,Dibrugarh,DBR,Rural,,ASSIGN TO ENUMERATOR,0,0,0
1615478405,2026-03-28,2026-04-01,2026-04-09,2026-04-09,,,0,,,,,0,,,2026-04-09,,12,4,0,1,North-Eastern Zone,Dibrugarh,DBR,Rural,Submitted by Enumerator,SUBMITTED BY ENUMERATOR,0,0,0
1615479405,2026-03-28,2026-04-01,,,,,0,,,,,0,,,,,,4,0,1,North-Eastern Zone,Dibrugarh,DBR,Rural,,ASSIGN TO ENUMERATOR,0,0,0
1615480405,2026-03-28,2026-04-02,,,,,0,,,,,0,,,,,,4,0,1,North-Eastern Zone,Dibrugarh,JRT,Rural,,ASSIGN TO ENUMERATOR,0,0,0
1615481405,2026-03-28,2026-04-02,,,,,0,,,,,0,,,,,,4,0,1,North-Eastern Zone,Dibrugarh,JRT,Rural,,ASSIGN TO ENUMERATOR,0,0,0
1615482405,2026-03-28,2026-04-02,,,,,0,,,,,0,,,,,,4,0,1,North-Eastern Zone,Dibrugarh,JRT,Rural,,ASSIGN TO ENUMERATOR,0,0,0
1615483405,2026-03-28,2026-04-02,,,,,0,,,,,0,,,,,,4,0,1,North-Eastern Zone,Dibrugarh,JRT,Rural,,ASSIGN TO ENUMERATOR,0,0,0
1615496405,2026-03-28,2026-04-02,,,,,0,,,,,0,,,,,,4,0,1,North-Eastern Zone,Dibrugarh,TZP,Rural,,ASSIGN TO ENUMERATOR,0,0,0
1615497405,2026-03-28,2026-04-02,,,,,0,,,,,0,,,,,,4,0,1,North-Eastern Zone,Dibrugarh,TZP,Rural,,ASSIGN TO ENUMERATOR,0,0,0
1615498405,2026-03-28,2026-04-02,,,,,0,,,,,0,,,,,,4,0,1,North-Eastern Zone,Dibrugarh,TZP,Rural,,ASSIGN TO ENUMERATOR,0,0,0
1615499405,2026-03-28,2026-04-01,2026-04-08,2026-04-08,,,0,,,,,0,,,2026-04-08,,12,4,0,1,North-Eastern Zone,Dibrugarh,DBR,Rural,Submitted by Enumerator,SUBMITTED BY ENUMERATOR,0,0,0
1615502405,2026-03-28,2026-04-02,,,,,0,,,,,0,,,,,,4,0,1,North-Eastern Zone,Dibrugarh,TZP,Rural,,ASSIGN TO ENUMERATOR,0,0,0
1615510305,2026-03-28,2026-04-02,,,,,0,,,,,0,,,,,,3,0,1,North-Eastern Zone,Dibrugarh,TZP,Rural,,ASSIGN TO ENUMERATOR,0,0,0
1615511305,2026-03-28,2026-04-02,,,,,0,,,,,0,,,,,,3,0,1,North-Eastern Zone,Dibrugarh,TZP,Rural,,ASSIGN TO ENUMERATOR,0,0,0
1615512305,2026-03-28,2026-04-02,,,,,0,,,,,0,,,,,,3,0,1,North-Eastern Zone,Dibrugarh,TZP,Rural,,ASSIGN TO ENUMERATOR,0,0,0
1615513305,2026-03-28,2026-04-02,,,,,0,,,,,0,,,,,,3,0,1,North-Eastern Zone,Dibrugarh,TZP,Rural,,ASSIGN TO ENUMERATOR,0,0,0
1615514305,2026-03-28,2026-04-02,,,,,0,,,,,0,,,,,,3,0,1,North-Eastern Zone,Dibrugarh,TZP,Rural,,ASSIGN TO ENUMERATOR,0,0,0
1615515305,2026-03-28,2026-04-02,,,,,0,,,,,0,,,,,,3,0,1,North-Eastern Zone,Dibrugarh,TZP,Rural,,ASSIGN TO ENUMERATOR,0,0,0
1615516305,2026-03-28,2026-04-01,2026-04-10,2026-04-10,,,0,,,,,0,,,2026-04-10,,12,3,0,1,North-Eastern Zone,Dibrugarh,DBR,Rural,Submitted by Enumerator,SUBMITTED BY ENUMERATOR,0,0,0
1615517305,2026-03-28,2026-04-01,,,,,0,,,,,0,,,,,,3,0,1,North-Eastern Zone,Dibrugarh,DBR,Rural,,ASSIGN TO ENUMERATOR,0,0,0
1615518305,2026-03-28,2026-04-01,2026-04-08,2026-04-08,,,0,,,,,0,,,2026-04-08,,12,3,0,1,North-Eastern Zone,Dibrugarh,DBR,Rural,Submitted by Enumerator,SUBMITTED BY ENUMERATOR,0,0,0
1615519305,2026-03-28,2026-04-01,,,,,0,,,,,0,,,,,,3,0,1,North-Eastern Zone,Dibrugarh,DBR,Rural,,ASSIGN TO ENUMERATOR,0,0,0
1615520305,2026-03-28,2026-04-01,,,,,0,,,,,0,,,,,,3,0,1,North-Eastern Zone,Dibrugarh,DBR,Rural,,ASSIGN TO ENUMERATOR,0,0,0
1615521305,2026-03-28,2026-04-01,,,,,0,,,,,0,,,,,,3,0,1,North-Eastern Zone,Dibrugarh,DBR,Rural,,ASSIGN TO ENUMERATOR,0,0,0
1615522305,2026-03-28,2026-04-02,,,,,0,,,,,0,,,,,,3,0,1,North-Eastern Zone,Dibrugarh,JRT,Rural,,ASSIGN TO ENUMERATOR,0,0,0
1615523305,2026-03-28,2026-04-02,2026-04-04,2026-04-06,2026-04-06,2026-04-06,1,2026-04-07,2026-04-07,,,0,2026-04-10,2026-04-10,2026-04-10,2,12,3,0,1,North-Eastern Zone,Dibrugarh,JRT,Rural,Accepted By DS SCH_0_0,Accepted By DS /AT CPG (Process) ,0,0,0
1615524305,2026-03-28,2026-04-02,2026-04-04,2026-04-04,,,0,2026-04-06,2026-04-06,,,0,2026-04-09,2026-04-09,2026-04-09,,12,3,0,1,North-Eastern Zone,Dibrugarh,JRT,Rural,Accepted By DS SCH_0_0,Accepted By DS /AT CPG (Process) ,1,0,0
1615525305,2026-03-28,2026-04-02,,,,,0,,,,,0,,,,,,3,0,1,North-Eastern Zone,Dibrugarh,JRT,Rural,,ASSIGN TO ENUMERATOR,0,0,0
1615538305,2026-03-28,2026-04-02,,,,,0,,,,,0,,,,,,3,0,1,North-Eastern Zone,Dibrugarh,TZP,Rural,,ASSIGN TO ENUMERATOR,0,0,0
1615539305,2026-03-28,2026-04-02,,,,,0,,,,,0,,,,,,3,0,1,North-Eastern Zone,Dibrugarh,TZP,Rural,,ASSIGN TO ENUMERATOR,0,0,0
1615540305,2026-03-28,2026-04-02,,,,,0,,,,,0,,,,,,3,0,1,North-Eastern Zone,Dibrugarh,TZP,Rural,,ASSIGN TO ENUMERATOR,0,0,0
1615541305,2026-03-28,2026-04-01,,,,,0,,,,,0,,,,,,3,0,1,North-Eastern Zone,Dibrugarh,DBR,Rural,,ASSIGN TO ENUMERATOR,0,0,0
1615544305,2026-03-28,2026-04-02,,,,,0,,,,,0,,,,,,3,0,1,North-Eastern Zone,Dibrugarh,TZP,Rural,,ASSIGN TO ENUMERATOR,0,0,0
1615552205,2026-03-28,2026-04-02,,,,,0,,,,,0,,,,,,2,0,1,North-Eastern Zone,Dibrugarh,TZP,Rural,,ASSIGN TO ENUMERATOR,0,0,0
1615553205,2026-03-28,2026-04-02,,,,,0,,,,,0,,,,,,2,0,1,North-Eastern Zone,Dibrugarh,TZP,Rural,,ASSIGN TO ENUMERATOR,0,0,0
1615554205,2026-03-28,2026-04-02,,,,,0,,,,,0,,,,,,2,0,1,North-Eastern Zone,Dibrugarh,TZP,Rural,,ASSIGN TO ENUMERATOR,0,0,0
1615555205,2026-03-28,2026-04-02,,,,,0,,,,,0,,,,,,2,0,1,North-Eastern Zone,Dibrugarh,TZP,Rural,,ASSIGN TO ENUMERATOR,0,0,0
1615556205,2026-03-28,2026-04-02,,,,,0,,,,,0,,,,,,2,0,1,North-Eastern Zone,Dibrugarh,TZP,Rural,,ASSIGN TO ENUMERATOR,0,0,0
1615557205,2026-03-28,2026-04-02,,,,,0,,,,,0,,,,,,2,0,1,North-Eastern Zone,Dibrugarh,TZP,Rural,,ASSIGN TO ENUMERATOR,0,0,0
1615558205,2026-03-28,2026-04-01,,,,,0,,,,,0,,,,,,2,0,1,North-Eastern Zone,Dibrugarh,DBR,Rural,,ASSIGN TO ENUMERATOR,0,0,0
1615559205,2026-03-28,2026-04-01,,,,,0,,,,,0,,,,,,2,0,1,North-Eastern Zone,Dibrugarh,DBR,Rural,,ASSIGN TO ENUMERATOR,0,0,0
1615560205,2026-03-28,2026-04-01,,,,,0,,,,,0,,,,,,2,0,1,North-Eastern Zone,Dibrugarh,DBR,Rural,,ASSIGN TO ENUMERATOR,0,0,0
1615561205,2026-03-28,2026-04-01,,,,,0,,,,,0,,,,,,2,0,1,North-Eastern Zone,Dibrugarh,DBR,Rural,,ASSIGN TO ENUMERATOR,0,0,0
1615562205,2026-03-28,2026-04-01,,,,,0,,,,,0,,,,,,2,0,1,North-Eastern Zone,Dibrugarh,DBR,Rural,,ASSIGN TO ENUMERATOR,0,0,0
1615563205,2026-03-28,2026-04-01,,,,,0,,,,,0,,,,,,2,0,1,North-Eastern Zone,Dibrugarh,DBR,Rural,,ASSIGN TO ENUMERATOR,0,0,0
1615564205,2026-03-28,2026-04-02,,,,,0,,,,,0,,,,,,2,0,1,North-Eastern Zone,Dibrugarh,JRT,Rural,,ASSIGN TO ENUMERATOR,0,0,0
1615565205,2026-03-28,2026-04-02,,,,,0,,,,,0,,,,,,2,0,1,North-Eastern Zone,Dibrugarh,JRT,Rural,,ASSIGN TO ENUMERATOR,0,0,0
1615566205,2026-03-28,2026-04-02,,,,,0,,,,,0,,,,,,2,0,1,North-Eastern Zone,Dibrugarh,JRT,Rural,,ASSIGN TO ENUMERATOR,0,0,0
1615567205,2026-03-28,2026-04-02,2026-04-09,2026-04-09,,,0,2026-04-10,2026-04-10,,,0,2026-04-13,2026-04-13,2026-04-13,,12,2,0,1,North-Eastern Zone,Dibrugarh,JRT,Rural,Accepted By DS SCH_0_0,Accepted By DS /AT CPG (Process) ,1,0,0
1615580205,2026-03-28,2026-04-02,,,,,0,,,,,0,,,,,,2,0,1,North-Eastern Zone,Dibrugarh,TZP,Rural,,ASSIGN TO ENUMERATOR,0,0,0
1615581205,2026-03-28,2026-04-02,,,,,0,,,,,0,,,,,,2,0,1,North-Eastern Zone,Dibrugarh,TZP,Rural,,ASSIGN TO ENUMERATOR,0,0,0
1615582205,2026-03-28,2026-04-02,,,,,0,,,,,0,,,,,,2,0,1,North-Eastern Zone,Dibrugarh,TZP,Rural,,ASSIGN TO ENUMERATOR,0,0,0
1615583205,2026-03-28,2026-04-01,,,,,0,,,,,0,,,,,,2,0,1,North-Eastern Zone,Dibrugarh,DBR,Rural,,ASSIGN TO ENUMERATOR,0,0,0
1615586205,2026-03-28,2026-04-02,,,,,0,,,,,0,,,,,,2,0,1,North-Eastern Zone,Dibrugarh,TZP,Rural,,ASSIGN TO ENUMERATOR,0,0,0
1615594105,2026-03-28,2026-04-02,,,,,0,,,,,0,,,,,,1,1,0,North-Eastern Zone,Dibrugarh,TZP,Rural,,ASSIGN TO ENUMERATOR,0,0,0
1615595105,2026-03-28,2026-04-02,,,,,0,,,,,0,,,,,,1,1,0,North-Eastern Zone,Dibrugarh,TZP,Rural,,ASSIGN TO ENUMERATOR,0,0,0
1615596105,2026-03-28,2026-04-01,2026-04-06,2026-04-07,2026-04-07,2026-04-07,1,2026-04-07,2026-04-07,,,0,2026-04-10,2026-04-10,2026-04-10,8,12,1,1,0,North-Eastern Zone,Dibrugarh,TZP,Rural,Accepted By DS SCH_0_0,Accepted By DS /AT CPG (Process) ,0,0,0
1615597105,2026-03-28,2026-04-02,,,,,0,,,,,0,,,,,,1,1,0,North-Eastern Zone,Dibrugarh,TZP,Rural,,ASSIGN TO ENUMERATOR,0,0,0
1615598105,2026-03-28,2026-04-01,2026-04-06,2026-04-10,2026-04-07,2026-04-10,1,2026-04-07,2026-04-10,2026-04-10,2026-04-10,1,2026-04-13,2026-04-13,2026-04-13,3,12,1,1,0,North-Eastern Zone,Dibrugarh,TZP,Rural,Accepted By DS SCH_0_0,Accepted By DS /AT CPG (Process) ,0,0,0
1615599105,2026-03-28,2026-04-02,,,,,0,,,,,0,,,,,,1,1,0,North-Eastern Zone,Dibrugarh,TZP,Rural,,ASSIGN TO ENUMERATOR,0,0,0
1615600105,2026-03-28,2026-04-01,,,,,0,,,,,0,,,,,,1,1,0,North-Eastern Zone,Dibrugarh,DBR,Rural,,ASSIGN TO ENUMERATOR,0,0,0
1615601105,2026-03-28,2026-04-01,,,,,0,,,,,0,,,,,,1,1,0,North-Eastern Zone,Dibrugarh,DBR,Rural,,ASSIGN TO ENUMERATOR,0,0,0
1615602105,2026-03-28,2026-04-01,2026-04-07,2026-04-08,2026-04-07,2026-04-07,1,,,,,0,,,2026-04-08,4,12,1,1,0,North-Eastern Zone,Dibrugarh,DBR,Rural,Submitted by Enumerator,SUBMITTED BY ENUMERATOR,0,0,0
1615603105,2026-03-28,2026-04-01,2026-04-07,2026-04-07,,,0,2026-04-07,2026-04-07,,,0,,,2026-04-07,1,12,1,1,0,North-Eastern Zone,Dibrugarh,DBR,Rural,Accepted by Supervisor,Submitted by Supervisor To Ds ,0,1,0
1615604105,2026-03-28,2026-04-01,,,,,0,,,,,0,,,,,,1,1,0,North-Eastern Zone,Dibrugarh,DBR,Rural,,ASSIGN TO ENUMERATOR,0,0,0
1615605105,2026-03-28,2026-04-01,2026-04-08,2026-04-08,,,0,,,,,0,,,2026-04-08,8,12,1,1,0,North-Eastern Zone,Dibrugarh,DBR,Rural,Submitted by Enumerator,SUBMITTED BY ENUMERATOR,0,0,0
1615606105,2026-03-28,2026-04-02,,,,,0,,,,,0,,,,,,1,1,0,North-Eastern Zone,Dibrugarh,JRT,Rural,,ASSIGN TO ENUMERATOR,0,0,0
1615607105,2026-03-28,2026-04-02,,,,,0,,,,,0,,,,,,1,1,0,North-Eastern Zone,Dibrugarh,JRT,Rural,,ASSIGN TO ENUMERATOR,0,0,0
1615608105,2026-03-28,2026-04-02,,,,,0,,,,,0,,,,,,1,1,0,North-Eastern Zone,Dibrugarh,JRT,Rural,,ASSIGN TO ENUMERATOR,0,0,0
1615609105,2026-03-28,2026-04-02,,,,,0,,,,,0,,,,,,1,1,0,North-Eastern Zone,Dibrugarh,JRT,Rural,,ASSIGN TO ENUMERATOR,0,0,0
1615622105,2026-03-28,2026-04-02,,,,,0,,,,,0,,,,,,1,1,0,North-Eastern Zone,Dibrugarh,TZP,Rural,,ASSIGN TO ENUMERATOR,0,0,0
1615623105,2026-03-28,2026-04-02,,,,,0,,,,,0,,,,,,1,1,0,North-Eastern Zone,Dibrugarh,TZP,Rural,,ASSIGN TO ENUMERATOR,0,0,0
1615624105,2026-03-28,2026-04-02,,,,,0,,,,,0,,,,,,1,1,0,North-Eastern Zone,Dibrugarh,TZP,Rural,,ASSIGN TO ENUMERATOR,0,0,0
1615625105,2026-03-28,2026-04-01,2026-04-07,2026-04-07,,,0,,,,,0,,,2026-04-07,,12,1,1,0,North-Eastern Zone,Dibrugarh,DBR,Rural,Submitted by Enumerator,SUBMITTED BY ENUMERATOR,0,0,0
1615628105,2026-03-28,2026-04-02,,,,,0,,,,,0,,,,,,1,1,0,North-Eastern Zone,Dibrugarh,TZP,Rural,,ASSIGN TO ENUMERATOR,0,0,0
1615981405,2026-03-28,2026-04-01,,,,,0,,,,,0,,,,,,4,0,1,Eastern Zone,Burdwan,BDW,Rural,,ASSIGN TO ENUMERATOR,0,0,0
1615982405,2026-03-28,2026-04-01,2026-04-11,2026-04-11,,,0,2026-04-11,2026-04-11,,,0,,,2026-04-11,,12,4,0,1,Eastern Zone,Burdwan,BDW,Rural,Accepted by Supervisor,Submitted by Supervisor To Ds ,0,1,0
1615983405,2026-03-28,2026-04-02,,,,,0,,,,,0,,,,,,4,0,1,Eastern Zone,Burdwan,BDW,Rural,,ASSIGN TO ENUMERATOR,0,0,0
1615984405,2026-03-28,2026-04-03,2026-04-08,2026-04-08,,,0,2026-04-09,2026-04-09,,,0,,,2026-04-09,1,12,4,0,1,Eastern Zone,Burdwan,CSR,Rural,Accepted by Supervisor,Submitted by Supervisor To Ds ,0,1,0
1615985405,2026-03-28,2026-04-03,,,,,0,,,,,0,,,,,,4,0,1,Eastern Zone,Burdwan,CSR,Rural,,ASSIGN TO ENUMERATOR,0,0,0
1615986405,2026-03-28,2026-04-03,,,,,0,,,,,0,,,,,,4,0,1,Eastern Zone,Burdwan,CSR,Rural,,ASSIGN TO ENUMERATOR,0,0,0
1615987405,2026-03-28,2026-04-04,,,,,0,,,,,0,,,,,,4,0,1,Eastern Zone,Calcutta,KLK,Rural,,ASSIGN TO ENUMERATOR,0,0,0
1615988405,2026-03-28,2026-04-04,,,,,0,,,,,0,,,,,,4,0,1,Eastern Zone,Calcutta,KLK,Rural,,ASSIGN TO ENUMERATOR,0,0,0
1615989405,2026-03-28,2026-04-04,,,,,0,,,,,0,,,,,,4,0,1,Eastern Zone,Calcutta,KLK,Rural,,ASSIGN TO ENUMERATOR,0,0,0
1615990405,2026-03-28,2026-04-03,,,,,0,,,,,0,,,,,,4,0,1,Eastern Zone,Burdwan,CSR,Rural,,ASSIGN TO ENUMERATOR,0,0,0
1615991405,2026-03-28,2026-04-03,,,,,0,,,,,0,,,,,,4,0,1,Eastern Zone,Burdwan,CSR,Rural,,ASSIGN TO ENUMERATOR,0,0,0
1615992405,2026-03-28,2026-04-03,,,,,0,,,,,0,,,,,,4,0,1,Eastern Zone,Burdwan,CSR,Rural,,ASSIGN TO ENUMERATOR,0,0,0
1615993405,2026-03-28,2026-04-02,,,,,0,,,,,0,,,,,,4,0,1,Eastern Zone,Burdwan,BNK,Rural,,ASSIGN TO ENUMERATOR,0,0,0
1615994405,2026-03-28,2026-04-02,,,,,0,,,,,0,,,,,,4,0,1,Eastern Zone,Burdwan,BNK,Rural,,ASSIGN TO ENUMERATOR,0,0,0
1615995405,2026-03-28,2026-04-02,,,,,0,,,,,0,,,,,,4,0,1,Eastern Zone,Burdwan,BNK,Rural,,ASSIGN TO ENUMERATOR,0,0,0
1615996405,2026-03-28,2026-04-04,,,,,0,,,,,0,,,,,,4,0,1,Eastern Zone,Calcutta,HWH,Rural,,ASSIGN TO ENUMERATOR,0,0,0
1615997405,2026-03-28,2026-04-04,,,,,0,,,,,0,,,,,,4,0,1,Eastern Zone,Calcutta,HWH,Rural,,ASSIGN TO ENUMERATOR,0,0,0
1615998405,2026-03-28,2026-04-04,,,,,0,,,,,0,,,,,,4,0,1,Eastern Zone,Calcutta,KLK,Rural,,ASSIGN TO ENUMERATOR,0,0,0
1615999405,2026-03-28,2026-04-04,,,,,0,,,,,0,,,,,,4,0,1,Eastern Zone,Calcutta,KLK,Rural,,ASSIGN TO ENUMERATOR,0,0,0
1616000405,2026-03-28,2026-04-04,,,,,0,,,,,0,,,,,,4,0,1,Eastern Zone,Calcutta,KLK,Rural,,ASSIGN TO ENUMERATOR,0,0,0
1616001405,2026-03-28,2026-04-04,,,,,0,,,,,0,,,,,,4,0,1,Eastern Zone,Calcutta,KLK,Rural,,ASSIGN TO ENUMERATOR,0,0,0
1616002405,2026-03-28,2026-04-01,2026-04-04,2026-04-04,,,0,2026-04-05,2026-04-05,,,0,,,2026-04-05,1,12,4,0,1,Eastern Zone,Burdwan,MDN,Rural,Accepted by Supervisor,Submitted by Supervisor To Ds ,0,1,0
1616003405,2026-03-28,2026-04-08,,,,,0,,,,,0,,,,,,4,0,1,Eastern Zone,Burdwan,MDN,Rural,,ASSIGN TO ENUMERATOR,0,0,0
1616004405,2026-03-28,2026-04-08,,,,,0,,,,,0,,,,,,4,0,1,Eastern Zone,Burdwan,MDN,Rural,,ASSIGN TO ENUMERATOR,0,0,0
1616005405,2026-03-28,2026-04-08,,,,,0,,,,,0,,,,,,4,0,1,Eastern Zone,Burdwan,MDN,Rural,,ASSIGN TO ENUMERATOR,0,0,0
1616006405,2026-03-28,2026-04-08,,,,,0,,,,,0,,,,,,4,0,1,Eastern Zone,Burdwan,MDN,Rural,,ASSIGN TO ENUMERATOR,0,0,0
1616007405,2026-03-28,2026-04-08,,,,,0,,,,,0,,,,,,4,0,1,Eastern Zone,Burdwan,MDN,Rural,,ASSIGN TO ENUMERATOR,0,0,0
1616008405,2026-03-28,2026-04-08,,,,,0,,,,,0,,,,,,4,0,1,Eastern Zone,Burdwan,MDN,Rural,,ASSIGN TO ENUMERATOR,0,0,0
1616009405,2026-03-28,2026-04-01,,,,,0,,,,,0,,,,,,4,0,1,Eastern Zone,Burdwan,BDW,Rural,,ASSIGN TO ENUMERATOR,0,0,0
1616012405,2026-03-28,2026-04-02,,,,,0,,,,,0,,,,,,4,0,1,Eastern Zone,Burdwan,BNK,Rural,,ASSIGN TO ENUMERATOR,0,0,0
1616029305,2026-03-28,2026-04-01,,,,,0,,,,,0,,,,,,3,0,1,Eastern Zone,Burdwan,BDW,Rural,,ASSIGN TO ENUMERATOR,0,0,0
1616030305,2026-03-28,2026-04-01,,,,,0,,,,,0,,,,,,3,0,1,Eastern Zone,Burdwan,BDW,Rural,,ASSIGN TO ENUMERATOR,0,0,0
1616031305,2026-03-28,2026-04-01,,,,,0,,,,,0,,,,,,3,0,1,Eastern Zone,Burdwan,BDW,Rural,,ASSIGN TO ENUMERATOR,0,0,0
1616032305,2026-03-28,2026-04-03,,,,,0,,,,,0,,,,,,3,0,1,Eastern Zone,Burdwan,CSR,Rural,,ASSIGN TO ENUMERATOR,0,0,0
1616033305,2026-03-28,2026-04-03,,,,,0,,,,,0,,,,,,3,0,1,Eastern Zone,Burdwan,CSR,Rural,,ASSIGN TO ENUMERATOR,0,0,0
1616034305,2026-03-28,2026-04-03,,,,,0,,,,,0,,,,,,3,0,1,Eastern Zone,Burdwan,CSR,Rural,,ASSIGN TO ENUMERATOR,0,0,0
1616035305,2026-03-28,2026-04-04,,,,,0,,,,,0,,,,,,3,0,1,Eastern Zone,Calcutta,KLK,Rural,,ASSIGN TO ENUMERATOR,0,0,0
1616036305,2026-03-28,2026-04-08,,,,,0,,,,,0,,,,,,3,0,1,Eastern Zone,Calcutta,KLK,Rural,,ASSIGN TO ENUMERATOR,0,0,0
1616037305,2026-03-28,2026-04-08,,,,,0,,,,,0,,,,,,3,0,1,Eastern Zone,Calcutta,KLK,Rural,,ASSIGN TO ENUMERATOR,0,0,0
1616038305,2026-03-28,2026-04-03,,,,,0,,,,,0,,,,,,3,0,1,Eastern Zone,Burdwan,CSR,Rural,,ASSIGN TO ENUMERATOR,0,0,0
1616039305,2026-03-28,2026-04-03,,,,,0,,,,,0,,,,,,3,0,1,Eastern Zone,Burdwan,CSR,Rural,,ASSIGN TO ENUMERATOR,0,0,0
1616040305,2026-03-28,2026-04-03,,,,,0,,,,,0,,,,,,3,0,1,Eastern Zone,Burdwan,CSR,Rural,,ASSIGN TO ENUMERATOR,0,0,0
1616041305,2026-03-28,2026-04-02,,,,,0,,,,,0,,,,,,3,0,1,Eastern Zone,Burdwan,BNK,Rural,,ASSIGN TO ENUMERATOR,0,0,0
1616042305,2026-03-28,2026-04-02,,,,,0,,,,,0,,,,,,3,0,1,Eastern Zone,Burdwan,BNK,Rural,,ASSIGN TO ENUMERATOR,0,0,0
1616043305,2026-03-28,2026-04-02,,,,,0,,,,,0,,,,,,3,0,1,Eastern Zone,Burdwan,BNK,Rural,,ASSIGN TO ENUMERATOR,0,0,0
1616044305,2026-03-28,2026-04-04,,,,,0,,,,,0,,,,,,3,0,1,Eastern Zone,Calcutta,HWH,Rural,,ASSIGN TO ENUMERATOR,0,0,0
1616045305,2026-03-28,2026-04-04,,,,,0,,,,,0,,,,,,3,0,1,Eastern Zone,Calcutta,HWH,Rural,,ASSIGN TO ENUMERATOR,0,0,0
1616046305,2026-03-28,2026-04-04,,,,,0,,,,,0,,,,,,3,0,1,Eastern Zone,Calcutta,KLK,Rural,,ASSIGN TO ENUMERATOR,0,0,0
1616047305,2026-03-28,2026-04-04,,,,,0,,,,,0,,,,,,3,0,1,Eastern Zone,Calcutta,KLK,Rural,,ASSIGN TO ENUMERATOR,0,0,0
1616048305,2026-03-28,2026-04-04,,,,,0,,,,,0,,,,,,3,0,1,Eastern Zone,Calcutta,KLK,Rural,,ASSIGN TO ENUMERATOR,0,0,0
1616049305,2026-03-28,2026-04-04,,,,,0,,,,,0,,,,,,3,0,1,Eastern Zone,Calcutta,KLK,Rural,,ASSIGN TO ENUMERATOR,0,0,0
1616050305,2026-03-28,2026-04-02,2026-04-07,2026-04-07,2026-04-07,2026-04-07,1,2026-04-08,2026-04-08,,,0,,,2026-04-08,2,12,3,0,1,Eastern Zone,Burdwan,MDN,Rural,Accepted by Supervisor,Submitted by Supervisor To Ds ,0,1,0
1616051305,2026-03-28,2026-04-08,,,,,0,,,,,0,,,,,,3,0,1,Eastern Zone,Burdwan,MDN,Rural,,ASSIGN TO ENUMERATOR,0,0,0
1616052305,2026-03-28,2026-04-08,,,,,0,,,,,0,,,,,,3,0,1,Eastern Zone,Burdwan,MDN,Rural,,ASSIGN TO ENUMERATOR,0,0,0
1616053305,2026-03-28,2026-04-09,2026-04-10,2026-04-10,,,0,2026-04-11,2026-04-11,2026-04-13,2026-04-13,1,,,2026-04-13,2,12,3,0,1,Eastern Zone,Burdwan,MDN,Rural,Return by DS,RETURN TO SUPERVISOR BY DS,0,0,1
1616054305,2026-03-28,2026-04-08,,,,,0,,,,,0,,,,,,3,0,1,Eastern Zone,Burdwan,MDN,Rural,,ASSIGN TO ENUMERATOR,0,0,0
1616055305,2026-03-28,2026-04-02,2026-04-04,2026-04-04,,,0,2026-04-05,2026-04-05,,,0,2026-04-08,2026-04-08,2026-04-08,,12,3,0,1,Eastern Zone,Burdwan,MDN,Rural,Accepted By DS SCH_0_0,Accepted By DS /AT CPG (Process) ,1,0,0
1616056305,2026-03-28,2026-04-08,,,,,0,,,,,0,,,,,,3,0,1,Eastern Zone,Burdwan,MDN,Rural,,ASSIGN TO ENUMERATOR,0,0,0
1616057305,2026-03-28,2026-04-01,,,,,0,,,,,0,,,,,,3,0,1,Eastern Zone,Burdwan,BDW,Rural,,ASSIGN TO ENUMERATOR,0,0,0
1616060305,2026-03-28,2026-04-02,,,,,0,,,,,0,,,,,,3,0,1,Eastern Zone,Burdwan,BNK,Rural,,ASSIGN TO ENUMERATOR,0,0,0
1616077205,2026-03-28,2026-04-01,,,,,0,,,,,0,,,,,,2,0,1,Eastern Zone,Burdwan,BDW,Rural,,ASSIGN TO ENUMERATOR,0,0,0
1616078205,2026-03-28,2026-04-01,,,,,0,,,,,0,,,,,,2,0,1,Eastern Zone,Burdwan,BDW,Rural,,ASSIGN TO ENUMERATOR,0,0,0
1616079205,2026-03-28,2026-04-01,,,,,0,,,,,0,,,,,,2,0,1,Eastern Zone,Burdwan,BDW,Rural,,ASSIGN TO ENUMERATOR,0,0,0
1616080205,2026-03-28,2026-04-03,2026-04-10,2026-04-11,2026-04-11,2026-04-11,1,2026-04-12,2026-04-12,,,0,,,2026-04-12,1,12,2,0,1,Eastern Zone,Burdwan,CSR,Rural,Accepted by Supervisor,Submitted by Supervisor To Ds ,0,1,0
1616081205,2026-03-28,2026-04-03,,,,,0,,,,,0,,,,,,2,0,1,Eastern Zone,Burdwan,CSR,Rural,,ASSIGN TO ENUMERATOR,0,0,0
1616082205,2026-03-28,2026-04-03,,,,,0,,,,,0,,,,,,2,0,1,Eastern Zone,Burdwan,CSR,Rural,,ASSIGN TO ENUMERATOR,0,0,0
1616083205,2026-03-28,2026-04-04,,,,,0,,,,,0,,,,,,2,0,1,Eastern Zone,Calcutta,KLK,Rural,,ASSIGN TO ENUMERATOR,0,0,0
1616084205,2026-03-28,2026-04-04,,,,,0,,,,,0,,,,,,2,0,1,Eastern Zone,Calcutta,KLK,Rural,,ASSIGN TO ENUMERATOR,0,0,0
1616085205,2026-03-28,2026-04-04,,,,,0,,,,,0,,,,,,2,0,1,Eastern Zone,Calcutta,KLK,Rural,,ASSIGN TO ENUMERATOR,0,0,0
1616086205,2026-03-28,2026-04-03,2026-04-08,2026-04-08,,,0,2026-04-08,2026-04-08,,,0,,,2026-04-08,,12,2,0,1,Eastern Zone,Burdwan,CSR,Rural,Accepted by Supervisor,Submitted by Supervisor To Ds ,0,1,0
1616087205,2026-03-28,2026-04-03,,,,,0,,,,,0,,,,,,2,0,1,Eastern Zone,Burdwan,CSR,Rural,,ASSIGN TO ENUMERATOR,0,0,0
1616088205,2026-03-28,2026-04-03,2026-04-09,2026-04-10,2026-04-09,2026-04-10,1,2026-04-10,2026-04-11,2026-04-10,2026-04-10,1,2026-04-13,2026-04-13,2026-04-13,5,12,2,0,1,Eastern Zone,Burdwan,CSR,Rural,Accepted By DS SCH_0_0,Accepted By DS /AT CPG (Process) ,0,0,0
1616089205,2026-03-28,2026-04-02,2026-04-09,2026-04-10,,,0,2026-04-10,2026-04-10,,,0,2026-04-10,2026-04-10,2026-04-10,1,12,2,0,1,Eastern Zone,Burdwan,BNK,Rural,Accepted By DS SCH_0_0,Accepted By DS /AT CPG (Process) ,0,0,0
1616090205,2026-03-28,2026-04-02,,,,,0,,,,,0,,,,,,2,0,1,Eastern Zone,Burdwan,BNK,Rural,,ASSIGN TO ENUMERATOR,0,0,0
1616091205,2026-03-28,2026-04-02,2026-04-09,2026-04-09,,,0,2026-04-10,2026-04-10,,,0,2026-04-10,2026-04-10,2026-04-10,1,12,2,0,1,Eastern Zone,Burdwan,BNK,Rural,Accepted By DS SCH_0_0,Accepted By DS /AT CPG (Process) ,1,0,0
1616092205,2026-03-28,2026-04-04,2026-04-12,2026-04-12,,,0,,,,,0,,,2026-04-12,,12,2,0,1,Eastern Zone,Calcutta,HWH,Rural,Submitted by Enumerator,SUBMITTED BY ENUMERATOR,0,0,0
1616093205,2026-03-28,2026-04-04,,,,,0,,,,,0,,,,,,2,0,1,Eastern Zone,Calcutta,HWH,Rural,,ASSIGN TO ENUMERATOR,0,0,0
1616094205,2026-03-28,2026-04-04,,,,,0,,,,,0,,,,,,2,0,1,Eastern Zone,Calcutta,KLK,Rural,,ASSIGN TO ENUMERATOR,0,0,0
1616095205,2026-03-28,2026-04-04,,,,,0,,,,,0,,,,,,2,0,1,Eastern Zone,Calcutta,KLK,Rural,,ASSIGN TO ENUMERATOR,0,0,0
1616096205,2026-03-28,2026-04-04,2026-04-11,2026-04-11,,,0,,,,,0,,,2026-04-11,2,12,2,0,1,Eastern Zone,Calcutta,KLK,Rural,Submitted by Enumerator,SUBMITTED BY ENUMERATOR,0,0,0
1616097205,2026-03-28,2026-04-04,,,,,0,,,,,0,,,,,,2,0,1,Eastern Zone,Calcutta,KLK,Rural,,ASSIGN TO ENUMERATOR,0,0,0
1616098205,2026-03-28,2026-04-08,,,,,0,,,,,0,,,,,,2,0,1,Eastern Zone,Burdwan,MDN,Rural,,ASSIGN TO ENUMERATOR,0,0,0
1616099205,2026-03-28,2026-04-08,,,,,0,,,,,0,,,,,,2,0,1,Eastern Zone,Burdwan,MDN,Rural,,ASSIGN TO ENUMERATOR,0,0,0
1616100205,2026-03-28,2026-04-08,,,,,0,,,,,0,,,,,,2,0,1,Eastern Zone,Burdwan,MDN,Rural,,ASSIGN TO ENUMERATOR,0,0,0
1616101205,2026-03-28,2026-04-08,,,,,0,,,,,0,,,,,,2,0,1,Eastern Zone,Burdwan,MDN,Rural,,ASSIGN TO ENUMERATOR,0,0,0
1616102205,2026-03-28,2026-04-08,,,,,0,,,,,0,,,,,,2,0,1,Eastern Zone,Burdwan,MDN,Rural,,ASSIGN TO ENUMERATOR,0,0,0
1616103205,2026-03-28,2026-04-08,,,,,0,,,,,0,,,,,,2,0,1,Eastern Zone,Burdwan,MDN,Rural,,ASSIGN TO ENUMERATOR,0,0,0
1616104205,2026-03-28,2026-04-08,,,,,0,,,,,0,,,,,,2,0,1,Eastern Zone,Burdwan,MDN,Rural,,ASSIGN TO ENUMERATOR,0,0,0
1616105205,2026-03-28,2026-04-01,,,,,0,,,,,0,,,,,,2,0,1,Eastern Zone,Burdwan,BDW,Rural,,ASSIGN TO ENUMERATOR,0,0,0
1616108205,2026-03-28,2026-04-08,,,,,0,,,,,0,,,2026-04-11,,6,2,0,1,Eastern Zone,Burdwan,MDN,Rural,Submitted by Enumerator,ASSIGN TO ENUMERATOR,0,0,0
1616125105,2026-03-28,2026-04-02,,,,,0,,,,,0,,,,,,1,1,0,Eastern Zone,Burdwan,BDW,Rural,,ASSIGN TO ENUMERATOR,0,0,0
1616126105,2026-03-28,2026-04-02,,,,,0,,,,,0,,,,,,1,1,0,Eastern Zone,Burdwan,BDW,Rural,,ASSIGN TO ENUMERATOR,0,0,0
1616127105,2026-03-28,2026-04-02,,,,,0,,,,,0,,,,,,1,1,0,Eastern Zone,Burdwan,BDW,Rural,,ASSIGN TO ENUMERATOR,0,0,0
1616128105,2026-03-28,2026-04-03,,,,,0,,,,,0,,,,,,1,1,0,Eastern Zone,Burdwan,CSR,Rural,,ASSIGN TO ENUMERATOR,0,0,0
1616129105,2026-03-28,2026-04-07,,,,,0,,,,,0,,,,,,1,1,0,Eastern Zone,Burdwan,CSR,Rural,,ASSIGN TO ENUMERATOR,0,0,0
1616130105,2026-03-28,2026-04-03,,,,,0,,,,,0,,,,,,1,1,0,Eastern Zone,Burdwan,CSR,Rural,,ASSIGN TO ENUMERATOR,0,0,0
1616131105,2026-03-28,2026-04-04,,,,,0,,,,,0,,,2026-04-13,,2,1,1,0,Eastern Zone,Calcutta,KLK,Rural,Submitted by Enumerator,ASSIGN TO ENUMERATOR,0,0,0
1616132105,2026-03-28,2026-04-04,,,,,0,,,,,0,,,,,,1,1,0,Eastern Zone,Calcutta,KLK,Rural,,ASSIGN TO ENUMERATOR,0,0,0
1616133105,2026-03-28,2026-04-08,,,,,0,,,,,0,,,,,,1,1,0,Eastern Zone,Calcutta,KLK,Rural,,ASSIGN TO ENUMERATOR,0,0,0
1616134105,2026-03-28,2026-04-03,,,,,0,,,,,0,,,,,,1,1,0,Eastern Zone,Burdwan,CSR,Rural,,ASSIGN TO ENUMERATOR,0,0,0
1616135105,2026-03-28,2026-04-03,,,,,0,,,,,0,,,,,,1,1,0,Eastern Zone,Burdwan,CSR,Rural,,ASSIGN TO ENUMERATOR,0,0,0
1616136105,2026-03-28,2026-04-03,,,,,0,,,,,0,,,,,,1,1,0,Eastern Zone,Burdwan,CSR,Rural,,ASSIGN TO ENUMERATOR,0,0,0
1616137105,2026-03-28,2026-04-02,,,,,0,,,,,0,,,,,,1,1,0,Eastern Zone,Burdwan,BNK,Rural,,ASSIGN TO ENUMERATOR,0,0,0
1616138105,2026-03-28,2026-04-02,,,,,0,,,,,0,,,,,,1,1,0,Eastern Zone,Burdwan,BNK,Rural,,ASSIGN TO ENUMERATOR,0,0,0
1616139105,2026-03-28,2026-04-02,,,,,0,,,,,0,,,,,,1,1,0,Eastern Zone,Burdwan,BNK,Rural,,ASSIGN TO ENUMERATOR,0,0,0
1616140105,2026-03-28,2026-04-04,,,,,0,,,,,0,,,,,,1,1,0,Eastern Zone,Calcutta,HWH,Rural,,ASSIGN TO ENUMERATOR,0,0,0
1616141105,2026-03-28,2026-04-04,,,,,0,,,,,0,,,,,,1,1,0,Eastern Zone,Calcutta,HWH,Rural,,ASSIGN TO ENUMERATOR,0,0,0
1616142105,2026-03-28,2026-04-04,,,,,0,,,,,0,,,,,,1,1,0,Eastern Zone,Calcutta,KLK,Rural,,ASSIGN TO ENUMERATOR,0,0,0
1616143105,2026-03-28,2026-04-04,,,,,0,,,,,0,,,,,,1,1,0,Eastern Zone,Calcutta,KLK,Rural,,ASSIGN TO ENUMERATOR,0,0,0
1616144105,2026-03-28,2026-04-04,,,,,0,,,,,0,,,,,,1,1,0,Eastern Zone,Calcutta,KLK,Rural,,ASSIGN TO ENUMERATOR,0,0,0
1616145105,2026-03-28,2026-04-07,,,,,0,,,,,0,,,,,,1,1,0,Eastern Zone,Calcutta,KLK,Rural,,ASSIGN TO ENUMERATOR,0,0,0
1616146105,2026-03-28,2026-04-08,2026-04-12,2026-04-12,,,0,,,,,0,,,2026-04-12,1,12,1,1,0,Eastern Zone,Burdwan,MDN,Rural,Submitted by Enumerator,SUBMITTED BY ENUMERATOR,0,0,0
1616147105,2026-03-28,2026-04-08,,,,,0,,,,,0,,,,,,1,1,0,Eastern Zone,Burdwan,MDN,Rural,,ASSIGN TO ENUMERATOR,0,0,0
1616148105,2026-03-28,2026-04-01,,,,,0,,,,,0,,,,,,1,1,0,Eastern Zone,Burdwan,MDN,Rural,,ASSIGN TO ENUMERATOR,0,0,0
1616149105,2026-03-28,2026-04-01,,,,,0,,,,,0,,,,,,1,1,0,Eastern Zone,Burdwan,MDN,Rural,,ASSIGN TO ENUMERATOR,0,0,0
1616150105,2026-03-28,2026-04-08,,,,,0,,,,,0,,,,,,1,1,0,Eastern Zone,Burdwan,MDN,Rural,,ASSIGN TO ENUMERATOR,0,0,0
1616151105,2026-03-28,2026-04-02,,,,,0,,,,,0,,,,,,1,1,0,Eastern Zone,Burdwan,MDN,Rural,,ASSIGN TO ENUMERATOR,0,0,0
1616152105,2026-03-28,2026-04-01,,,,,0,,,,,0,,,,,,1,1,0,Eastern Zone,Burdwan,MDN,Rural,,ASSIGN TO ENUMERATOR,0,0,0
1616153105,2026-03-28,2026-04-01,,,,,0,,,,,0,,,,,,1,1,0,Eastern Zone,Burdwan,BDW,Rural,,ASSIGN TO ENUMERATOR,0,0,0
1616156105,2026-03-28,2026-04-01,2026-04-09,2026-04-09,2026-04-13,2026-04-13,1,,,,,0,,,2026-04-13,2,12,1,1,0,Eastern Zone,Burdwan,MDN,Rural,Returned by Supervisor,RETURN BACK TO ENUMERATOR,0,0,0
1616943405,2026-03-28,2026-03-31,2026-04-04,2026-04-04,,,0,2026-04-05,2026-04-05,,,0,2026-04-09,2026-04-09,2026-04-09,1,12,4,0,1,Eastern Zone,Bhubeneswar,BRD,Rural,Accepted By DS SCH_0_0,Accepted By DS /AT CPG (Process) ,1,0,0
1616944405,2026-03-28,2026-03-31,,,,,0,,,,,0,,,,,,4,0,1,Eastern Zone,Bhubeneswar,BRD,Rural,,ASSIGN TO ENUMERATOR,0,0,0
1616945405,2026-03-28,2026-03-31,2026-04-04,2026-04-04,,,0,2026-04-05,2026-04-05,,,0,2026-04-07,2026-04-07,2026-04-07,1,12,4,0,1,Eastern Zone,Bhubeneswar,BRD,Rural,Accepted By DS SCH_0_0,Accepted By DS /AT CPG (Process) ,1,0,0
1616946405,2026-03-28,2026-03-31,,,,,0,,,,,0,,,,,,4,0,1,Eastern Zone,Bhubeneswar,BRD,Rural,,ASSIGN TO ENUMERATOR,0,0,0
1616947405,2026-03-28,2026-03-31,,,,,0,,,,,0,,,,,,4,0,1,Eastern Zone,Bhubeneswar,BRD,Rural,,ASSIGN TO ENUMERATOR,0,0,0
1616948405,2026-03-28,2026-03-31,,,,,0,,,,,0,,,,,,4,0,1,Eastern Zone,Bhubeneswar,BRD,Rural,,ASSIGN TO ENUMERATOR,0,0,0
1616949405,2026-03-28,2026-03-31,,,,,0,,,,,0,,,,,,4,0,1,Eastern Zone,Bhubeneswar,BRD,Rural,,ASSIGN TO ENUMERATOR,0,0,0
1616950405,2026-03-28,2026-03-31,,,,,0,,,,,0,,,,,,4,0,1,Eastern Zone,Bhubeneswar,BRD,Rural,,ASSIGN TO ENUMERATOR,0,0,0
1616951405,2026-03-28,2026-04-01,,,,,0,,,,,0,,,,,,4,0,1,Eastern Zone,Bhubeneswar,CTC,Rural,,ASSIGN TO ENUMERATOR,0,0,0
1616952405,2026-03-28,2026-04-01,,,,,0,,,,,0,,,,,,4,0,1,Eastern Zone,Bhubeneswar,CTC,Rural,,ASSIGN TO ENUMERATOR,0,0,0
1616953405,2026-03-28,2026-04-01,,,,,0,,,,,0,,,,,,4,0,1,Eastern Zone,Bhubeneswar,CTC,Rural,,ASSIGN TO ENUMERATOR,0,0,0
1616954405,2026-03-28,2026-04-01,,,,,0,,,,,0,,,,,,4,0,1,Eastern Zone,Bhubeneswar,CTC,Rural,,ASSIGN TO ENUMERATOR,0,0,0
1616955405,2026-03-28,2026-04-01,2026-04-03,2026-04-03,,,0,2026-04-04,2026-04-04,,,0,2026-04-09,2026-04-09,2026-04-09,,12,4,0,1,Eastern Zone,Bhubeneswar,CTC,Rural,Accepted By DS SCH_0_0,Accepted By DS /AT CPG (Process) ,1,0,0
1616956405,2026-03-28,2026-04-01,,,,,0,,,,,0,,,,,,4,0,1,Eastern Zone,Bhubeneswar,CTC,Rural,,ASSIGN TO ENUMERATOR,0,0,0
1616957405,2026-03-28,2026-04-01,2026-04-08,2026-04-08,,,0,2026-04-09,2026-04-09,,,0,2026-04-10,2026-04-10,2026-04-10,1,12,4,0,1,Eastern Zone,Bhubeneswar,CTC,Rural,Accepted By DS SCH_0_0,Accepted By DS /AT CPG (Process) ,1,0,0
1616958405,2026-03-28,2026-04-01,,,,,0,,,,,0,,,,,,4,0,1,Eastern Zone,Bhubeneswar,CTC,Rural,,ASSIGN TO ENUMERATOR,0,0,0
1616959405,2026-03-28,2026-04-01,2026-04-08,2026-04-09,2026-04-09,2026-04-09,1,2026-04-09,2026-04-09,,,0,,,2026-04-09,2,12,4,0,1,Eastern Zone,Bhubeneswar,CTC,Rural,Accepted by Supervisor,Submitted by Supervisor To Ds ,0,1,0
1616960405,2026-03-28,2026-04-01,2026-04-04,2026-04-04,2026-04-04,2026-04-04,1,2026-04-04,2026-04-04,,,0,2026-04-06,2026-04-06,2026-04-06,2,12,4,0,1,Eastern Zone,Bhubeneswar,CTC,Rural,Accepted By DS SCH_0_0,Accepted By DS /AT CPG (Process) ,0,0,0
1616961405,2026-03-28,2026-04-01,,,,,0,,,,,0,,,,,,4,0,1,Eastern Zone,Bhubeneswar,CTC,Rural,,ASSIGN TO ENUMERATOR,0,0,0
1616962405,2026-03-28,2026-04-01,,,,,0,,,,,0,,,,,,4,0,1,Eastern Zone,Bhubeneswar,CTC,Rural,,ASSIGN TO ENUMERATOR,0,0,0
1616963405,2026-03-28,2026-04-01,2026-04-04,2026-04-04,2026-04-04,2026-04-04,1,2026-04-04,2026-04-04,,,0,2026-04-07,2026-04-07,2026-04-07,3,12,4,0,1,Eastern Zone,Bhubeneswar,CTC,Rural,Accepted By DS SCH_0_0,Accepted By DS /AT CPG (Process) ,0,0,0
1616964405,2026-03-28,2026-04-01,,,,,0,,,,,0,,,,,,4,0,1,Eastern Zone,Bhubeneswar,CTC,Rural,,ASSIGN TO ENUMERATOR,0,0,0
1616965405,2026-03-28,2026-04-08,,,,,0,,,,,0,,,,,,4,0,1,Eastern Zone,Bhubeneswar,BBS,Rural,,ASSIGN TO ENUMERATOR,0,0,0
1616966405,2026-03-28,2026-04-08,2026-04-11,2026-04-11,2026-04-13,2026-04-13,1,,,,,0,,,2026-04-13,1,12,4,0,1,Eastern Zone,Bhubeneswar,BBS,Rural,Returned by Supervisor,RETURN BACK TO ENUMERATOR,0,0,0
1616967405,2026-03-28,2026-04-08,,,,,0,,,,,0,,,,,,4,0,1,Eastern Zone,Bhubeneswar,BBS,Rural,,ASSIGN TO ENUMERATOR,0,0,0
1616968405,2026-03-28,2026-03-31,2026-04-12,2026-04-12,,,0,2026-04-13,2026-04-13,,,0,2026-04-13,2026-04-13,2026-04-13,,12,4,0,1,Eastern Zone,Bhubeneswar,BBS,Rural,Accepted By DS SCH_0_0,Accepted By DS /AT CPG (Process) ,1,0,0
1616969405,2026-03-28,2026-03-30,2026-04-11,2026-04-11,,,0,2026-04-11,2026-04-11,,,0,,,2026-04-11,,12,4,0,1,Eastern Zone,Bhubeneswar,BHP,Rural,Accepted by Supervisor,Submitted by Supervisor To Ds ,0,1,0
1616970405,2026-03-28,2026-03-30,,,,,0,,,,,0,,,,,,4,0,1,Eastern Zone,Bhubeneswar,BHP,Rural,,ASSIGN TO ENUMERATOR,0,0,0
1616971405,2026-03-28,2026-03-30,,,,,0,,,,,0,,,,,,4,0,1,Eastern Zone,Bhubeneswar,BHP,Rural,,ASSIGN TO ENUMERATOR,0,0,0
1616982405,2026-03-28,2026-03-31,,,,,0,,,,,0,,,,,,4,0,1,Eastern Zone,Bhubeneswar,BBS,Rural,,ASSIGN TO ENUMERATOR,0,0,0
1616983405,2026-03-28,2026-03-30,2026-04-11,2026-04-12,2026-04-11,2026-04-12,1,2026-04-12,2026-04-12,,,0,,,2026-04-12,2,12,4,0,1,Eastern Zone,Bhubeneswar,BHP,Rural,Accepted by Supervisor,Submitted by Supervisor To Ds ,0,1,0
1616991305,2026-03-28,2026-03-31,2026-04-04,2026-04-06,2026-04-06,2026-04-06,1,2026-04-06,2026-04-06,,,0,2026-04-09,2026-04-09,2026-04-09,3,12,3,0,1,Eastern Zone,Bhubeneswar,BRD,Rural,Accepted By DS SCH_0_0,Accepted By DS /AT CPG (Process) ,0,0,0
1616992305,2026-03-28,2026-03-31,,,,,0,,,,,0,,,,,,3,0,1,Eastern Zone,Bhubeneswar,BRD,Rural,,ASSIGN TO ENUMERATOR,0,0,0
1616993305,2026-03-28,2026-03-31,,,,,0,,,,,0,,,,,,3,0,1,Eastern Zone,Bhubeneswar,BRD,Rural,,ASSIGN TO ENUMERATOR,0,0,0
1616994305,2026-03-28,2026-03-31,,,,,0,,,,,0,,,,,,3,0,1,Eastern Zone,Bhubeneswar,BRD,Rural,,ASSIGN TO ENUMERATOR,0,0,0
1616995305,2026-03-28,2026-03-31,,,,,0,,,,,0,,,,,,3,0,1,Eastern Zone,Bhubeneswar,BRD,Rural,,ASSIGN TO ENUMERATOR,0,0,0
1616996305,2026-03-28,2026-03-31,,,,,0,,,,,0,,,,,,3,0,1,Eastern Zone,Bhubeneswar,BRD,Rural,,ASSIGN TO ENUMERATOR,0,0,0
1616997305,2026-03-28,2026-03-31,,,,,0,,,,,0,,,,,,3,0,1,Eastern Zone,Bhubeneswar,BRD,Rural,,ASSIGN TO ENUMERATOR,0,0,0
1616998305,2026-03-28,2026-03-31,,,,,0,,,,,0,,,,,,3,0,1,Eastern Zone,Bhubeneswar,BRD,Rural,,ASSIGN TO ENUMERATOR,0,0,0
1616999305,2026-03-28,2026-04-01,,,,,0,,,,,0,,,,,,3,0,1,Eastern Zone,Bhubeneswar,CTC,Rural,,ASSIGN TO ENUMERATOR,0,0,0
1617000305,2026-03-28,2026-04-01,2026-04-10,2026-04-10,,,0,2026-04-10,2026-04-10,,,0,2026-04-10,2026-04-10,2026-04-10,,12,3,0,1,Eastern Zone,Bhubeneswar,CTC,Rural,Accepted By DS SCH_0_0,Accepted By DS /AT CPG (Process) ,1,0,0
1617001305,2026-03-28,2026-04-01,,,,,0,,,,,0,,,,,,3,0,1,Eastern Zone,Bhubeneswar,CTC,Rural,,ASSIGN TO ENUMERATOR,0,0,0
1617002305,2026-03-28,2026-04-01,2026-04-03,2026-04-04,2026-04-04,2026-04-04,1,2026-04-04,2026-04-04,,,0,2026-04-06,2026-04-06,2026-04-06,1,12,3,0,1,Eastern Zone,Bhubeneswar,CTC,Rural,Accepted By DS SCH_0_0,Accepted By DS /AT CPG (Process) ,0,0,0
1617003305,2026-03-28,2026-04-01,,,,,0,,,,,0,,,,,,3,0,1,Eastern Zone,Bhubeneswar,CTC,Rural,,ASSIGN TO ENUMERATOR,0,0,0
1617004305,2026-03-28,2026-04-01,,,,,0,,,,,0,,,,,,3,0,1,Eastern Zone,Bhubeneswar,CTC,Rural,,ASSIGN TO ENUMERATOR,0,0,0
1617005305,2026-03-28,2026-04-01,2026-04-10,2026-04-10,2026-04-10,2026-04-10,1,2026-04-10,2026-04-10,,,0,,,2026-04-10,1,12,3,0,1,Eastern Zone,Bhubeneswar,CTC,Rural,Accepted by Supervisor,Submitted by Supervisor To Ds ,0,1,0
1617006305,2026-03-28,2026-04-01,2026-04-03,2026-04-03,2026-04-03,2026-04-03,1,2026-04-04,2026-04-04,,,0,2026-04-08,2026-04-08,2026-04-08,1,12,3,0,1,Eastern Zone,Bhubeneswar,CTC,Rural,Accepted By DS SCH_0_0,Accepted By DS /AT CPG (Process) ,0,0,0
1617007305,2026-03-28,2026-04-01,,,,,0,,,,,0,,,,,,3,0,1,Eastern Zone,Bhubeneswar,CTC,Rural,,ASSIGN TO ENUMERATOR,0,0,0
1617008305,2026-03-28,2026-04-01,,,,,0,,,,,0,,,,,,3,0,1,Eastern Zone,Bhubeneswar,CTC,Rural,,ASSIGN TO ENUMERATOR,0,0,0
1617009305,2026-03-28,2026-04-01,,,,,0,,,,,0,,,,,,3,0,1,Eastern Zone,Bhubeneswar,CTC,Rural,,ASSIGN TO ENUMERATOR,0,0,0
1617010305,2026-03-28,2026-04-01,2026-04-03,2026-04-03,,,0,2026-04-04,2026-04-04,,,0,2026-04-08,2026-04-08,2026-04-08,,12,3,0,1,Eastern Zone,Bhubeneswar,CTC,Rural,Accepted By DS SCH_0_0,Accepted By DS /AT CPG (Process) ,1,0,0
1617011305,2026-03-28,2026-04-01,2026-04-03,2026-04-03,,,0,2026-04-04,2026-04-04,,,0,2026-04-07,2026-04-07,2026-04-07,,12,3,0,1,Eastern Zone,Bhubeneswar,CTC,Rural,Accepted By DS SCH_0_0,Accepted By DS /AT CPG (Process) ,1,0,0
1617012305,2026-03-28,2026-04-01,,,,,0,,,,,0,,,,,,3,0,1,Eastern Zone,Bhubeneswar,CTC,Rural,,ASSIGN TO ENUMERATOR,0,0,0
1617013305,2026-03-28,2026-04-08,2026-04-11,2026-04-11,2026-04-13,2026-04-13,1,,,,,0,,,2026-04-13,1,12,3,0,1,Eastern Zone,Bhubeneswar,BBS,Rural,Returned by Supervisor,RETURN BACK TO ENUMERATOR,0,0,0
1617014305,2026-03-28,2026-03-31,,,,,0,,,,,0,,,,,,3,0,1,Eastern Zone,Bhubeneswar,BBS,Rural,,ASSIGN TO ENUMERATOR,0,0,0
1617015305,2026-03-28,2026-03-31,,,,,0,,,,,0,,,,,,3,0,1,Eastern Zone,Bhubeneswar,BBS,Rural,,ASSIGN TO ENUMERATOR,0,0,0
1617016305,2026-03-28,2026-03-31,,,,,0,,,,,0,,,,,,3,0,1,Eastern Zone,Bhubeneswar,BBS,Rural,,ASSIGN TO ENUMERATOR,0,0,0
1617017305,2026-03-28,2026-03-30,,,,,0,,,,,0,,,,,,3,0,1,Eastern Zone,Bhubeneswar,BHP,Rural,,ASSIGN TO ENUMERATOR,0,0,0
1617018305,2026-03-28,2026-03-30,,,,,0,,,,,0,,,,,,3,0,1,Eastern Zone,Bhubeneswar,BHP,Rural,,ASSIGN TO ENUMERATOR,0,0,0
1617019305,2026-03-28,2026-03-30,,,,,0,,,,,0,,,,,,3,0,1,Eastern Zone,Bhubeneswar,BHP,Rural,,ASSIGN TO ENUMERATOR,0,0,0
1617030305,2026-03-28,2026-03-31,,,,,0,,,,,0,,,,,,3,0,1,Eastern Zone,Bhubeneswar,BBS,Rural,,ASSIGN TO ENUMERATOR,0,0,0
1617031305,2026-03-28,2026-03-30,2026-04-11,2026-04-11,,,0,2026-04-11,2026-04-11,,,0,,,2026-04-11,,12,3,0,1,Eastern Zone,Bhubeneswar,BHP,Rural,Accepted by Supervisor,Submitted by Supervisor To Ds ,0,1,0
1617039205,2026-03-28,2026-03-31,,,,,0,,,,,0,,,,,,2,0,1,Eastern Zone,Bhubeneswar,BRD,Rural,,ASSIGN TO ENUMERATOR,0,0,0
1617040205,2026-03-28,2026-03-31,,,,,0,,,,,0,,,,,,2,0,1,Eastern Zone,Bhubeneswar,BRD,Rural,,ASSIGN TO ENUMERATOR,0,0,0
1617041205,2026-03-28,2026-03-31,,,,,0,,,,,0,,,,,,2,0,1,Eastern Zone,Bhubeneswar,BRD,Rural,,ASSIGN TO ENUMERATOR,0,0,0
1617042205,2026-03-28,2026-03-31,,,,,0,,,,,0,,,,,,2,0,1,Eastern Zone,Bhubeneswar,BRD,Rural,,ASSIGN TO ENUMERATOR,0,0,0
1617043205,2026-03-28,2026-03-31,,,,,0,,,,,0,,,,,,2,0,1,Eastern Zone,Bhubeneswar,BRD,Rural,,ASSIGN TO ENUMERATOR,0,0,0
1617044205,2026-03-28,2026-03-31,,,,,0,,,,,0,,,,,,2,0,1,Eastern Zone,Bhubeneswar,BRD,Rural,,ASSIGN TO ENUMERATOR,0,0,0
1617045205,2026-03-28,2026-03-31,,,,,0,,,,,0,,,,,,2,0,1,Eastern Zone,Bhubeneswar,BRD,Rural,,ASSIGN TO ENUMERATOR,0,0,0
1617046205,2026-03-28,2026-03-31,,,,,0,,,,,0,,,,,,2,0,1,Eastern Zone,Bhubeneswar,BRD,Rural,,ASSIGN TO ENUMERATOR,0,0,0
1617047205,2026-03-28,2026-04-01,2026-04-08,2026-04-09,2026-04-09,2026-04-09,1,2026-04-09,2026-04-09,,,0,2026-04-10,2026-04-10,2026-04-10,1,12,2,0,1,Eastern Zone,Bhubeneswar,CTC,Rural,Accepted By DS SCH_0_0,Accepted By DS /AT CPG (Process) ,0,0,0
1617048205,2026-03-28,2026-04-01,,,,,0,,,,,0,,,,,,2,0,1,Eastern Zone,Bhubeneswar,CTC,Rural,,ASSIGN TO ENUMERATOR,0,0,0
1617049205,2026-03-28,2026-04-01,,,,,0,,,,,0,,,,,,2,0,1,Eastern Zone,Bhubeneswar,CTC,Rural,,ASSIGN TO ENUMERATOR,0,0,0
1617050205,2026-03-28,2026-04-01,2026-04-03,2026-04-03,,,0,2026-04-04,2026-04-04,,,0,2026-04-06,2026-04-06,2026-04-06,,12,2,0,1,Eastern Zone,Bhubeneswar,CTC,Rural,Accepted By DS SCH_0_0,Accepted By DS /AT CPG (Process) ,1,0,0
1617051205,2026-03-28,2026-04-01,,,,,0,,,,,0,,,,,,2,0,1,Eastern Zone,Bhubeneswar,CTC,Rural,,ASSIGN TO ENUMERATOR,0,0,0
1617052205,2026-03-28,2026-04-01,,,,,0,,,,,0,,,,,,2,0,1,Eastern Zone,Bhubeneswar,CTC,Rural,,ASSIGN TO ENUMERATOR,0,0,0
1617053205,2026-03-28,2026-04-01,,,,,0,,,,,0,,,,,,2,0,1,Eastern Zone,Bhubeneswar,CTC,Rural,,ASSIGN TO ENUMERATOR,0,0,0
1617054205,2026-03-28,2026-04-01,,,,,0,,,,,0,,,,,,2,0,1,Eastern Zone,Bhubeneswar,CTC,Rural,,ASSIGN TO ENUMERATOR,0,0,0
1617055205,2026-03-28,2026-04-01,2026-04-04,2026-04-04,,,0,2026-04-07,2026-04-07,,,0,,,2026-04-07,1,12,2,0,1,Eastern Zone,Bhubeneswar,CTC,Rural,Accepted by Supervisor,Submitted by Supervisor To Ds ,0,1,0
1617056205,2026-03-28,2026-04-01,,,,,0,,,,,0,,,,,,2,0,1,Eastern Zone,Bhubeneswar,CTC,Rural,,ASSIGN TO ENUMERATOR,0,0,0
1617057205,2026-03-28,2026-04-01,,,,,0,,,,,0,,,,,,2,0,1,Eastern Zone,Bhubeneswar,CTC,Rural,,ASSIGN TO ENUMERATOR,0,0,0
1617058205,2026-03-28,2026-04-01,2026-04-03,2026-04-04,2026-04-04,2026-04-04,1,2026-04-04,2026-04-04,,,0,2026-04-08,2026-04-08,2026-04-08,1,12,2,0,1,Eastern Zone,Bhubeneswar,CTC,Rural,Accepted By DS SCH_0_0,Accepted By DS /AT CPG (Process) ,0,0,0
1617059205,2026-03-28,2026-04-01,,,,,0,,,,,0,,,,,,2,0,1,Eastern Zone,Bhubeneswar,CTC,Rural,,ASSIGN TO ENUMERATOR,0,0,0
1617060205,2026-03-28,2026-04-01,,,,,0,,,,,0,,,,,,2,0,1,Eastern Zone,Bhubeneswar,CTC,Rural,,ASSIGN TO ENUMERATOR,0,0,0
1617061205,2026-03-28,2026-03-31,,,,,0,,,,,0,,,,,,2,0,1,Eastern Zone,Bhubeneswar,BBS,Rural,,ASSIGN TO ENUMERATOR,0,0,0
1617062205,2026-03-28,2026-03-31,,,,,0,,,,,0,,,,,,2,0,1,Eastern Zone,Bhubeneswar,BBS,Rural,,ASSIGN TO ENUMERATOR,0,0,0
1617063205,2026-03-28,2026-03-31,,,,,0,,,,,0,,,,,,2,0,1,Eastern Zone,Bhubeneswar,BBS,Rural,,ASSIGN TO ENUMERATOR,0,0,0
1617064205,2026-03-28,2026-04-08,,,,,0,,,,,0,,,,,,2,0,1,Eastern Zone,Bhubeneswar,BBS,Rural,,ASSIGN TO ENUMERATOR,0,0,0
1617065205,2026-03-28,2026-03-30,,,,,0,,,,,0,,,,,,2,0,1,Eastern Zone,Bhubeneswar,BHP,Rural,,ASSIGN TO ENUMERATOR,0,0,0
1617066205,2026-03-28,2026-03-30,,,,,0,,,,,0,,,,,,2,0,1,Eastern Zone,Bhubeneswar,BHP,Rural,,ASSIGN TO ENUMERATOR,0,0,0
1617067205,2026-03-28,2026-03-30,2026-04-10,2026-04-10,,,0,2026-04-10,2026-04-10,,,0,,,2026-04-10,,12,2,0,1,Eastern Zone,Bhubeneswar,BHP,Rural,Accepted by Supervisor,Submitted by Supervisor To Ds ,0,1,0
1617078205,2026-03-28,2026-03-31,,,,,0,,,,,0,,,,,,2,0,1,Eastern Zone,Bhubeneswar,BBS,Rural,,ASSIGN TO ENUMERATOR,0,0,0
1617079205,2026-03-28,2026-03-30,,,,,0,,,,,0,,,,,,2,0,1,Eastern Zone,Bhubeneswar,BHP,Rural,,ASSIGN TO ENUMERATOR,0,0,0
1617087105,2026-03-28,2026-03-31,2026-04-13,2026-04-13,2026-04-13,2026-04-13,1,,,,,0,,,2026-04-13,4,12,1,1,0,Eastern Zone,Bhubeneswar,BRD,Rural,Returned by Supervisor,RETURN BACK TO ENUMERATOR,0,0,0
1617088105,2026-03-28,2026-03-31,,,,,0,,,,,0,,,,,,1,1,0,Eastern Zone,Bhubeneswar,BRD,Rural,,ASSIGN TO ENUMERATOR,0,0,0
1617089105,2026-03-28,2026-03-31,2026-04-12,2026-04-12,,,0,,,,,0,,,2026-04-12,1,12,1,1,0,Eastern Zone,Bhubeneswar,BRD,Rural,Submitted by Enumerator,SUBMITTED BY ENUMERATOR,0,0,0
1617090105,2026-03-28,2026-03-31,,,,,0,,,,,0,,,,,,1,1,0,Eastern Zone,Bhubeneswar,BRD,Rural,,ASSIGN TO ENUMERATOR,0,0,0
1617091105,2026-03-28,2026-03-31,2026-04-13,2026-04-13,,,0,,,,,0,,,2026-04-13,4,12,1,1,0,Eastern Zone,Bhubeneswar,BRD,Rural,Submitted by Enumerator,SUBMITTED BY ENUMERATOR,0,0,0
1617092105,2026-03-28,2026-03-31,2026-04-12,2026-04-12,,,0,,,,,0,,,2026-04-12,,12,1,1,0,Eastern Zone,Bhubeneswar,BRD,Rural,Submitted by Enumerator,SUBMITTED BY ENUMERATOR,0,0,0
1617093105,2026-03-28,2026-03-31,,,,,0,,,,,0,,,,,,1,1,0,Eastern Zone,Bhubeneswar,BRD,Rural,,ASSIGN TO ENUMERATOR,0,0,0
1617094105,2026-03-28,2026-03-31,,,,,0,,,,,0,,,,,,1,1,0,Eastern Zone,Bhubeneswar,BRD,Rural,,ASSIGN TO ENUMERATOR,0,0,0
1617095105,2026-03-28,2026-04-01,2026-04-12,2026-04-12,2026-04-12,2026-04-12,1,2026-04-13,2026-04-13,,,0,,,2026-04-13,3,12,1,1,0,Eastern Zone,Bhubeneswar,CTC,Rural,Accepted by Supervisor,Submitted by Supervisor To Ds ,0,1,0
1617096105,2026-03-28,2026-04-01,,,,,0,,,,,0,,,,,,1,1,0,Eastern Zone,Bhubeneswar,CTC,Rural,,ASSIGN TO ENUMERATOR,0,0,0
1617097105,2026-03-28,2026-04-01,,,,,0,,,,,0,,,,,,1,1,0,Eastern Zone,Bhubeneswar,CTC,Rural,,ASSIGN TO ENUMERATOR,0,0,0
1617098105,2026-03-28,2026-04-01,2026-04-12,2026-04-12,,,0,,,,,0,,,2026-04-12,2,12,1,1,0,Eastern Zone,Bhubeneswar,CTC,Rural,Submitted by Enumerator,SUBMITTED BY ENUMERATOR,0,0,0
1617099105,2026-03-28,2026-04-01,2026-04-13,2026-04-13,,,0,,,,,0,,,2026-04-13,4,12,1,1,0,Eastern Zone,Bhubeneswar,CTC,Rural,Submitted by Enumerator,SUBMITTED BY ENUMERATOR,0,0,0
1617100105,2026-03-28,2026-04-01,,,,,0,,,,,0,,,,,,1,1,0,Eastern Zone,Bhubeneswar,CTC,Rural,,ASSIGN TO ENUMERATOR,0,0,0
1617101105,2026-03-28,2026-04-01,,,,,0,,,,,0,,,,,,1,1,0,Eastern Zone,Bhubeneswar,CTC,Rural,,ASSIGN TO ENUMERATOR,0,0,0
1617102105,2026-03-28,2026-04-01,,,,,0,,,,,0,,,,,,1,1,0,Eastern Zone,Bhubeneswar,CTC,Rural,,ASSIGN TO ENUMERATOR,0,0,0
1617103105,2026-03-28,2026-04-01,,,,,0,,,,,0,,,,,,1,1,0,Eastern Zone,Bhubeneswar,CTC,Rural,,ASSIGN TO ENUMERATOR,0,0,0
1617104105,2026-03-28,2026-04-01,,,,,0,,,,,0,,,,,,1,1,0,Eastern Zone,Bhubeneswar,CTC,Rural,,ASSIGN TO ENUMERATOR,0,0,0
1617105105,2026-03-28,2026-04-01,,,,,0,,,,,0,,,,,,1,1,0,Eastern Zone,Bhubeneswar,CTC,Rural,,ASSIGN TO ENUMERATOR,0,0,0
1617106105,2026-03-28,2026-04-01,,,,,0,,,,,0,,,,,,1,1,0,Eastern Zone,Bhubeneswar,CTC,Rural,,ASSIGN TO ENUMERATOR,0,0,0
1617107105,2026-03-28,2026-04-01,,,,,0,,,,,0,,,,,,1,1,0,Eastern Zone,Bhubeneswar,CTC,Rural,,ASSIGN TO ENUMERATOR,0,0,0
1617108105,2026-03-28,2026-04-01,2026-04-12,2026-04-12,2026-04-13,2026-04-13,1,,,,,0,,,2026-04-13,5,12,1,1,0,Eastern Zone,Bhubeneswar,CTC,Rural,Returned by Supervisor,RETURN BACK TO ENUMERATOR,0,0,0
1617109105,2026-03-28,2026-03-31,,,,,0,,,,,0,,,,,,1,1,0,Eastern Zone,Bhubeneswar,BBS,Rural,,ASSIGN TO ENUMERATOR,0,0,0
1617110105,2026-03-28,2026-03-31,,,,,0,,,,,0,,,,,,1,1,0,Eastern Zone,Bhubeneswar,BBS,Rural,,ASSIGN TO ENUMERATOR,0,0,0
1617111105,2026-03-28,2026-03-31,2026-04-12,2026-04-12,,,0,2026-04-13,2026-04-13,,,0,,,2026-04-13,,12,1,1,0,Eastern Zone,Bhubeneswar,BBS,Rural,Accepted by Supervisor,Submitted by Supervisor To Ds ,0,1,0
1617112105,2026-03-28,2026-04-07,2026-04-12,2026-04-12,,,0,,,,,0,,,2026-04-12,2,12,1,1,0,Eastern Zone,Bhubeneswar,BBS,Rural,Submitted by Enumerator,SUBMITTED BY ENUMERATOR,0,0,0
1617113105,2026-03-28,2026-03-30,,,,,0,,,,,0,,,,,,1,1,0,Eastern Zone,Bhubeneswar,BHP,Rural,,ASSIGN TO ENUMERATOR,0,0,0
1617114105,2026-03-28,2026-03-30,,,,,0,,,,,0,,,,,,1,1,0,Eastern Zone,Bhubeneswar,BHP,Rural,,ASSIGN TO ENUMERATOR,0,0,0
1617115105,2026-03-28,2026-03-30,,,,,0,,,,,0,,,,,,1,1,0,Eastern Zone,Bhubeneswar,BHP,Rural,,ASSIGN TO ENUMERATOR,0,0,0
1617126105,2026-03-28,2026-03-31,,,,,0,,,,,0,,,,,,1,1,0,Eastern Zone,Bhubeneswar,BBS,Rural,,ASSIGN TO ENUMERATOR,0,0,0
1618857405,2026-03-28,2026-04-02,,,,,0,,,,,0,,,,,,4,0,1,West Zone,Ahmedabad,SDN,Rural,,ASSIGN TO ENUMERATOR,0,0,0
1618858405,2026-03-28,2026-04-02,,,,,0,,,,,0,,,,,,4,0,1,West Zone,Ahmedabad,SDN,Rural,,ASSIGN TO ENUMERATOR,0,0,0
1618866405,2026-03-28,2026-04-02,2026-04-04,2026-04-04,,,0,2026-04-09,2026-04-09,2026-04-09,2026-04-09,1,,,2026-04-09,1,12,4,0,1,West Zone,Ahmedabad,AHM,Rural,Return by DS,RETURN TO SUPERVISOR BY DS,0,0,1
1618867405,2026-03-28,2026-04-02,,,,,0,,,,,0,,,,,,4,0,1,West Zone,Ahmedabad,AHM,Rural,,ASSIGN TO ENUMERATOR,0,0,0
1618868405,2026-03-28,2026-04-02,2026-04-07,2026-04-07,,,0,2026-04-09,2026-04-09,,,0,2026-04-10,2026-04-10,2026-04-10,1,12,4,0,1,West Zone,Ahmedabad,AHM,Rural,Accepted By DS SCH_0_0,Accepted By DS /AT CPG (Process) ,1,0,0
1618869405,2026-03-28,2026-04-02,2026-04-08,2026-04-08,,,0,2026-04-08,2026-04-08,,,0,2026-04-08,2026-04-08,2026-04-08,,12,4,0,1,West Zone,Ahmedabad,SDN,Rural,Accepted By DS SCH_0_0,Accepted By DS /AT CPG (Process) ,1,0,0
1618870405,2026-03-28,2026-04-02,,,,,0,,,,,0,,,,,,4,0,1,West Zone,Ahmedabad,SDN,Rural,,ASSIGN TO ENUMERATOR,0,0,0
1618871405,2026-03-28,2026-04-02,,,,,0,,,,,0,,,,,,4,0,1,West Zone,Ahmedabad,RJK,Rural,,ASSIGN TO ENUMERATOR,0,0,0
1618872405,2026-03-28,2026-04-02,2026-04-12,2026-04-12,,,0,,,,,0,,,2026-04-12,,12,4,0,1,West Zone,Ahmedabad,RJK,Rural,Submitted by Enumerator,SUBMITTED BY ENUMERATOR,0,0,0
1618873405,2026-03-28,2026-04-01,2026-04-07,2026-04-07,,,0,2026-04-07,2026-04-07,,,0,2026-04-07,2026-04-07,2026-04-07,,12,4,0,1,West Zone,Ahmedabad,JMN,Rural,Accepted By DS SCH_0_0,Accepted By DS /AT CPG (Process) ,1,0,0
1618874405,2026-03-28,2026-04-01,,,,,0,,,,,0,,,,,,4,0,1,West Zone,Ahmedabad,JMN,Rural,,ASSIGN TO ENUMERATOR,0,0,0
1618875405,2026-03-28,2026-04-06,,,,,0,,,,,0,,,,,,4,0,1,West Zone,Ahmedabad,RJK,Rural,,ASSIGN TO ENUMERATOR,0,0,0
1618876405,2026-03-28,2026-04-06,,,,,0,,,,,0,,,,,,4,0,1,West Zone,Ahmedabad,RJK,Rural,,ASSIGN TO ENUMERATOR,0,0,0
1618877405,2026-03-28,2026-04-02,2026-04-11,2026-04-11,,,0,2026-04-13,2026-04-13,,,0,2026-04-13,2026-04-13,2026-04-13,,12,4,0,1,West Zone,Ahmedabad,BVN,Rural,Accepted By DS SCH_0_0,Accepted By DS /AT CPG (Process) ,1,0,0
1618878405,2026-03-28,2026-04-02,,,,,0,,,,,0,,,,,,4,0,1,West Zone,Ahmedabad,BVN,Rural,,ASSIGN TO ENUMERATOR,0,0,0
1618879405,2026-03-28,2026-04-02,,,,,0,,,,,0,,,,,,4,0,1,West Zone,Ahmedabad,BVN,Rural,,ASSIGN TO ENUMERATOR,0,0,0
1618880405,2026-03-28,2026-04-02,2026-04-08,2026-04-09,2026-04-09,2026-04-09,1,2026-04-09,2026-04-09,2026-04-09,2026-04-09,1,2026-04-10,2026-04-10,2026-04-10,6,12,4,0,1,West Zone,Ahmedabad,BVN,Rural,Accepted By DS SCH_0_0,Accepted By DS /AT CPG (Process) ,0,0,0
1618896405,2026-03-28,2026-04-02,,,,,0,,,,,0,,,,,,4,0,1,West Zone,Ahmedabad,RJK,Rural,,ASSIGN TO ENUMERATOR,0,0,0
1618897405,2026-03-28,2026-04-01,,,,,0,,,,,0,,,,,,4,0,1,West Zone,Ahmedabad,RJK,Rural,,ASSIGN TO ENUMERATOR,0,0,0
1618901405,2026-03-28,2026-04-01,,,,,0,,,,,0,,,,,,4,0,1,West Zone,Ahmedabad,JMN,Rural,,ASSIGN TO ENUMERATOR,0,0,0
1618902305,2026-03-28,2026-04-02,,,,,0,,,,,0,,,,,,3,0,1,West Zone,Ahmedabad,SDN,Rural,,ASSIGN TO ENUMERATOR,0,0,0
1618903305,2026-03-28,2026-04-02,,,,,0,,,,,0,,,,,,3,0,1,West Zone,Ahmedabad,SDN,Rural,,ASSIGN TO ENUMERATOR,0,0,0
1618911305,2026-03-28,2026-04-02,2026-04-09,2026-04-09,2026-04-10,2026-04-10,1,2026-04-09,2026-04-09,2026-04-10,2026-04-10,1,,,2026-04-10,4,12,3,0,1,West Zone,Ahmedabad,AHM,Rural,Accepted by Supervisor,RETURN BACK TO ENUMERATOR,0,0,1
1618912305,2026-03-28,2026-04-02,,,,,0,,,,,0,,,,,,3,0,1,West Zone,Ahmedabad,AHM,Rural,,ASSIGN TO ENUMERATOR,0,0,0
1618913305,2026-03-28,2026-04-02,,,,,0,,,,,0,,,,,,3,0,1,West Zone,Ahmedabad,AHM,Rural,,ASSIGN TO ENUMERATOR,0,0,0
1618914305,2026-03-28,2026-04-02,,,,,0,,,,,0,,,,,,3,0,1,West Zone,Ahmedabad,SDN,Rural,,ASSIGN TO ENUMERATOR,0,0,0
1618915305,2026-03-28,2026-04-02,,,,,0,,,,,0,,,,,,3,0,1,West Zone,Ahmedabad,SDN,Rural,,ASSIGN TO ENUMERATOR,0,0,0
1618916305,2026-03-28,2026-04-02,2026-04-11,2026-04-11,,,0,,,,,0,,,2026-04-11,,12,3,0,1,West Zone,Ahmedabad,RJK,Rural,Submitted by Enumerator,SUBMITTED BY ENUMERATOR,0,0,0
1618917305,2026-03-28,2026-04-02,,,,,0,,,,,0,,,,,,3,0,1,West Zone,Ahmedabad,RJK,Rural,,ASSIGN TO ENUMERATOR,0,0,0
1618918305,2026-03-28,2026-04-01,,,,,0,,,,,0,,,,,,3,0,1,West Zone,Ahmedabad,JMN,Rural,,ASSIGN TO ENUMERATOR,0,0,0
1618919305,2026-03-28,2026-04-01,,,,,0,,,,,0,,,,,,3,0,1,West Zone,Ahmedabad,JMN,Rural,,ASSIGN TO ENUMERATOR,0,0,0
1618920305,2026-03-28,2026-04-02,,,,,0,,,,,0,,,,,,3,0,1,West Zone,Ahmedabad,RJK,Rural,,ASSIGN TO ENUMERATOR,0,0,0
1618921305,2026-03-28,2026-04-06,,,,,0,,,,,0,,,,,,3,0,1,West Zone,Ahmedabad,RJK,Rural,,ASSIGN TO ENUMERATOR,0,0,0
1618922305,2026-03-28,2026-04-02,,,,,0,,,,,0,,,,,,3,0,1,West Zone,Ahmedabad,BVN,Rural,,ASSIGN TO ENUMERATOR,0,0,0
1618923305,2026-03-28,2026-04-02,,,,,0,,,,,0,,,,,,3,0,1,West Zone,Ahmedabad,BVN,Rural,,ASSIGN TO ENUMERATOR,0,0,0
1618924305,2026-03-28,2026-04-02,2026-04-10,2026-04-10,,,0,2026-04-13,2026-04-13,2026-04-13,2026-04-13,1,,,2026-04-13,6,12,3,0,1,West Zone,Ahmedabad,BVN,Rural,Accepted by Supervisor,RETURN TO SUPERVISOR BY DS,0,0,1
1618925305,2026-03-28,2026-04-02,2026-04-12,2026-04-12,,,0,2026-04-13,2026-04-13,,,0,2026-04-13,2026-04-13,2026-04-13,,12,3,0,1,West Zone,Ahmedabad,BVN,Rural,Accepted By DS SCH_0_0,Accepted By DS /AT CPG (Process) ,1,0,0
1618941305,2026-03-28,2026-04-02,,,,,0,,,,,0,,,,,,3,0,1,West Zone,Ahmedabad,RJK,Rural,,ASSIGN TO ENUMERATOR,0,0,0
1618942305,2026-03-28,2026-04-02,,,,,0,,,,,0,,,,,,3,0,1,West Zone,Ahmedabad,RJK,Rural,,ASSIGN TO ENUMERATOR,0,0,0
1618946305,2026-03-28,2026-04-01,2026-04-08,2026-04-09,2026-04-09,2026-04-09,1,2026-04-08,2026-04-09,2026-04-08,2026-04-08,1,2026-04-09,2026-04-09,2026-04-09,2,12,3,0,1,West Zone,Ahmedabad,JMN,Rural,Accepted By DS SCH_0_0,Accepted By DS /AT CPG (Process) ,0,0,0
1618947205,2026-03-28,2026-04-02,2026-04-10,2026-04-10,,,0,2026-04-11,2026-04-11,,,0,,,2026-04-11,,12,2,0,1,West Zone,Ahmedabad,SDN,Rural,Accepted by Supervisor,Submitted by Supervisor To Ds ,0,1,0
1618948205,2026-03-28,2026-04-02,,,,,0,,,,,0,,,,,,2,0,1,West Zone,Ahmedabad,SDN,Rural,,ASSIGN TO ENUMERATOR,0,0,0
1618956205,2026-03-28,2026-04-02,2026-04-07,2026-04-07,,,0,2026-04-07,2026-04-07,,,0,2026-04-08,2026-04-08,2026-04-08,,12,2,0,1,West Zone,Ahmedabad,AHM,Rural,Accepted By DS SCH_0_0,Accepted By DS /AT CPG (Process) ,1,0,0
1618957205,2026-03-28,2026-04-02,,,,,0,,,,,0,,,,,,2,0,1,West Zone,Ahmedabad,AHM,Rural,,ASSIGN TO ENUMERATOR,0,0,0
1618958205,2026-03-28,2026-04-02,,,,,0,,,,,0,,,,,,2,0,1,West Zone,Ahmedabad,AHM,Rural,,ASSIGN TO ENUMERATOR,0,0,0
1618959205,2026-03-28,2026-04-04,2026-04-07,2026-04-07,,,0,2026-04-07,2026-04-07,,,0,2026-04-08,2026-04-08,2026-04-08,,12,2,0,1,West Zone,Ahmedabad,SDN,Rural,Accepted By DS SCH_0_0,Accepted By DS /AT CPG (Process) ,1,0,0
1618960205,2026-03-28,2026-04-02,,,,,0,,,,,0,,,,,,2,0,1,West Zone,Ahmedabad,SDN,Rural,,ASSIGN TO ENUMERATOR,0,0,0
1618961205,2026-03-28,2026-04-02,,,,,0,,,,,0,,,,,,2,0,1,West Zone,Ahmedabad,RJK,Rural,,ASSIGN TO ENUMERATOR,0,0,0
1618962205,2026-03-28,2026-04-02,2026-04-08,2026-04-08,,,0,,,,,0,,,2026-04-08,,12,2,0,1,West Zone,Ahmedabad,RJK,Rural,Submitted by Enumerator,SUBMITTED BY ENUMERATOR,0,0,0
1618963205,2026-03-28,2026-04-01,,,,,0,,,,,0,,,,,,2,0,1,West Zone,Ahmedabad,JMN,Rural,,ASSIGN TO ENUMERATOR,0,0,0
1618964205,2026-03-28,2026-04-01,,,,,0,,,,,0,,,,,,2,0,1,West Zone,Ahmedabad,JMN,Rural,,ASSIGN TO ENUMERATOR,0,0,0
1618965205,2026-03-28,2026-04-02,,,,,0,,,,,0,,,,,,2,0,1,West Zone,Ahmedabad,RJK,Rural,,ASSIGN TO ENUMERATOR,0,0,0
1618966205,2026-03-28,2026-04-02,2026-04-08,2026-04-08,,,0,,,,,0,,,2026-04-08,,12,2,0,1,West Zone,Ahmedabad,RJK,Rural,Submitted by Enumerator,SUBMITTED BY ENUMERATOR,0,0,0
1618967205,2026-03-28,2026-04-02,,,,,0,,,,,0,,,,,,2,0,1,West Zone,Ahmedabad,BVN,Rural,,ASSIGN TO ENUMERATOR,0,0,0
1618968205,2026-03-28,2026-04-02,,,,,0,,,,,0,,,,,,2,0,1,West Zone,Ahmedabad,BVN,Rural,,ASSIGN TO ENUMERATOR,0,0,0
1618969205,2026-03-28,2026-04-02,,,,,0,,,,,0,,,,,,2,0,1,West Zone,Ahmedabad,BVN,Rural,,ASSIGN TO ENUMERATOR,0,0,0
1618970205,2026-03-28,2026-04-02,2026-04-03,2026-04-03,,,0,2026-04-09,2026-04-09,,,0,2026-04-09,2026-04-09,2026-04-09,,,2,0,1,West Zone,Ahmedabad,BVN,Rural,Accepted By DS SCH_0_0,Accepted By DS /AT CPG (Process) ,1,0,0
1618986205,2026-03-28,2026-04-02,2026-04-10,2026-04-10,,,0,,,,,0,,,2026-04-10,,12,2,0,1,West Zone,Ahmedabad,RJK,Rural,Submitted by Enumerator,SUBMITTED BY ENUMERATOR,0,0,0
1618987205,2026-03-28,2026-04-02,,,,,0,,,,,0,,,,,,2,0,1,West Zone,Ahmedabad,RJK,Rural,,ASSIGN TO ENUMERATOR,0,0,0
1618991205,2026-03-28,2026-04-02,,,,,0,,,,,0,,,,,,2,0,1,West Zone,Ahmedabad,BVN,Rural,,ASSIGN TO ENUMERATOR,0,0,0
1618992105,2026-03-28,2026-04-02,,,,,0,,,,,0,,,,,,1,1,0,West Zone,Ahmedabad,SDN,Rural,,ASSIGN TO ENUMERATOR,0,0,0
1618993105,2026-03-28,2026-04-02,,,,,0,,,,,0,,,,,,1,1,0,West Zone,Ahmedabad,SDN,Rural,,ASSIGN TO ENUMERATOR,0,0,0
1619001105,2026-03-28,2026-04-02,,,,,0,,,,,0,,,,,,1,1,0,West Zone,Ahmedabad,AHM,Rural,,ASSIGN TO ENUMERATOR,0,0,0
1619002105,2026-03-28,2026-04-02,,,,,0,,,,,0,,,,,,1,1,0,West Zone,Ahmedabad,AHM,Rural,,ASSIGN TO ENUMERATOR,0,0,0
1619003105,2026-03-28,2026-04-02,,,,,0,,,,,0,,,,,,1,1,0,West Zone,Ahmedabad,AHM,Rural,,ASSIGN TO ENUMERATOR,0,0,0
1619004105,2026-03-28,2026-04-02,,,,,0,,,,,0,,,,,,1,1,0,West Zone,Ahmedabad,SDN,Rural,,ASSIGN TO ENUMERATOR,0,0,0
1619005105,2026-03-28,2026-04-02,,,,,0,,,,,0,,,,,,1,1,0,West Zone,Ahmedabad,SDN,Rural,,ASSIGN TO ENUMERATOR,0,0,0
1619006105,2026-03-28,2026-04-02,,,,,0,,,,,0,,,,,,1,1,0,West Zone,Ahmedabad,RJK,Rural,,ASSIGN TO ENUMERATOR,0,0,0
1619007105,2026-03-28,2026-04-02,,,,,0,,,,,0,,,,,,1,1,0,West Zone,Ahmedabad,RJK,Rural,,ASSIGN TO ENUMERATOR,0,0,0
1619008105,2026-03-28,2026-04-01,,,,,0,,,,,0,,,,,,1,1,0,West Zone,Ahmedabad,JMN,Rural,,ASSIGN TO ENUMERATOR,0,0,0
1619009105,2026-03-28,2026-04-01,,,,,0,,,,,0,,,,,,1,1,0,West Zone,Ahmedabad,JMN,Rural,,ASSIGN TO ENUMERATOR,0,0,0
1619010105,2026-03-28,2026-04-02,,,,,0,,,,,0,,,,,,1,1,0,West Zone,Ahmedabad,RJK,Rural,,ASSIGN TO ENUMERATOR,0,0,0
1619011105,2026-03-28,2026-04-06,,,,,0,,,,,0,,,,,,1,1,0,West Zone,Ahmedabad,RJK,Rural,,ASSIGN TO ENUMERATOR,0,0,0
1619012105,2026-03-28,2026-04-02,,,,,0,,,,,0,,,,,,1,1,0,West Zone,Ahmedabad,BVN,Rural,,ASSIGN TO ENUMERATOR,0,0,0
1619013105,2026-03-28,2026-04-02,,,,,0,,,,,0,,,,,,1,1,0,West Zone,Ahmedabad,BVN,Rural,,ASSIGN TO ENUMERATOR,0,0,0
1619014105,2026-03-28,2026-04-02,2026-04-10,2026-04-10,,,0,2026-04-13,2026-04-13,2026-04-13,2026-04-13,1,,,2026-04-13,5,12,1,1,0,West Zone,Ahmedabad,BVN,Rural,Return by DS,RETURN TO SUPERVISOR BY DS,0,0,1
1619015105,2026-03-28,2026-04-02,,,,,0,,,,,0,,,,,,1,1,0,West Zone,Ahmedabad,BVN,Rural,,ASSIGN TO ENUMERATOR,0,0,0
1619031105,2026-03-28,2026-04-02,,,,,0,,,,,0,,,,,,1,1,0,West Zone,Ahmedabad,RJK,Rural,,ASSIGN TO ENUMERATOR,0,0,0
1619032105,2026-03-28,2026-04-02,,,,,0,,,,,0,,,,,,1,1,0,West Zone,Ahmedabad,RJK,Rural,,ASSIGN TO ENUMERATOR,0,0,0
1619036105,2026-03-28,2026-04-01,,,,,0,,,,,0,,,,,,1,1,0,West Zone,Ahmedabad,JMN,Rural,,ASSIGN TO ENUMERATOR,0,0,0
1619421405,2026-03-28,2026-04-05,2026-04-07,2026-04-07,,,0,2026-04-10,2026-04-10,,,0,2026-04-10,2026-04-10,2026-04-10,,12,4,0,1,West Zone,Aurangabad,JLG,Rural,Accepted By DS SCH_0_0,Accepted By DS /AT CPG (Process) ,1,0,0
1619422405,2026-03-28,2026-04-05,,,,,0,,,,,0,,,,,,4,0,1,West Zone,Aurangabad,JLG,Rural,,ASSIGN TO ENUMERATOR,0,0,0
1619423405,2026-03-28,2026-04-05,,,,,0,,,,,0,,,,,,4,0,1,West Zone,Aurangabad,JLG,Rural,,ASSIGN TO ENUMERATOR,0,0,0
1619424405,2026-03-28,2026-04-05,,,,,0,,,,,0,,,,,,4,0,1,West Zone,Aurangabad,JLG,Rural,,ASSIGN TO ENUMERATOR,0,0,0
1619425405,2026-03-28,2026-04-05,2026-04-10,2026-04-10,,,0,2026-04-11,2026-04-11,,,0,,,2026-04-11,,12,4,0,1,West Zone,Aurangabad,JLG,Rural,Accepted by Supervisor,Submitted by Supervisor To Ds ,0,1,0
1619440405,2026-03-28,2026-04-01,,,,,0,,,,,0,,,,,,4,0,1,West Zone,Aurangabad,NND,Rural,,ASSIGN TO ENUMERATOR,0,0,0
1619441405,2026-03-28,2026-04-01,2026-04-09,2026-04-11,2026-04-11,2026-04-11,1,2026-04-10,2026-04-11,2026-04-10,2026-04-10,1,,,2026-04-11,2,12,4,0,1,West Zone,Aurangabad,NND,Rural,Accepted by Supervisor,Submitted by Supervisor To Ds ,0,0,1
1619442405,2026-03-28,2026-04-01,,,,,0,,,,,0,,,,,,4,0,1,West Zone,Aurangabad,NND,Rural,,ASSIGN TO ENUMERATOR,0,0,0
1619443405,2026-03-28,2026-04-01,2026-04-12,2026-04-12,,,0,2026-04-12,2026-04-12,,,0,2026-04-12,2026-04-12,2026-04-12,,12,4,0,1,West Zone,Aurangabad,NND,Rural,Accepted By DS SCH_0_0,Accepted By DS /AT CPG (Process) ,1,0,0
1619444405,2026-03-28,2026-04-01,,,,,0,,,,,0,,,,,,4,0,1,West Zone,Aurangabad,NND,Rural,,ASSIGN TO ENUMERATOR,0,0,0
1619445405,2026-03-28,2026-04-01,2026-04-10,2026-04-10,,,0,2026-04-10,2026-04-10,,,0,,,2026-04-10,,12,4,0,1,West Zone,Aurangabad,ARG,Rural,Accepted by Supervisor,Submitted by Supervisor To Ds ,0,1,0
1619446405,2026-03-28,2026-04-01,,,,,0,,,,,0,,,,,,4,0,1,West Zone,Aurangabad,ARG,Rural,,ASSIGN TO ENUMERATOR,0,0,0
1619447405,2026-03-28,2026-04-01,2026-04-07,2026-04-09,2026-04-08,2026-04-08,1,2026-04-07,2026-04-09,2026-04-08,2026-04-08,1,2026-04-09,2026-04-09,2026-04-09,1,12,4,0,1,West Zone,Aurangabad,ARG,Rural,Accepted By DS SCH_0_0,Accepted By DS /AT CPG (Process) ,0,0,0
1619448405,2026-03-28,2026-04-01,,,,,0,,,,,0,,,,,,4,0,1,West Zone,Aurangabad,ARG,Rural,,ASSIGN TO ENUMERATOR,0,0,0
1619449405,2026-03-28,2026-04-01,2026-04-07,2026-04-07,,,0,2026-04-07,2026-04-07,,,0,2026-04-08,2026-04-08,2026-04-08,,12,4,0,1,West Zone,Aurangabad,ARG,Rural,Accepted By DS SCH_0_0,Accepted By DS /AT CPG (Process) ,1,0,0
1619450405,2026-03-28,2026-04-06,,,,,0,,,,,0,,,,,,4,0,1,West Zone,Aurangabad,NSK,Rural,,ASSIGN TO ENUMERATOR,0,0,0
1619451405,2026-03-28,2026-04-06,,,,,0,,,,,0,,,,,,4,0,1,West Zone,Aurangabad,NSK,Rural,,ASSIGN TO ENUMERATOR,0,0,0
1619452405,2026-03-28,2026-04-06,,,,,0,,,,,0,,,,,,4,0,1,West Zone,Aurangabad,NSK,Rural,,ASSIGN TO ENUMERATOR,0,0,0
1619453405,2026-03-28,2026-04-03,2026-04-07,2026-04-07,,,0,2026-04-08,2026-04-08,,,0,2026-04-09,2026-04-09,2026-04-09,,12,4,0,1,West Zone,Mumbai,THN,Rural,Accepted By DS SCH_0_0,Accepted By DS /AT CPG (Process) ,1,0,0
1619454405,2026-03-28,2026-04-01,2026-04-11,2026-04-11,,,0,2026-04-12,2026-04-12,,,0,,,2026-04-12,,12,4,0,1,West Zone,Mumbai,THN,Rural,Accepted by Supervisor,Submitted by Supervisor To Ds ,0,1,0
1619455405,2026-03-28,2026-04-01,2026-04-07,2026-04-07,,,0,2026-04-08,2026-04-08,,,0,2026-04-09,2026-04-09,2026-04-09,,12,4,0,1,West Zone,Mumbai,THN,Rural,Accepted By DS SCH_0_0,Accepted By DS /AT CPG (Process) ,1,0,0
1619456405,2026-03-28,2026-04-01,,,,,0,,,,,0,,,,,,4,0,1,West Zone,Mumbai,THN,Rural,,ASSIGN TO ENUMERATOR,0,0,0
1619463405,2026-03-28,2026-04-01,,,,,0,,,,,0,,,,,,4,0,1,West Zone,Aurangabad,ARG,Rural,,ASSIGN TO ENUMERATOR,0,0,0
1619464405,2026-03-28,2026-04-01,2026-04-05,2026-04-05,,,0,2026-04-05,2026-04-05,,,0,2026-04-05,2026-04-05,2026-04-05,,12,4,0,1,West Zone,Aurangabad,ARG,Rural,Accepted By DS SCH_0_0,Accepted By DS /AT CPG (Process) ,1,0,0
1619465405,2026-03-28,2026-04-01,,,,,0,,,,,0,,,,,,4,0,1,West Zone,Aurangabad,ARG,Rural,,ASSIGN TO ENUMERATOR,0,0,0
1619466405,2026-03-28,2026-04-01,2026-04-07,2026-04-07,,,0,2026-04-08,2026-04-08,,,0,2026-04-08,2026-04-08,2026-04-08,,12,4,0,1,West Zone,Aurangabad,NND,Rural,Accepted By DS SCH_0_0,Accepted By DS /AT CPG (Process) ,1,0,0
1619467405,2026-03-28,2026-04-01,2026-04-12,2026-04-12,,,0,2026-04-12,2026-04-12,,,0,2026-04-12,2026-04-12,2026-04-12,,12,4,0,1,West Zone,Aurangabad,NND,Rural,Accepted By DS SCH_0_0,Accepted By DS /AT CPG (Process) ,1,0,0
1619480405,2026-03-28,2026-04-01,,,,,0,,,,,0,,,,,,4,0,1,West Zone,Mumbai,THN,Rural,,ASSIGN TO ENUMERATOR,0,0,0
1619481405,2026-03-28,2026-04-01,,,,,0,,,,,0,,,,,,4,0,1,West Zone,Mumbai,THN,Rural,,ASSIGN TO ENUMERATOR,0,0,0
1619483405,2026-03-28,2026-04-05,,,,,0,,,,,0,,,,,,4,0,1,West Zone,Aurangabad,JLG,Rural,,ASSIGN TO ENUMERATOR,0,0,0
1619487305,2026-03-28,2026-04-05,,,,,0,,,,,0,,,,,,3,0,1,West Zone,Aurangabad,JLG,Rural,,ASSIGN TO ENUMERATOR,0,0,0
1619488305,2026-03-28,2026-04-05,,,,,0,,,,,0,,,,,,3,0,1,West Zone,Aurangabad,JLG,Rural,,ASSIGN TO ENUMERATOR,0,0,0
1619489305,2026-03-28,2026-04-05,2026-04-10,2026-04-10,,,0,2026-04-11,2026-04-11,,,0,,,2026-04-11,,12,3,0,1,West Zone,Aurangabad,JLG,Rural,Accepted by Supervisor,Submitted by Supervisor To Ds ,0,1,0
1619490305,2026-03-28,2026-04-05,,,,,0,,,,,0,,,,,,3,0,1,West Zone,Aurangabad,JLG,Rural,,ASSIGN TO ENUMERATOR,0,0,0
1619491305,2026-03-28,2026-04-05,,,,,0,,,,,0,,,,,,3,0,1,West Zone,Aurangabad,JLG,Rural,,ASSIGN TO ENUMERATOR,0,0,0
1619506305,2026-03-28,2026-04-01,2026-04-08,2026-04-08,,,0,2026-04-08,2026-04-08,,,0,2026-04-08,2026-04-08,2026-04-08,,12,3,0,1,West Zone,Aurangabad,NND,Rural,Accepted By DS SCH_0_0,Accepted By DS /AT CPG (Process) ,1,0,0
1619507305,2026-03-28,2026-04-01,,,,,0,,,,,0,,,,,,3,0,1,West Zone,Aurangabad,NND,Rural,,ASSIGN TO ENUMERATOR,0,0,0
1619508305,2026-03-28,2026-04-01,,,,,0,,,,,0,,,,,,3,0,1,West Zone,Aurangabad,NND,Rural,,ASSIGN TO ENUMERATOR,0,0,0
1619509305,2026-03-28,2026-04-01,,,,,0,,,,,0,,,,,,3,0,1,West Zone,Aurangabad,NND,Rural,,ASSIGN TO ENUMERATOR,0,0,0
1619510305,2026-03-28,2026-04-01,,,,,0,,,,,0,,,,,,3,0,1,West Zone,Aurangabad,NND,Rural,,ASSIGN TO ENUMERATOR,0,0,0
1619511305,2026-03-28,2026-04-01,2026-04-13,2026-04-13,,,0,2026-04-13,2026-04-13,,,0,2026-04-13,2026-04-13,2026-04-13,,12,3,0,1,West Zone,Aurangabad,ARG,Rural,Accepted By DS SCH_0_0,Accepted By DS /AT CPG (Process) ,1,0,0
1619512305,2026-03-28,2026-04-01,,,,,0,,,,,0,,,,,,3,0,1,West Zone,Aurangabad,ARG,Rural,,ASSIGN TO ENUMERATOR,0,0,0
1619513305,2026-03-28,2026-04-01,,,,,0,,,,,0,,,,,,3,0,1,West Zone,Aurangabad,ARG,Rural,,ASSIGN TO ENUMERATOR,0,0,0
1619514305,2026-03-28,2026-04-01,2026-04-11,2026-04-11,,,0,2026-04-11,2026-04-11,,,0,,,2026-04-11,,12,3,0,1,West Zone,Aurangabad,ARG,Rural,Accepted by Supervisor,Submitted by Supervisor To Ds ,0,1,0
1619515305,2026-03-28,2026-04-01,2026-04-10,2026-04-10,,,0,2026-04-11,2026-04-11,,,0,2026-04-12,2026-04-12,2026-04-12,,12,3,0,1,West Zone,Aurangabad,ARG,Rural,Accepted By DS SCH_0_0,Accepted By DS /AT CPG (Process) ,1,0,0
1619516305,2026-03-28,2026-04-06,,,,,0,,,,,0,,,,,,3,0,1,West Zone,Aurangabad,NSK,Rural,,ASSIGN TO ENUMERATOR,0,0,0
1619517305,2026-03-28,2026-04-02,2026-04-07,2026-04-07,,,0,2026-04-08,2026-04-08,,,0,2026-04-08,2026-04-08,2026-04-08,,12,3,0,1,West Zone,Aurangabad,NSK,Rural,Accepted By DS SCH_0_0,Accepted By DS /AT CPG (Process) ,1,0,0
1619518305,2026-03-28,2026-04-06,,,,,0,,,,,0,,,,,,3,0,1,West Zone,Aurangabad,NSK,Rural,,ASSIGN TO ENUMERATOR,0,0,0
1619519305,2026-03-28,2026-04-01,,,,,0,,,,,0,,,,,,3,0,1,West Zone,Mumbai,THN,Rural,,ASSIGN TO ENUMERATOR,0,0,0
1619520305,2026-03-28,2026-04-01,,,,,0,,,,,0,,,,,,3,0,1,West Zone,Mumbai,THN,Rural,,ASSIGN TO ENUMERATOR,0,0,0
1619521305,2026-03-28,2026-04-01,,,,,0,,,,,0,,,,,,3,0,1,West Zone,Mumbai,THN,Rural,,ASSIGN TO ENUMERATOR,0,0,0
1619522305,2026-03-28,2026-04-01,,,,,0,,,,,0,,,,,,3,0,1,West Zone,Mumbai,THN,Rural,,ASSIGN TO ENUMERATOR,0,0,0
1619529305,2026-03-28,2026-04-01,,,,,0,,,,,0,,,,,,3,0,1,West Zone,Aurangabad,ARG,Rural,,ASSIGN TO ENUMERATOR,0,0,0
1619530305,2026-03-28,2026-04-01,,,,,0,,,,,0,,,,,,3,0,1,West Zone,Aurangabad,ARG,Rural,,ASSIGN TO ENUMERATOR,0,0,0
1619531305,2026-03-28,2026-04-01,,,,,0,,,,,0,,,,,,3,0,1,West Zone,Aurangabad,ARG,Rural,,ASSIGN TO ENUMERATOR,0,0,0
1619532305,2026-03-28,2026-04-01,2026-04-07,2026-04-07,,,0,2026-04-08,2026-04-08,,,0,2026-04-08,2026-04-08,2026-04-08,1,12,3,0,1,West Zone,Aurangabad,NND,Rural,Accepted By DS SCH_0_0,Accepted By DS /AT CPG (Process) ,1,0,0
1619533305,2026-03-28,2026-04-01,2026-04-12,2026-04-12,,,0,2026-04-12,2026-04-12,,,0,,,2026-04-12,,12,3,0,1,West Zone,Aurangabad,NND,Rural,Accepted by Supervisor,Submitted by Supervisor To Ds ,0,1,0
1619546305,2026-03-28,2026-04-01,,,,,0,,,,,0,,,,,,3,0,1,West Zone,Mumbai,THN,Rural,,ASSIGN TO ENUMERATOR,0,0,0
1619547305,2026-03-28,2026-04-01,2026-04-11,2026-04-11,,,0,2026-04-13,2026-04-13,2026-04-13,2026-04-13,1,,,2026-04-13,3,12,3,0,1,West Zone,Mumbai,THN,Rural,Accepted by Supervisor,RETURN TO SUPERVISOR BY DS,0,0,1
1619549305,2026-03-28,2026-04-05,,,,,0,,,,,0,,,,,,3,0,1,West Zone,Aurangabad,JLG,Rural,,ASSIGN TO ENUMERATOR,0,0,0
1619553205,2026-03-28,2026-04-05,2026-04-11,2026-04-11,,,0,2026-04-12,2026-04-12,,,0,,,2026-04-12,,12,2,0,1,West Zone,Aurangabad,JLG,Rural,Accepted by Supervisor,Submitted by Supervisor To Ds ,0,1,0
1619554205,2026-03-28,2026-04-05,,,,,0,,,,,0,,,,,,2,0,1,West Zone,Aurangabad,JLG,Rural,,ASSIGN TO ENUMERATOR,0,0,0
1619555205,2026-03-28,2026-04-05,,,,,0,,,,,0,,,,,,2,0,1,West Zone,Aurangabad,JLG,Rural,,ASSIGN TO ENUMERATOR,0,0,0
1619556205,2026-03-28,2026-04-05,,,,,0,,,,,0,,,,,,2,0,1,West Zone,Aurangabad,JLG,Rural,,ASSIGN TO ENUMERATOR,0,0,0
1619557205,2026-03-28,2026-04-05,,,,,0,,,,,0,,,,,,2,0,1,West Zone,Aurangabad,JLG,Rural,,ASSIGN TO ENUMERATOR,0,0,0
1619572205,2026-03-28,2026-04-01,2026-04-04,2026-04-04,,,0,2026-04-04,2026-04-04,,,0,2026-04-04,2026-04-04,2026-04-04,,12,2,0,1,West Zone,Aurangabad,NND,Rural,Accepted By DS SCH_0_0,Accepted By DS /AT CPG (Process) ,1,0,0
1619573205,2026-03-28,2026-04-01,2026-04-12,2026-04-12,,,0,2026-04-12,2026-04-12,,,0,,,2026-04-12,2,12,2,0,1,West Zone,Aurangabad,NND,Rural,Accepted by Supervisor,Submitted by Supervisor To Ds ,0,1,0
1619574205,2026-03-28,2026-04-01,,,,,0,,,,,0,,,,,,2,0,1,West Zone,Aurangabad,NND,Rural,,ASSIGN TO ENUMERATOR,0,0,0
1619575205,2026-03-28,2026-04-01,,,,,0,,,,,0,,,,,,2,0,1,West Zone,Aurangabad,NND,Rural,,ASSIGN TO ENUMERATOR,0,0,0
1619576205,2026-03-28,2026-04-01,,,,,0,,,,,0,,,,,,2,0,1,West Zone,Aurangabad,NND,Rural,,ASSIGN TO ENUMERATOR,0,0,0
1619577205,2026-03-28,2026-04-01,,,,,0,,,,,0,,,,,,2,0,1,West Zone,Aurangabad,ARG,Rural,,ASSIGN TO ENUMERATOR,0,0,0
1619578205,2026-03-28,2026-04-01,,,,,0,,,,,0,,,,,,2,0,1,West Zone,Aurangabad,ARG,Rural,,ASSIGN TO ENUMERATOR,0,0,0
1619579205,2026-03-28,2026-04-01,2026-04-07,2026-04-07,,,0,2026-04-07,2026-04-07,,,0,2026-04-08,2026-04-08,2026-04-08,1,12,2,0,1,West Zone,Aurangabad,ARG,Rural,Accepted By DS SCH_0_0,Accepted By DS /AT CPG (Process) ,1,0,0
1619580205,2026-03-28,2026-04-01,,,,,0,,,,,0,,,,,,2,0,1,West Zone,Aurangabad,ARG,Rural,,ASSIGN TO ENUMERATOR,0,0,0
1619581205,2026-03-28,2026-04-01,2026-04-03,2026-04-03,,,0,2026-04-03,2026-04-03,,,0,2026-04-06,2026-04-06,2026-04-06,,12,2,0,1,West Zone,Aurangabad,ARG,Rural,Accepted By DS SCH_0_0,Accepted By DS /AT CPG (Process) ,1,0,0
1619582205,2026-03-28,2026-04-06,2026-04-09,2026-04-09,,,0,2026-04-10,2026-04-10,,,0,2026-04-10,2026-04-10,2026-04-10,1,12,2,0,1,West Zone,Aurangabad,NSK,Rural,Accepted By DS SCH_0_0,Accepted By DS /AT CPG (Process) ,1,0,0
1619583205,2026-03-28,2026-04-06,,,,,0,,,,,0,,,,,,2,0,1,West Zone,Aurangabad,NSK,Rural,,ASSIGN TO ENUMERATOR,0,0,0
1619584205,2026-03-28,2026-04-06,,,,,0,,,,,0,,,,,,2,0,1,West Zone,Aurangabad,NSK,Rural,,ASSIGN TO ENUMERATOR,0,0,0
1619585205,2026-03-28,2026-04-01,,,,,0,,,,,0,,,,,,2,0,1,West Zone,Mumbai,THN,Rural,,ASSIGN TO ENUMERATOR,0,0,0
1619586205,2026-03-28,2026-04-01,,,,,0,,,,,0,,,,,,2,0,1,West Zone,Mumbai,THN,Rural,,ASSIGN TO ENUMERATOR,0,0,0
1619587205,2026-03-28,2026-04-01,,,,,0,,,,,0,,,,,,2,0,1,West Zone,Mumbai,THN,Rural,,ASSIGN TO ENUMERATOR,0,0,0
1619588205,2026-03-28,2026-04-01,,,,,0,,,,,0,,,,,,2,0,1,West Zone,Mumbai,THN,Rural,,ASSIGN TO ENUMERATOR,0,0,0
1619595205,2026-03-28,2026-04-01,,,,,0,,,,,0,,,,,,2,0,1,West Zone,Aurangabad,ARG,Rural,,ASSIGN TO ENUMERATOR,0,0,0
1619596205,2026-03-28,2026-04-01,2026-04-10,2026-04-10,,,0,2026-04-11,2026-04-11,,,0,2026-04-11,2026-04-11,2026-04-11,,12,2,0,1,West Zone,Aurangabad,ARG,Rural,Accepted By DS SCH_0_0,Accepted By DS /AT CPG (Process) ,1,0,0
1619597205,2026-03-28,2026-04-01,,,,,0,,,,,0,,,,,,2,0,1,West Zone,Aurangabad,ARG,Rural,,ASSIGN TO ENUMERATOR,0,0,0
1619598205,2026-03-28,2026-04-01,,,,,0,,,,,0,,,,,,2,0,1,West Zone,Aurangabad,NND,Rural,,ASSIGN TO ENUMERATOR,0,0,0
1619599205,2026-03-28,2026-04-01,2026-04-12,2026-04-12,,,0,2026-04-12,2026-04-12,,,0,2026-04-12,2026-04-12,2026-04-12,,12,2,0,1,West Zone,Aurangabad,NND,Rural,Accepted By DS SCH_0_0,Accepted By DS /AT CPG (Process) ,1,0,0
1619612205,2026-03-28,2026-04-01,,,,,0,,,,,0,,,,,,2,0,1,West Zone,Mumbai,THN,Rural,,ASSIGN TO ENUMERATOR,0,0,0
1619613205,2026-03-28,2026-04-04,,,,,0,,,,,0,,,,,,2,0,1,West Zone,Mumbai,THN,Rural,,ASSIGN TO ENUMERATOR,0,0,0
1619615205,2026-03-28,2026-04-05,,,,,0,,,,,0,,,,,,2,0,1,West Zone,Aurangabad,JLG,Rural,,ASSIGN TO ENUMERATOR,0,0,0
1619616205,2026-03-28,2026-04-01,,,,,0,,,,,0,,,,,,2,0,1,West Zone,Aurangabad,NND,Rural,,ASSIGN TO ENUMERATOR,0,0,0
1619619105,2026-03-28,2026-04-13,,,,,0,,,,,0,,,,,,1,1,0,West Zone,Aurangabad,JLG,Rural,,ASSIGN TO ENUMERATOR,0,0,0
1619620105,2026-03-28,2026-04-05,2026-04-11,2026-04-11,,,0,2026-04-12,2026-04-12,,,0,,,2026-04-12,,12,1,1,0,West Zone,Aurangabad,JLG,Rural,Accepted by Supervisor,Submitted by Supervisor To Ds ,0,1,0
1619621105,2026-03-28,2026-04-05,2026-04-09,2026-04-09,,,0,2026-04-11,2026-04-11,2026-04-13,2026-04-13,1,,,2026-04-13,3,12,1,1,0,West Zone,Aurangabad,JLG,Rural,Accepted by Supervisor,RETURN TO SUPERVISOR BY DS,0,0,1
1619622105,2026-03-28,2026-04-05,,,,,0,,,,,0,,,,,,1,1,0,West Zone,Aurangabad,JLG,Rural,,ASSIGN TO ENUMERATOR,0,0,0
1619623105,2026-03-28,2026-04-05,2026-04-11,2026-04-13,2026-04-12,2026-04-13,1,,,,,0,,,2026-04-13,3,12,1,1,0,West Zone,Aurangabad,JLG,Rural,Submitted by Enumerator,SUBMITTED BY ENUMERATOR,0,0,0
1619638105,2026-03-28,2026-04-01,,,,,0,,,,,0,,,,,,1,1,0,West Zone,Aurangabad,NND,Rural,,ASSIGN TO ENUMERATOR,0,0,0
1619639105,2026-03-28,2026-04-01,2026-04-12,2026-04-13,2026-04-13,2026-04-13,1,,,,,0,,,2026-04-13,1,12,1,1,0,West Zone,Aurangabad,NND,Rural,Accepted by Supervisor,RETURN BACK TO ENUMERATOR,0,0,0
1619640105,2026-03-28,2026-04-01,2026-04-07,2026-04-08,,,0,2026-04-08,2026-04-08,,,0,2026-04-09,2026-04-09,2026-04-09,,12,1,1,0,West Zone,Aurangabad,NND,Rural,Accepted By DS SCH_0_0,Accepted By DS /AT CPG (Process) ,0,0,0
1619641105,2026-03-28,2026-04-01,,,,,0,,,,,0,,,,,,1,1,0,West Zone,Aurangabad,NND,Rural,,ASSIGN TO ENUMERATOR,0,0,0
1619642105,2026-03-28,2026-04-01,,,,,0,,,,,0,,,,,,1,1,0,West Zone,Aurangabad,NND,Rural,,ASSIGN TO ENUMERATOR,0,0,0
1619643105,2026-03-28,2026-04-01,2026-04-12,2026-04-12,,,0,2026-04-12,2026-04-12,,,0,,,2026-04-12,,12,1,1,0,West Zone,Aurangabad,ARG,Rural,Accepted by Supervisor,Submitted by Supervisor To Ds ,0,1,0
1619644105,2026-03-28,2026-04-01,,,,,0,,,,,0,,,,,,1,1,0,West Zone,Aurangabad,ARG,Rural,,ASSIGN TO ENUMERATOR,0,0,0
1619645105,2026-03-28,2026-04-01,2026-04-05,2026-04-07,2026-04-06,2026-04-06,1,2026-04-05,2026-04-07,2026-04-06,2026-04-06,1,2026-04-08,2026-04-08,2026-04-08,14,12,1,1,0,West Zone,Aurangabad,ARG,Rural,Accepted By DS SCH_0_0,Accepted By DS /AT CPG (Process) ,0,0,0
1619646105,2026-03-28,2026-04-01,2026-04-11,2026-04-13,2026-04-12,2026-04-12,1,2026-04-11,2026-04-13,2026-04-12,2026-04-12,1,2026-04-13,2026-04-13,2026-04-13,5,12,1,1,0,West Zone,Aurangabad,ARG,Rural,Accepted By DS SCH_0_0,Accepted By DS /AT CPG (Process) ,0,0,0
1619647105,2026-03-28,2026-04-01,2026-04-06,2026-04-08,2026-04-07,2026-04-08,1,2026-04-06,2026-04-08,2026-04-07,2026-04-07,1,2026-04-08,2026-04-08,2026-04-08,3,12,1,1,0,West Zone,Aurangabad,ARG,Rural,Accepted By DS SCH_0_0,Accepted By DS /AT CPG (Process) ,0,0,0
1619648105,2026-03-28,2026-04-06,2026-04-11,2026-04-11,,,0,2026-04-11,2026-04-11,,,0,,,2026-04-11,,12,1,1,0,West Zone,Aurangabad,NSK,Rural,Accepted by Supervisor,Submitted by Supervisor To Ds ,0,1,0
1619649105,2026-03-28,2026-04-06,,,,,0,,,,,0,,,,,,1,1,0,West Zone,Aurangabad,NSK,Rural,,ASSIGN TO ENUMERATOR,0,0,0
1619650105,2026-03-28,2026-04-06,2026-04-13,2026-04-13,,,0,2026-04-13,2026-04-13,2026-04-13,2026-04-13,1,,,2026-04-13,11,12,1,1,0,West Zone,Aurangabad,NSK,Rural,Return by DS,RETURN TO SUPERVISOR BY DS,0,0,1
1619651105,2026-03-28,2026-04-01,,,,,0,,,,,0,,,,,,1,1,0,West Zone,Mumbai,THN,Rural,,ASSIGN TO ENUMERATOR,0,0,0
1619652105,2026-03-28,2026-04-04,,,,,0,,,,,0,,,,,,1,1,0,West Zone,Mumbai,THN,Rural,,ASSIGN TO ENUMERATOR,0,0,0
1619653105,2026-03-28,2026-04-01,,,,,0,,,,,0,,,,,,1,1,0,West Zone,Mumbai,THN,Rural,,ASSIGN TO ENUMERATOR,0,0,0
1619654105,2026-03-28,2026-04-04,,,,,0,,,,,0,,,,,,1,1,0,West Zone,Mumbai,THN,Rural,,ASSIGN TO ENUMERATOR,0,0,0
1619661105,2026-03-28,2026-04-01,,,,,0,,,,,0,,,,,,1,1,0,West Zone,Aurangabad,ARG,Rural,,ASSIGN TO ENUMERATOR,0,0,0
1619662105,2026-03-28,2026-04-01,,,,,0,,,,,0,,,,,,1,1,0,West Zone,Aurangabad,ARG,Rural,,ASSIGN TO ENUMERATOR,0,0,0
1619663105,2026-03-28,2026-04-01,,,,,0,,,,,0,,,,,,1,1,0,West Zone,Aurangabad,ARG,Rural,,ASSIGN TO ENUMERATOR,0,0,0
1619664105,2026-03-28,2026-04-01,2026-04-11,2026-04-11,2026-04-11,2026-04-11,1,2026-04-11,2026-04-11,,,0,,,2026-04-11,3,12,1,1,0,West Zone,Aurangabad,NND,Rural,Accepted by Supervisor,Submitted by Supervisor To Ds ,0,1,0
1619665105,2026-03-28,2026-04-01,2026-04-11,2026-04-11,2026-04-11,2026-04-11,1,2026-04-11,2026-04-11,,,0,2026-04-13,2026-04-13,2026-04-13,9,12,1,1,0,West Zone,Aurangabad,NND,Rural,Accepted By DS SCH_0_0,Accepted By DS /AT CPG (Process) ,0,0,0
1619678105,2026-03-28,2026-04-01,,,,,0,,,,,0,,,,,,1,1,0,West Zone,Mumbai,THN,Rural,,ASSIGN TO ENUMERATOR,0,0,0
1619679105,2026-03-28,2026-04-03,,,,,0,,,,,0,,,,,,1,1,0,West Zone,Mumbai,THN,Rural,,ASSIGN TO ENUMERATOR,0,0,0
1619681105,2026-03-28,2026-04-05,2026-04-09,2026-04-11,2026-04-11,2026-04-11,1,2026-04-11,2026-04-11,2026-04-13,2026-04-13,1,,,2026-04-13,4,12,1,1,0,West Zone,Aurangabad,JLG,Rural,Accepted by Supervisor,RETURN TO SUPERVISOR BY DS,0,0,1
1619682105,2026-03-28,2026-04-01,,,,,0,,,,,0,,,,,,1,1,0,West Zone,Aurangabad,NND,Rural,,ASSIGN TO ENUMERATOR,0,0,0
1620625405,2026-03-28,2026-04-01,,,,,0,,,,,0,,,,,,4,0,1,North Zone,Chandigarh,CHD,Urban,,ASSIGN TO ENUMERATOR,0,0,0
1620626405,2026-03-28,2026-04-01,,,,,0,,,,,0,,,,,,4,0,1,North Zone,Chandigarh,CHD,Urban,,ASSIGN TO ENUMERATOR,0,0,0
1620627405,2026-03-28,2026-04-01,,,,,0,,,,,0,,,,,,4,0,1,North Zone,Chandigarh,CHD,Urban,,ASSIGN TO ENUMERATOR,0,0,0
1620628405,2026-03-28,2026-03-31,,,,,0,,,,,0,,,,,,4,0,1,North Zone,Chandigarh,CHD,Urban,,ASSIGN TO ENUMERATOR,0,0,0
1620629305,2026-03-28,2026-04-01,2026-04-02,2026-04-02,,,0,2026-04-05,2026-04-05,,,0,2026-04-06,2026-04-06,2026-04-06,,12,3,0,1,North Zone,Chandigarh,CHD,Urban,Accepted By DS SCH_0_0,Accepted By DS /AT CPG (Process) ,1,0,0
1620630305,2026-03-28,2026-04-01,2026-04-07,2026-04-07,,,0,2026-04-08,2026-04-08,,,0,,,2026-04-08,,12,3,0,1,North Zone,Chandigarh,CHD,Urban,Accepted by Supervisor,Submitted by Supervisor To Ds ,0,1,0
1620631305,2026-03-28,2026-04-01,,,,,0,,,,,0,,,,,,3,0,1,North Zone,Chandigarh,CHD,Urban,,ASSIGN TO ENUMERATOR,0,0,0
1620632305,2026-03-28,2026-04-01,2026-04-10,2026-04-10,,,0,2026-04-10,2026-04-10,,,0,,,2026-04-10,,12,3,0,1,North Zone,Chandigarh,CHD,Urban,Accepted by Supervisor,Submitted by Supervisor To Ds ,0,1,0
1620633205,2026-03-28,2026-04-01,2026-04-10,2026-04-13,2026-04-13,2026-04-13,1,2026-04-10,2026-04-13,2026-04-11,2026-04-11,1,,,2026-04-13,2,12,2,0,1,North Zone,Chandigarh,CHD,Urban,Accepted by Supervisor,Submitted by Supervisor To Ds ,0,0,1
1620634205,2026-03-28,2026-04-01,2026-04-02,2026-04-02,,,0,2026-04-05,2026-04-05,,,0,2026-04-06,2026-04-06,2026-04-06,,12,2,0,1,North Zone,Chandigarh,CHD,Urban,Accepted By DS SCH_0_0,Accepted By DS /AT CPG (Process) ,1,0,0
1620635205,2026-03-28,2026-04-01,2026-04-07,2026-04-07,,,0,2026-04-08,2026-04-08,,,0,2026-04-08,2026-04-08,2026-04-08,,12,2,0,1,North Zone,Chandigarh,CHD,Urban,Accepted By DS SCH_0_0,Accepted By DS /AT CPG (Process) ,1,0,0
1620636205,2026-03-28,2026-04-01,,,,,0,,,,,0,,,,,,2,0,1,North Zone,Chandigarh,CHD,Urban,,ASSIGN TO ENUMERATOR,0,0,0
1620637105,2026-03-28,2026-04-01,2026-04-08,2026-04-10,2026-04-10,2026-04-10,1,2026-04-10,2026-04-10,2026-04-10,2026-04-10,1,2026-04-11,2026-04-11,2026-04-11,8,12,1,1,0,North Zone,Chandigarh,CHD,Urban,Accepted By DS SCH_0_0,Accepted By DS /AT CPG (Process) ,0,0,0
1620638105,2026-03-28,2026-04-01,2026-04-09,2026-04-10,2026-04-10,2026-04-10,1,2026-04-10,2026-04-10,,,0,,,2026-04-10,8,12,1,1,0,North Zone,Chandigarh,CHD,Urban,Accepted by Supervisor,Submitted by Supervisor To Ds ,0,1,0
1620639105,2026-03-28,2026-04-01,,,,,0,,,,,0,,,,,,1,1,0,North Zone,Chandigarh,CHD,Urban,,ASSIGN TO ENUMERATOR,0,0,0
1620640105,2026-03-28,2026-04-01,,,,,0,,,,,0,,,,,,1,1,0,North Zone,Chandigarh,CHD,Urban,,ASSIGN TO ENUMERATOR,0,0,0
1620793405,2026-03-28,2026-04-01,,,,,0,,,,,0,,,,,,4,0,1,North Zone,Chandigarh,CHD,Urban,,ASSIGN TO ENUMERATOR,0,0,0
1620794405,2026-03-28,2026-04-01,2026-04-07,2026-04-08,2026-04-08,2026-04-08,1,2026-04-08,2026-04-08,2026-04-08,2026-04-08,1,,,2026-04-08,1,12,4,0,1,North Zone,Chandigarh,CHD,Urban,Accepted by Supervisor,Submitted by Supervisor To Ds ,0,0,1
1620795405,2026-03-28,2026-03-31,2026-04-03,2026-04-03,,,0,2026-04-03,2026-04-03,,,0,2026-04-09,2026-04-09,2026-04-09,,12,4,0,1,North Zone,Chandigarh,AMB,Urban,Accepted By DS SCH_0_0,Accepted By DS /AT CPG (Process) ,1,0,0
1620796405,2026-03-28,2026-03-31,,,,,0,,,,,0,,,,,,4,0,1,North Zone,Chandigarh,AMB,Urban,,ASSIGN TO ENUMERATOR,0,0,0
1620797405,2026-03-28,2026-03-31,,,,,0,,,,,0,,,,,,4,0,1,North Zone,Chandigarh,AMB,Urban,,ASSIGN TO ENUMERATOR,0,0,0
1620798405,2026-03-28,2026-03-31,,,,,0,,,,,0,,,,,,4,0,1,North Zone,Chandigarh,AMB,Urban,,ASSIGN TO ENUMERATOR,0,0,0
1620799405,2026-03-28,2026-04-02,2026-04-11,2026-04-11,,,0,2026-04-11,2026-04-11,2026-04-13,2026-04-13,1,,,2026-04-13,1,12,4,0,1,North Zone,Chandigarh,KNL,Urban,Return by DS,RETURN TO SUPERVISOR BY DS,0,0,1
1620800405,2026-03-28,2026-04-02,,,,,0,,,,,0,,,,,,4,0,1,North Zone,Chandigarh,KNL,Urban,,ASSIGN TO ENUMERATOR,0,0,0
1620801405,2026-03-28,2026-04-02,,,,,0,,,,,0,,,,,,4,0,1,North Zone,Chandigarh,KNL,Urban,,ASSIGN TO ENUMERATOR,0,0,0
1620802405,2026-03-28,2026-04-02,,,,,0,,,,,0,,,,,,4,0,1,North Zone,Chandigarh,KNL,Urban,,ASSIGN TO ENUMERATOR,0,0,0
1620803405,2026-03-28,2026-04-01,,,,,0,,,,,0,,,,,,4,0,1,North Zone,Chandigarh,HSR,Urban,,ASSIGN TO ENUMERATOR,0,0,0
1620804405,2026-03-28,2026-04-01,2026-04-08,2026-04-08,,,0,2026-04-10,2026-04-10,,,0,2026-04-10,2026-04-10,2026-04-10,,12,4,0,1,North Zone,Chandigarh,HSR,Urban,Accepted By DS SCH_0_0,Accepted By DS /AT CPG (Process) ,1,0,0
1620805405,2026-03-28,2026-04-01,,,,,0,,,,,0,,,,,,4,0,1,North Zone,Chandigarh,HSR,Urban,,ASSIGN TO ENUMERATOR,0,0,0
1620806405,2026-03-28,2026-03-31,2026-04-07,2026-04-07,,,0,2026-04-07,2026-04-07,,,0,2026-04-08,2026-04-08,2026-04-08,,12,4,0,1,North Zone,Chandigarh,RTK,Urban,Accepted By DS SCH_0_0,Accepted By DS /AT CPG (Process) ,1,0,0
1620807405,2026-03-28,2026-04-02,2026-04-06,2026-04-06,,,0,2026-04-06,2026-04-06,,,0,,,2026-04-06,,12,4,0,1,North Zone,Chandigarh,RTK,Urban,Accepted by Supervisor,Submitted by Supervisor To Ds ,0,1,0
1620808405,2026-03-28,2026-03-31,2026-04-07,2026-04-07,,,0,2026-04-07,2026-04-07,,,0,2026-04-08,2026-04-08,2026-04-08,,12,4,0,1,North Zone,Chandigarh,RTK,Urban,Accepted By DS SCH_0_0,Accepted By DS /AT CPG (Process) ,1,0,0
1620809405,2026-03-28,2026-03-31,2026-04-03,2026-04-06,2026-04-03,2026-04-06,1,2026-04-07,2026-04-07,,,0,,,2026-04-07,10,12,4,0,1,North Zone,Chandigarh,FBD,Urban,Accepted by Supervisor,Submitted by Supervisor To Ds ,0,1,0
1620810405,2026-03-28,2026-03-31,2026-04-07,2026-04-07,,,0,2026-04-08,2026-04-08,,,0,2026-04-08,2026-04-08,2026-04-08,2,12,4,0,1,North Zone,Chandigarh,FBD,Urban,Accepted By DS SCH_0_0,Accepted By DS /AT CPG (Process) ,1,0,0
1620811405,2026-03-28,2026-03-31,,,,,0,,,,,0,,,,,,4,0,1,North Zone,Chandigarh,FBD,Urban,,ASSIGN TO ENUMERATOR,0,0,0
1620812405,2026-03-28,2026-03-31,2026-04-10,2026-04-10,,,0,2026-04-11,2026-04-11,2026-04-13,2026-04-13,1,,,2026-04-13,1,12,4,0,1,North Zone,Chandigarh,FBD,Urban,Accepted by Supervisor,RETURN TO SUPERVISOR BY DS,0,0,1
1620813405,2026-03-28,2026-03-31,,,,,0,,,,,0,,,,,,4,0,1,North Zone,Chandigarh,FBD,Urban,,ASSIGN TO ENUMERATOR,0,0,0
1620814405,2026-03-28,2026-03-31,,,,,0,,,,,0,,,,,,4,0,1,North Zone,Chandigarh,FBD,Urban,,ASSIGN TO ENUMERATOR,0,0,0
1620815405,2026-03-28,2026-04-01,2026-04-01,2026-04-01,,,0,2026-04-04,2026-04-04,,,0,2026-04-08,2026-04-08,2026-04-08,,12,4,0,1,North Zone,Chandigarh,HSR,Urban,Accepted By DS SCH_0_0,Accepted By DS /AT CPG (Process) ,1,0,0
1620816405,2026-03-28,2026-03-31,,,,,0,,,,,0,,,,,,4,0,1,North Zone,Chandigarh,FBD,Urban,,ASSIGN TO ENUMERATOR,0,0,0
1620817305,2026-03-28,2026-04-01,,,,,0,,,,,0,,,,,,3,0,1,North Zone,Chandigarh,CHD,Urban,,ASSIGN TO ENUMERATOR,0,0,0
1620818305,2026-03-28,2026-04-01,,,,,0,,,,,0,,,,,,3,0,1,North Zone,Chandigarh,CHD,Urban,,ASSIGN TO ENUMERATOR,0,0,0
1620819305,2026-03-28,2026-03-31,2026-04-10,2026-04-10,2026-04-10,2026-04-10,1,2026-04-10,2026-04-10,,,0,2026-04-13,2026-04-13,2026-04-13,1,12,3,0,1,North Zone,Chandigarh,AMB,Urban,Accepted By DS SCH_0_0,Accepted By DS /AT CPG (Process) ,0,0,0
1620820305,2026-03-28,2026-03-31,,,,,0,,,,,0,,,,,,3,0,1,North Zone,Chandigarh,AMB,Urban,,ASSIGN TO ENUMERATOR,0,0,0
1620821305,2026-03-28,2026-03-31,2026-04-07,2026-04-07,2026-04-07,2026-04-07,1,2026-04-07,2026-04-07,,,0,,,2026-04-07,1,12,3,0,1,North Zone,Chandigarh,AMB,Urban,Accepted by Supervisor,Submitted by Supervisor To Ds ,0,1,0
1620822305,2026-03-28,2026-04-03,,,,,0,,,,,0,,,,,,3,0,1,North Zone,Chandigarh,AMB,Urban,,ASSIGN TO ENUMERATOR,0,0,0
1620823305,2026-03-28,2026-03-31,2026-04-01,2026-04-01,,,0,2026-04-02,2026-04-02,,,0,,,2026-04-02,2,12,3,0,1,North Zone,Chandigarh,KNL,Urban,Accepted by Supervisor,Submitted by Supervisor To Ds ,0,1,0
1620824305,2026-03-28,2026-04-02,2026-04-10,2026-04-10,,,0,2026-04-10,2026-04-10,,,0,2026-04-10,2026-04-10,2026-04-10,,12,3,0,1,North Zone,Chandigarh,KNL,Urban,Accepted By DS SCH_0_0,Accepted By DS /AT CPG (Process) ,1,0,0
1620825305,2026-03-28,2026-04-02,,,,,0,,,,,0,,,,,,3,0,1,North Zone,Chandigarh,KNL,Urban,,ASSIGN TO ENUMERATOR,0,0,0
1620826305,2026-03-28,2026-04-02,2026-04-10,2026-04-10,,,0,2026-04-10,2026-04-10,,,0,2026-04-10,2026-04-10,2026-04-10,,12,3,0,1,North Zone,Chandigarh,KNL,Urban,Accepted By DS SCH_0_0,Accepted By DS /AT CPG (Process) ,1,0,0
1620827305,2026-03-28,2026-04-01,2026-04-07,2026-04-07,,,0,2026-04-10,2026-04-10,,,0,2026-04-13,2026-04-13,2026-04-13,6,12,3,0,1,North Zone,Chandigarh,HSR,Urban,Accepted By DS SCH_0_0,Accepted By DS /AT CPG (Process) ,1,0,0
1620828305,2026-03-28,2026-04-01,,,,,0,,,,,0,,,,,,3,0,1,North Zone,Chandigarh,HSR,Urban,,ASSIGN TO ENUMERATOR,0,0,0
1620829305,2026-03-28,2026-04-01,2026-04-09,2026-04-09,,,0,2026-04-13,2026-04-13,,,0,,,2026-04-13,,12,3,0,1,North Zone,Chandigarh,HSR,Urban,Accepted by Supervisor,Submitted by Supervisor To Ds ,0,1,0
1620830305,2026-03-28,2026-03-31,2026-04-10,2026-04-10,,,0,2026-04-10,2026-04-10,,,0,,,2026-04-10,1,12,3,0,1,North Zone,Chandigarh,RTK,Urban,Accepted by Supervisor,Submitted by Supervisor To Ds ,0,1,0
1620831305,2026-03-28,2026-03-31,2026-04-06,2026-04-06,,,0,2026-04-06,2026-04-06,,,0,2026-04-08,2026-04-08,2026-04-08,,12,3,0,1,North Zone,Chandigarh,RTK,Urban,Accepted By DS SCH_0_0,Accepted By DS /AT CPG (Process) ,1,0,0
1620832305,2026-03-28,2026-03-31,,,,,0,,,,,0,,,,,,3,0,1,North Zone,Chandigarh,RTK,Urban,,ASSIGN TO ENUMERATOR,0,0,0
1620833305,2026-03-28,2026-03-31,2026-04-07,2026-04-07,,,0,2026-04-08,2026-04-08,,,0,2026-04-08,2026-04-08,2026-04-08,,12,3,0,1,North Zone,Chandigarh,FBD,Urban,Accepted By DS SCH_0_0,Accepted By DS /AT CPG (Process) ,1,0,0
1620834305,2026-03-28,2026-03-31,2026-04-04,2026-04-04,,,0,2026-04-05,2026-04-05,,,0,2026-04-06,2026-04-06,2026-04-06,,12,3,0,1,North Zone,Chandigarh,FBD,Urban,Accepted By DS SCH_0_0,Accepted By DS /AT CPG (Process) ,1,0,0
1620835305,2026-03-28,2026-03-31,,,,,0,,,,,0,,,,,,3,0,1,North Zone,Chandigarh,FBD,Urban,,ASSIGN TO ENUMERATOR,0,0,0
1620836305,2026-03-28,2026-03-31,2026-04-07,2026-04-09,2026-04-08,2026-04-09,1,2026-04-09,2026-04-09,,,0,,,2026-04-09,1,12,3,0,1,North Zone,Chandigarh,FBD,Urban,Accepted by Supervisor,Submitted by Supervisor To Ds ,0,1,0
1620837305,2026-03-28,2026-03-31,,,,,0,,,,,0,,,2026-04-11,,6,3,0,1,North Zone,Chandigarh,FBD,Urban,Submitted by Enumerator,ASSIGN TO ENUMERATOR,0,0,0
1620838305,2026-03-28,2026-03-31,,,,,0,,,,,0,,,,,,3,0,1,North Zone,Chandigarh,FBD,Urban,,ASSIGN TO ENUMERATOR,0,0,0
1620839305,2026-03-28,2026-04-01,2026-04-02,2026-04-02,2026-04-13,2026-04-13,1,2026-04-04,2026-04-04,2026-04-10,2026-04-10,1,,,2026-04-13,1,12,3,0,1,North Zone,Chandigarh,HSR,Urban,Returned by Supervisor,RETURN BACK TO ENUMERATOR,0,0,1
1620840305,2026-03-28,2026-03-31,2026-04-09,2026-04-09,,,0,2026-04-10,2026-04-10,,,0,2026-04-10,2026-04-10,2026-04-10,,12,3,0,1,North Zone,Chandigarh,FBD,Urban,Accepted By DS SCH_0_0,Accepted By DS /AT CPG (Process) ,1,0,0
1620841205,2026-03-28,2026-04-01,,,,,0,,,,,0,,,,,,2,0,1,North Zone,Chandigarh,CHD,Urban,,ASSIGN TO ENUMERATOR,0,0,0
1620842205,2026-03-28,2026-03-31,,,,,0,,,,,0,,,,,,2,0,1,North Zone,Chandigarh,CHD,Urban,,ASSIGN TO ENUMERATOR,0,0,0
1620843205,2026-03-28,2026-03-31,,,,,0,,,,,0,,,,,,2,0,1,North Zone,Chandigarh,AMB,Urban,,ASSIGN TO ENUMERATOR,0,0,0
1620844205,2026-03-28,2026-03-31,,,,,0,,,,,0,,,,,,2,0,1,North Zone,Chandigarh,AMB,Urban,,ASSIGN TO ENUMERATOR,0,0,0
1620845205,2026-03-28,2026-03-31,2026-04-11,2026-04-11,,,0,2026-04-11,2026-04-11,,,0,,,2026-04-11,1,12,2,0,1,North Zone,Chandigarh,AMB,Urban,Accepted by Supervisor,Submitted by Supervisor To Ds ,0,1,0
1620846205,2026-03-28,2026-03-31,2026-04-03,2026-04-03,,,0,2026-04-03,2026-04-03,,,0,2026-04-10,2026-04-10,2026-04-10,,12,2,0,1,North Zone,Chandigarh,AMB,Urban,Accepted By DS SCH_0_0,Accepted By DS /AT CPG (Process) ,1,0,0
1620847205,2026-03-28,2026-04-02,,,,,0,,,,,0,,,,,,2,0,1,North Zone,Chandigarh,KNL,Urban,,ASSIGN TO ENUMERATOR,0,0,0
1620848205,2026-03-28,2026-04-02,2026-04-11,2026-04-11,,,0,2026-04-11,2026-04-11,,,0,2026-04-13,2026-04-13,2026-04-13,,12,2,0,1,North Zone,Chandigarh,KNL,Urban,Accepted By DS SCH_0_0,Accepted By DS /AT CPG (Process) ,1,0,0
1620849205,2026-03-28,2026-04-02,2026-04-12,2026-04-12,2026-04-12,2026-04-12,1,2026-04-12,2026-04-12,,,0,,,2026-04-12,1,12,2,0,1,North Zone,Chandigarh,KNL,Urban,Accepted by Supervisor,Submitted by Supervisor To Ds ,0,1,0
1620850205,2026-03-28,2026-04-02,,,,,0,,,,,0,,,,,,2,0,1,North Zone,Chandigarh,KNL,Urban,,ASSIGN TO ENUMERATOR,0,0,0
1620851205,2026-03-28,2026-04-01,,,,,0,,,,,0,,,,,,2,0,1,North Zone,Chandigarh,HSR,Urban,,ASSIGN TO ENUMERATOR,0,0,0
1620852205,2026-03-28,2026-04-01,2026-04-09,2026-04-09,,,0,2026-04-13,2026-04-13,,,0,,,2026-04-13,,12,2,0,1,North Zone,Chandigarh,HSR,Urban,Accepted by Supervisor,Submitted by Supervisor To Ds ,0,1,0
1620853205,2026-03-28,2026-04-01,,,,,0,,,,,0,,,,,,2,0,1,North Zone,Chandigarh,HSR,Urban,,ASSIGN TO ENUMERATOR,0,0,0
1620854205,2026-03-28,2026-03-31,,,,,0,,,,,0,,,,,,2,0,1,North Zone,Chandigarh,RTK,Urban,,ASSIGN TO ENUMERATOR,0,0,0
1620855205,2026-03-28,2026-03-31,,,,,0,,,,,0,,,,,,2,0,1,North Zone,Chandigarh,RTK,Urban,,ASSIGN TO ENUMERATOR,0,0,0
1620856205,2026-03-28,2026-03-31,,,,,0,,,,,0,,,,,,2,0,1,North Zone,Chandigarh,RTK,Urban,,ASSIGN TO ENUMERATOR,0,0,0
1620857205,2026-03-28,2026-04-02,2026-04-03,2026-04-09,2026-04-09,2026-04-09,1,2026-04-05,2026-04-09,2026-04-08,2026-04-08,1,,,2026-04-09,1,12,2,0,1,North Zone,Chandigarh,FBD,Urban,Accepted by Supervisor,Submitted by Supervisor To Ds ,0,0,1
1620858205,2026-03-28,2026-03-31,2026-04-03,2026-04-03,,,0,2026-04-05,2026-04-05,,,0,2026-04-09,2026-04-09,2026-04-09,,12,2,0,1,North Zone,Chandigarh,FBD,Urban,Accepted By DS SCH_0_0,Accepted By DS /AT CPG (Process) ,1,0,0
1620859205,2026-03-28,2026-03-31,2026-04-07,2026-04-07,,,0,2026-04-08,2026-04-08,,,0,2026-04-08,2026-04-08,2026-04-08,,12,2,0,1,North Zone,Chandigarh,FBD,Urban,Accepted By DS SCH_0_0,Accepted By DS /AT CPG (Process) ,1,0,0
1620860205,2026-03-28,2026-03-31,2026-04-10,2026-04-10,,,0,2026-04-11,2026-04-11,,,0,2026-04-13,2026-04-13,2026-04-13,,12,2,0,1,North Zone,Chandigarh,FBD,Urban,Accepted By DS SCH_0_0,Accepted By DS /AT CPG (Process) ,1,0,0
1620861205,2026-03-28,2026-03-31,2026-04-10,2026-04-10,,,0,2026-04-11,2026-04-11,,,0,2026-04-13,2026-04-13,2026-04-13,1,12,2,0,1,North Zone,Chandigarh,FBD,Urban,Accepted By DS SCH_0_0,Accepted By DS /AT CPG (Process) ,1,0,0
1620862205,2026-03-28,2026-03-31,,,,,0,,,,,0,,,,,,2,0,1,North Zone,Chandigarh,FBD,Urban,,ASSIGN TO ENUMERATOR,0,0,0
1620863205,2026-03-28,2026-04-02,2026-04-07,2026-04-07,,,0,2026-04-07,2026-04-07,,,0,2026-04-09,2026-04-09,2026-04-09,1,12,2,0,1,North Zone,Chandigarh,RTK,Urban,Accepted By DS SCH_0_0,Accepted By DS /AT CPG (Process) ,1,0,0
1620864205,2026-03-28,2026-03-31,,,,,0,,,,,0,,,,,,2,0,1,North Zone,Chandigarh,FBD,Urban,,ASSIGN TO ENUMERATOR,0,0,0
1620865105,2026-03-28,2026-04-01,,,,,0,,,,,0,,,,,,1,1,0,North Zone,Chandigarh,CHD,Urban,,ASSIGN TO ENUMERATOR,0,0,0
1620866105,2026-03-28,2026-04-01,,,,,0,,,,,0,,,,,,1,1,0,North Zone,Chandigarh,CHD,Urban,,ASSIGN TO ENUMERATOR,0,0,0
1620867105,2026-03-28,2026-03-31,2026-04-11,2026-04-12,2026-04-11,2026-04-12,1,2026-04-12,2026-04-12,,,0,,,2026-04-12,23,12,1,1,0,North Zone,Chandigarh,AMB,Urban,Accepted by Supervisor,Submitted by Supervisor To Ds ,0,1,0
1620868105,2026-03-28,2026-03-31,2026-04-08,2026-04-10,2026-04-09,2026-04-10,1,2026-04-09,2026-04-10,2026-04-10,2026-04-10,1,2026-04-10,2026-04-10,2026-04-10,16,12,1,1,0,North Zone,Chandigarh,AMB,Urban,Accepted By DS SCH_0_0,Accepted By DS /AT CPG (Process) ,0,0,0
1620869105,2026-03-28,2026-03-31,,,,,0,,,,,0,,,,,,1,1,0,North Zone,Chandigarh,AMB,Urban,,ASSIGN TO ENUMERATOR,0,0,0
1620870105,2026-03-28,2026-03-31,,,,,0,,,,,0,,,,,,1,1,0,North Zone,Chandigarh,AMB,Urban,,ASSIGN TO ENUMERATOR,0,0,0
1620871105,2026-03-28,2026-03-31,2026-04-10,2026-04-10,2026-04-10,2026-04-10,1,2026-04-11,2026-04-11,2026-04-13,2026-04-13,1,,,2026-04-13,22,12,1,1,0,North Zone,Chandigarh,KNL,Urban,Return by DS,RETURN TO SUPERVISOR BY DS,0,0,1
1620872105,2026-03-28,2026-03-31,2026-04-08,2026-04-09,2026-04-08,2026-04-08,1,2026-04-09,2026-04-09,,,0,,,2026-04-09,11,12,1,1,0,North Zone,Chandigarh,KNL,Urban,Accepted by Supervisor,Submitted by Supervisor To Ds ,0,1,0
1620873105,2026-03-28,2026-04-02,,,,,0,,,,,0,,,,,,1,1,0,North Zone,Chandigarh,KNL,Urban,,ASSIGN TO ENUMERATOR,0,0,0
1620874105,2026-03-28,2026-04-02,2026-04-10,2026-04-10,,,0,2026-04-11,2026-04-11,,,0,,,2026-04-11,1,12,1,1,0,North Zone,Chandigarh,KNL,Urban,Accepted by Supervisor,Submitted by Supervisor To Ds ,0,1,0
1620875105,2026-03-28,2026-04-01,2026-04-08,2026-04-08,,,0,2026-04-13,2026-04-13,,,0,,,2026-04-13,1,12,1,1,0,North Zone,Chandigarh,HSR,Urban,Accepted by Supervisor,Submitted by Supervisor To Ds ,0,1,0
1620876105,2026-03-28,2026-04-01,2026-04-07,2026-04-07,,,0,2026-04-10,2026-04-10,,,0,2026-04-10,2026-04-10,2026-04-10,1,12,1,1,0,North Zone,Chandigarh,HSR,Urban,Accepted By DS SCH_0_0,Accepted By DS /AT CPG (Process) ,1,0,0
1620877105,2026-03-28,2026-04-01,2026-04-09,2026-04-09,,,0,,,,,0,,,2026-04-09,5,12,1,1,0,North Zone,Chandigarh,HSR,Urban,Submitted by Enumerator,SUBMITTED BY ENUMERATOR,0,0,0
1620878105,2026-03-28,2026-03-31,2026-04-07,2026-04-08,2026-04-08,2026-04-08,1,2026-04-07,2026-04-08,2026-04-08,2026-04-08,1,2026-04-09,2026-04-09,2026-04-09,2,12,1,1,0,North Zone,Chandigarh,RTK,Urban,Accepted By DS SCH_0_0,Accepted By DS /AT CPG (Process) ,0,0,0
1620879105,2026-03-28,2026-03-31,,,,,0,,,,,0,,,,,,1,1,0,North Zone,Chandigarh,RTK,Urban,,ASSIGN TO ENUMERATOR,0,0,0
1620880105,2026-03-28,2026-04-02,,,,,0,,,,,0,,,,,,1,1,0,North Zone,Chandigarh,RTK,Urban,,ASSIGN TO ENUMERATOR,0,0,0
1620881105,2026-03-28,2026-03-31,,,,,0,,,,,0,,,,,,1,1,0,North Zone,Chandigarh,FBD,Urban,,ASSIGN TO ENUMERATOR,0,0,0
1620882105,2026-03-28,2026-03-31,2026-04-08,2026-04-10,2026-04-09,2026-04-10,1,2026-04-09,2026-04-10,2026-04-09,2026-04-09,1,,,2026-04-10,5,12,1,1,0,North Zone,Chandigarh,FBD,Urban,Accepted by Supervisor,Submitted by Supervisor To Ds ,0,0,1
1620883105,2026-03-28,2026-03-31,,,,,0,,,,,0,,,,,,1,1,0,North Zone,Chandigarh,FBD,Urban,,ASSIGN TO ENUMERATOR,0,0,0
1620884105,2026-03-28,2026-03-31,,,,,0,,,,,0,,,,,,1,1,0,North Zone,Chandigarh,FBD,Urban,,ASSIGN TO ENUMERATOR,0,0,0
1620885105,2026-03-28,2026-03-31,2026-04-13,2026-04-13,,,0,,,,,0,,,2026-04-13,6,12,1,1,0,North Zone,Chandigarh,FBD,Urban,Accepted by Supervisor,SUBMITTED BY ENUMERATOR,0,0,0
1620886105,2026-03-28,2026-03-31,,,,,0,,,,,0,,,,,,1,1,0,North Zone,Chandigarh,FBD,Urban,,ASSIGN TO ENUMERATOR,0,0,0
1620887105,2026-03-28,2026-04-01,,,,,0,,,,,0,,,,,,1,1,0,North Zone,Chandigarh,HSR,Urban,,ASSIGN TO ENUMERATOR,0,0,0
1620888105,2026-03-28,2026-03-31,,,,,0,,,,,0,,,,,,1,1,0,North Zone,Chandigarh,FBD,Urban,,ASSIGN TO ENUMERATOR,0,0,0
1621081405,2026-03-28,2026-04-02,,,,,0,,,,,0,,,,,,4,0,1,North Zone,Delhi,DEL,Urban,,ASSIGN TO ENUMERATOR,0,0,0
1621082405,2026-03-28,2026-04-02,,,,,0,,,,,0,,,,,,4,0,1,North Zone,Delhi,DEL,Urban,,ASSIGN TO ENUMERATOR,0,0,0
1621083405,2026-03-28,2026-04-02,,,,,0,,,,,0,,,,,,4,0,1,North Zone,Delhi,DEL,Urban,,ASSIGN TO ENUMERATOR,0,0,0
1621084405,2026-03-28,2026-04-02,,,,,0,,,,,0,,,,,,4,0,1,North Zone,Delhi,DEL,Urban,,ASSIGN TO ENUMERATOR,0,0,0
1621085405,2026-03-28,2026-04-03,2026-04-11,2026-04-11,,,0,2026-04-13,2026-04-13,2026-04-13,2026-04-13,1,,,2026-04-13,2,12,4,0,1,North Zone,Delhi,DEL,Urban,Accepted by Supervisor,RETURN TO SUPERVISOR BY DS,0,0,1
1621086405,2026-03-28,2026-04-02,,,,,0,,,,,0,,,,,,4,0,1,North Zone,Delhi,DEL,Urban,,ASSIGN TO ENUMERATOR,0,0,0
1621087405,2026-03-28,2026-04-02,,,,,0,,,,,0,,,,,,4,0,1,North Zone,Delhi,DEL,Urban,,ASSIGN TO ENUMERATOR,0,0,0
1621088405,2026-03-28,2026-04-02,2026-04-06,2026-04-06,,,0,2026-04-08,2026-04-08,,,0,2026-04-08,2026-04-08,2026-04-08,,12,4,0,1,North Zone,Delhi,DEL,Urban,Accepted By DS SCH_0_0,Accepted By DS /AT CPG (Process) ,1,0,0
1621089405,2026-03-28,2026-04-02,,,,,0,,,,,0,,,,,,4,0,1,North Zone,Delhi,DEL,Urban,,ASSIGN TO ENUMERATOR,0,0,0
1621090405,2026-03-28,2026-04-02,,,,,0,,,,,0,,,,,,4,0,1,North Zone,Delhi,DEL,Urban,,ASSIGN TO ENUMERATOR,0,0,0
1621091405,2026-03-28,2026-04-03,,,,,0,,,,,0,,,,,,4,0,1,North Zone,Delhi,DEL,Urban,,ASSIGN TO ENUMERATOR,0,0,0
1621092405,2026-03-28,2026-04-03,,,,,0,,,,,0,,,,,,4,0,1,North Zone,Delhi,DEL,Urban,,ASSIGN TO ENUMERATOR,0,0,0
1621093405,2026-03-28,2026-04-05,,,,,0,,,,,0,,,,,,4,0,1,North Zone,Delhi,DEL,Urban,,ASSIGN TO ENUMERATOR,0,0,0
1621094405,2026-03-28,2026-04-05,2026-04-10,2026-04-10,,,0,,,,,0,,,2026-04-10,,12,4,0,1,North Zone,Delhi,DEL,Urban,Submitted by Enumerator,SUBMITTED BY ENUMERATOR,0,0,0
1621095405,2026-03-28,2026-04-03,,,,,0,,,,,0,,,,,,4,0,1,North Zone,Delhi,DEL,Urban,,ASSIGN TO ENUMERATOR,0,0,0
1621096405,2026-03-28,2026-04-03,2026-04-10,2026-04-10,,,0,2026-04-11,2026-04-11,,,0,,,2026-04-11,,12,4,0,1,North Zone,Delhi,DEL,Urban,Accepted by Supervisor,Submitted by Supervisor To Ds ,0,1,0
1621097405,2026-03-28,2026-04-03,2026-04-07,2026-04-07,,,0,2026-04-07,2026-04-07,,,0,2026-04-08,2026-04-08,2026-04-08,,,4,0,1,North Zone,Delhi,DEL,Urban,Accepted By DS SCH_0_0,Accepted By DS /AT CPG (Process) ,1,0,0
1621098405,2026-03-28,2026-04-02,2026-04-08,2026-04-08,,,0,2026-04-10,2026-04-10,,,0,,,2026-04-10,,12,4,0,1,North Zone,Delhi,DEL,Urban,Accepted by Supervisor,Submitted by Supervisor To Ds ,0,1,0
1621099405,2026-03-28,2026-04-02,,,,,0,,,,,0,,,,,,4,0,1,North Zone,Delhi,DEL,Urban,,ASSIGN TO ENUMERATOR,0,0,0
1621100405,2026-03-28,2026-04-03,2026-04-09,2026-04-09,,,0,2026-04-10,2026-04-10,,,0,,,2026-04-10,,12,4,0,1,North Zone,Delhi,DEL,Urban,Accepted by Supervisor,Submitted by Supervisor To Ds ,0,1,0
1621101405,2026-03-28,2026-04-02,,,,,0,,,,,0,,,,,,4,0,1,North Zone,Delhi,DEL,Urban,,ASSIGN TO ENUMERATOR,0,0,0
1621102405,2026-03-28,2026-04-02,2026-04-08,2026-04-08,,,0,2026-04-10,2026-04-10,,,0,,,2026-04-10,,12,4,0,1,North Zone,Delhi,DEL,Urban,Accepted by Supervisor,Submitted by Supervisor To Ds ,0,1,0
1621103405,2026-03-28,2026-04-02,,,,,0,,,,,0,,,,,,4,0,1,North Zone,Delhi,DEL,Urban,,ASSIGN TO ENUMERATOR,0,0,0
1621104305,2026-03-28,2026-04-02,2026-04-13,2026-04-13,,,0,,,,,0,,,2026-04-13,,12,3,0,1,North Zone,Delhi,DEL,Urban,Submitted by Enumerator,SUBMITTED BY ENUMERATOR,0,0,0
1621105305,2026-03-28,2026-04-05,2026-04-08,2026-04-08,,,0,2026-04-10,2026-04-10,,,0,2026-04-10,2026-04-10,2026-04-10,,12,3,0,1,North Zone,Delhi,DEL,Urban,Accepted By DS SCH_0_0,Accepted By DS /AT CPG (Process) ,1,0,0
1621106305,2026-03-28,2026-04-02,,,,,0,,,,,0,,,,,,3,0,1,North Zone,Delhi,DEL,Urban,,ASSIGN TO ENUMERATOR,0,0,0
1621107305,2026-03-28,2026-04-02,2026-04-08,2026-04-08,,,0,2026-04-10,2026-04-10,,,0,2026-04-10,2026-04-10,2026-04-10,,12,3,0,1,North Zone,Delhi,DEL,Urban,Accepted By DS SCH_0_0,Accepted By DS /AT CPG (Process) ,1,0,0
1621108305,2026-03-28,2026-04-03,,,,,0,,,,,0,,,,,,3,0,1,North Zone,Delhi,DEL,Urban,,ASSIGN TO ENUMERATOR,0,0,0
1621109305,2026-03-28,2026-04-03,,,,,0,,,,,0,,,,,,3,0,1,North Zone,Delhi,DEL,Urban,,ASSIGN TO ENUMERATOR,0,0,0
1621110305,2026-03-28,2026-04-03,,,,,0,,,,,0,,,,,,3,0,1,North Zone,Delhi,DEL,Urban,,ASSIGN TO ENUMERATOR,0,0,0
1621111305,2026-03-28,2026-04-03,,,,,0,,,,,0,,,,,,3,0,1,North Zone,Delhi,DEL,Urban,,ASSIGN TO ENUMERATOR,0,0,0
1621112305,2026-03-28,2026-04-02,,,,,0,,,,,0,,,,,,3,0,1,North Zone,Delhi,DEL,Urban,,ASSIGN TO ENUMERATOR,0,0,0
1621113305,2026-03-28,2026-04-02,,,,,0,,,,,0,,,,,,3,0,1,North Zone,Delhi,DEL,Urban,,ASSIGN TO ENUMERATOR,0,0,0
1621114305,2026-03-28,2026-04-03,,,,,0,,,,,0,,,,,,3,0,1,North Zone,Delhi,DEL,Urban,,ASSIGN TO ENUMERATOR,0,0,0
1621115305,2026-03-28,2026-04-02,,,,,0,,,,,0,,,,,,3,0,1,North Zone,Delhi,DEL,Urban,,ASSIGN TO ENUMERATOR,0,0,0
1621116305,2026-03-28,2026-04-03,,,,,0,,,,,0,,,,,,3,0,1,North Zone,Delhi,DEL,Urban,,ASSIGN TO ENUMERATOR,0,0,0
1621117305,2026-03-28,2026-04-03,,,,,0,,,,,0,,,,,,3,0,1,North Zone,Delhi,DEL,Urban,,ASSIGN TO ENUMERATOR,0,0,0
1621118305,2026-03-28,2026-04-02,2026-04-06,2026-04-06,,,0,2026-04-06,2026-04-06,,,0,,,2026-04-06,,12,3,0,1,North Zone,Delhi,DEL,Urban,Accepted by Supervisor,Submitted by Supervisor To Ds ,0,1,0
1621119305,2026-03-28,2026-04-02,,,,,0,,,,,0,,,,,,3,0,1,North Zone,Delhi,DEL,Urban,,ASSIGN TO ENUMERATOR,0,0,0
1621120305,2026-03-28,2026-04-02,2026-04-06,2026-04-06,,,0,2026-04-08,2026-04-08,,,0,2026-04-08,2026-04-08,2026-04-08,,12,3,0,1,North Zone,Delhi,DEL,Urban,Accepted By DS SCH_0_0,Accepted By DS /AT CPG (Process) ,1,0,0
1621121305,2026-03-28,2026-04-02,,,,,0,,,,,0,,,,,,3,0,1,North Zone,Delhi,DEL,Urban,,ASSIGN TO ENUMERATOR,0,0,0
1621122305,2026-03-28,2026-04-02,2026-04-06,2026-04-06,,,0,2026-04-08,2026-04-08,,,0,,,2026-04-08,,12,3,0,1,North Zone,Delhi,DEL,Urban,Accepted by Supervisor,Submitted by Supervisor To Ds ,0,1,0
1621123305,2026-03-28,2026-04-02,2026-04-09,2026-04-09,,,0,2026-04-10,2026-04-10,,,0,2026-04-10,2026-04-10,2026-04-10,,12,3,0,1,North Zone,Delhi,DEL,Urban,Accepted By DS SCH_0_0,Accepted By DS /AT CPG (Process) ,1,0,0
1621124305,2026-03-28,2026-04-02,,,,,0,,,,,0,,,,,,3,0,1,North Zone,Delhi,DEL,Urban,,ASSIGN TO ENUMERATOR,0,0,0
1621125305,2026-03-28,2026-04-03,2026-04-07,2026-04-07,,,0,2026-04-07,2026-04-07,,,0,2026-04-07,2026-04-07,2026-04-07,,12,3,0,1,North Zone,Delhi,DEL,Urban,Accepted By DS SCH_0_0,Accepted By DS /AT CPG (Process) ,1,0,0
1621126305,2026-03-28,2026-04-03,,,,,0,,,,,0,,,,,,3,0,1,North Zone,Delhi,DEL,Urban,,ASSIGN TO ENUMERATOR,0,0,0
1621127205,2026-03-28,2026-04-03,2026-04-10,2026-04-10,,,0,2026-04-11,2026-04-11,,,0,,,2026-04-11,,12,2,0,1,North Zone,Delhi,DEL,Urban,Accepted by Supervisor,Submitted by Supervisor To Ds ,0,1,0
1621128205,2026-03-28,2026-04-02,,,,,0,,,,,0,,,,,,2,0,1,North Zone,Delhi,DEL,Urban,,ASSIGN TO ENUMERATOR,0,0,0
1621129205,2026-03-28,2026-04-02,2026-04-06,2026-04-08,2026-04-08,2026-04-08,1,2026-04-07,2026-04-08,2026-04-07,2026-04-07,1,2026-04-08,2026-04-08,2026-04-08,1,12,2,0,1,North Zone,Delhi,DEL,Urban,Accepted By DS SCH_0_0,Accepted By DS /AT CPG (Process) ,0,0,0
1621130205,2026-03-28,2026-04-05,2026-04-06,2026-04-06,,,0,2026-04-06,2026-04-06,,,0,,,2026-04-06,,12,2,0,1,North Zone,Delhi,DEL,Urban,Accepted by Supervisor,Submitted by Supervisor To Ds ,0,1,0
1621131205,2026-03-28,2026-04-02,,,,,0,,,,,0,,,,,,2,0,1,North Zone,Delhi,DEL,Urban,,ASSIGN TO ENUMERATOR,0,0,0
1621132205,2026-03-28,2026-04-03,,,,,0,,,,,0,,,,,,2,0,1,North Zone,Delhi,DEL,Urban,,ASSIGN TO ENUMERATOR,0,0,0
1621133205,2026-03-28,2026-04-02,,,,,0,,,,,0,,,,,,2,0,1,North Zone,Delhi,DEL,Urban,,ASSIGN TO ENUMERATOR,0,0,0
1621134205,2026-03-28,2026-04-02,,,,,0,,,,,0,,,,,,2,0,1,North Zone,Delhi,DEL,Urban,,ASSIGN TO ENUMERATOR,0,0,0
1621135205,2026-03-28,2026-04-02,,,,,0,,,,,0,,,,,,2,0,1,North Zone,Delhi,DEL,Urban,,ASSIGN TO ENUMERATOR,0,0,0
1621136205,2026-03-28,2026-04-03,,,,,0,,,,,0,,,,,,2,0,1,North Zone,Delhi,DEL,Urban,,ASSIGN TO ENUMERATOR,0,0,0
1621137205,2026-03-28,2026-04-02,2026-04-08,2026-04-08,,,0,2026-04-08,2026-04-08,,,0,2026-04-08,2026-04-08,2026-04-08,,12,2,0,1,North Zone,Delhi,DEL,Urban,Accepted By DS SCH_0_0,Accepted By DS /AT CPG (Process) ,1,0,0
1621138205,2026-03-28,2026-04-03,,,,,0,,,,,0,,,,,,2,0,1,North Zone,Delhi,DEL,Urban,,ASSIGN TO ENUMERATOR,0,0,0
1621139205,2026-03-28,2026-04-03,,,,,0,,,,,0,,,,,,2,0,1,North Zone,Delhi,DEL,Urban,,ASSIGN TO ENUMERATOR,0,0,0
1621140205,2026-03-28,2026-04-03,2026-04-08,2026-04-08,,,0,2026-04-10,2026-04-10,,,0,,,2026-04-10,,12,2,0,1,North Zone,Delhi,DEL,Urban,Accepted by Supervisor,Submitted by Supervisor To Ds ,0,1,0
1621141205,2026-03-28,2026-04-02,,,,,0,,,,,0,,,,,,2,0,1,North Zone,Delhi,DEL,Urban,,ASSIGN TO ENUMERATOR,0,0,0
1621142205,2026-03-28,2026-04-03,,,,,0,,,,,0,,,,,,2,0,1,North Zone,Delhi,DEL,Urban,,ASSIGN TO ENUMERATOR,0,0,0
1621143205,2026-03-28,2026-04-03,,,,,0,,,,,0,,,,,,2,0,1,North Zone,Delhi,DEL,Urban,,ASSIGN TO ENUMERATOR,0,0,0
1621144205,2026-03-28,2026-04-02,,,,,0,,,,,0,,,,,,2,0,1,North Zone,Delhi,DEL,Urban,,ASSIGN TO ENUMERATOR,0,0,0
1621145205,2026-03-28,2026-04-03,2026-04-06,2026-04-06,,,0,2026-04-07,2026-04-07,,,0,2026-04-07,2026-04-07,2026-04-07,,12,2,0,1,North Zone,Delhi,DEL,Urban,Accepted By DS SCH_0_0,Accepted By DS /AT CPG (Process) ,1,0,0
1621146205,2026-03-28,2026-04-03,,,,,0,,,,,0,,,,,,2,0,1,North Zone,Delhi,DEL,Urban,,ASSIGN TO ENUMERATOR,0,0,0
1621147205,2026-03-28,2026-04-02,,,,,0,,,,,0,,,,,,2,0,1,North Zone,Delhi,DEL,Urban,,ASSIGN TO ENUMERATOR,0,0,0
1621148205,2026-03-28,2026-04-03,,,,,0,,,,,0,,,,,,2,0,1,North Zone,Delhi,DEL,Urban,,ASSIGN TO ENUMERATOR,0,0,0
1621149205,2026-03-28,2026-04-02,2026-04-10,2026-04-10,,,0,2026-04-11,2026-04-11,,,0,2026-04-11,2026-04-11,2026-04-11,,12,2,0,1,North Zone,Delhi,DEL,Urban,Accepted By DS SCH_0_0,Accepted By DS /AT CPG (Process) ,1,0,0
1621150105,2026-03-28,2026-04-02,2026-04-09,2026-04-11,2026-04-11,2026-04-11,1,2026-04-10,2026-04-10,2026-04-10,2026-04-10,1,,,2026-04-11,4,12,1,1,0,North Zone,Delhi,DEL,Urban,Accepted by Supervisor,SUBMITTED BY ENUMERATOR,0,0,1
1621151105,2026-03-28,2026-04-02,,,,,0,,,,,0,,,,,,1,1,0,North Zone,Delhi,DEL,Urban,,ASSIGN TO ENUMERATOR,0,0,0
1621152105,2026-03-28,2026-04-02,,,,,0,,,,,0,,,,,,1,1,0,North Zone,Delhi,DEL,Urban,,ASSIGN TO ENUMERATOR,0,0,0
1621153105,2026-03-28,2026-04-02,,,,,0,,,,,0,,,,,,1,1,0,North Zone,Delhi,DEL,Urban,,ASSIGN TO ENUMERATOR,0,0,0
1621154105,2026-03-28,2026-04-02,,,,,0,,,,,0,,,,,,1,1,0,North Zone,Delhi,DEL,Urban,,ASSIGN TO ENUMERATOR,0,0,0
1621155105,2026-03-28,2026-04-05,,,,,0,,,,,0,,,,,,1,1,0,North Zone,Delhi,DEL,Urban,,ASSIGN TO ENUMERATOR,0,0,0
1621156105,2026-03-28,2026-04-03,,,,,0,,,,,0,,,,,,1,1,0,North Zone,Delhi,DEL,Urban,,ASSIGN TO ENUMERATOR,0,0,0
1621157105,2026-03-28,2026-04-02,,,,,0,,,,,0,,,,,,1,1,0,North Zone,Delhi,DEL,Urban,,ASSIGN TO ENUMERATOR,0,0,0
1621158105,2026-03-28,2026-04-03,,,,,0,,,,,0,,,,,,1,1,0,North Zone,Delhi,DEL,Urban,,ASSIGN TO ENUMERATOR,0,0,0
1621159105,2026-03-28,2026-04-03,2026-04-09,2026-04-09,,,0,2026-04-11,2026-04-11,,,0,,,2026-04-11,,12,1,1,0,North Zone,Delhi,DEL,Urban,Accepted by Supervisor,Submitted by Supervisor To Ds ,0,1,0
1621160105,2026-03-28,2026-04-03,,,,,0,,,,,0,,,,,,1,1,0,North Zone,Delhi,DEL,Urban,,ASSIGN TO ENUMERATOR,0,0,0
1621161105,2026-03-28,2026-04-05,,,,,0,,,,,0,,,,,,1,1,0,North Zone,Delhi,DEL,Urban,,ASSIGN TO ENUMERATOR,0,0,0
1621162105,2026-03-28,2026-04-02,2026-04-10,2026-04-10,,,0,2026-04-11,2026-04-11,2026-04-11,2026-04-11,1,,,2026-04-11,7,12,1,1,0,North Zone,Delhi,DEL,Urban,Accepted by Supervisor,RETURN TO SUPERVISOR BY DS,0,0,1
1621163105,2026-03-28,2026-04-02,,,,,0,,,,,0,,,,,,1,1,0,North Zone,Delhi,DEL,Urban,,ASSIGN TO ENUMERATOR,0,0,0
1621164105,2026-03-28,2026-04-02,2026-04-08,2026-04-08,,,0,2026-04-10,2026-04-10,,,0,,,2026-04-10,,12,1,1,0,North Zone,Delhi,DEL,Urban,Accepted by Supervisor,Submitted by Supervisor To Ds ,0,1,0
1621165105,2026-03-28,2026-04-03,,,,,0,,,,,0,,,,,,1,1,0,North Zone,Delhi,DEL,Urban,,ASSIGN TO ENUMERATOR,0,0,0
1621166105,2026-03-28,2026-04-03,,,,,0,,,,,0,,,,,,1,1,0,North Zone,Delhi,DEL,Urban,,ASSIGN TO ENUMERATOR,0,0,0
1621167105,2026-03-28,2026-04-03,2026-04-09,2026-04-09,,,0,2026-04-11,2026-04-11,,,0,,,2026-04-11,5,12,1,1,0,North Zone,Delhi,DEL,Urban,Accepted by Supervisor,Submitted by Supervisor To Ds ,0,1,0
1621168105,2026-03-28,2026-04-02,2026-04-04,2026-04-04,,,0,2026-04-08,2026-04-08,,,0,2026-04-08,2026-04-08,2026-04-08,1,,1,1,0,North Zone,Delhi,DEL,Urban,Accepted By DS SCH_0_0,Accepted By DS /AT CPG (Process) ,1,0,0
1621169105,2026-03-28,2026-04-02,,,,,0,,,,,0,,,,,,1,1,0,North Zone,Delhi,DEL,Urban,,ASSIGN TO ENUMERATOR,0,0,0
1621170105,2026-03-28,2026-04-02,2026-04-10,2026-04-10,,,0,2026-04-11,2026-04-11,2026-04-11,2026-04-11,1,,,2026-04-11,5,12,1,1,0,North Zone,Delhi,DEL,Urban,Accepted by Supervisor,RETURN TO SUPERVISOR BY DS,0,0,1
1621171105,2026-03-28,2026-04-02,,,,,0,,,,,0,,,,,,1,1,0,North Zone,Delhi,DEL,Urban,,ASSIGN TO ENUMERATOR,0,0,0
1621172105,2026-03-28,2026-04-02,,,,,0,,,,,0,,,,,,1,1,0,North Zone,Delhi,DEL,Urban,,ASSIGN TO ENUMERATOR,0,0,0
1621370405,2026-03-28,2026-04-01,,,,,0,,,,,0,,,,,,4,0,1,North Zone,Ajmer,AJM,Urban,,ASSIGN TO ENUMERATOR,0,0,0
1621371405,2026-03-28,2026-04-01,,,,,0,,,,,0,,,,,,4,0,1,North Zone,Ajmer,JDP,Urban,,ASSIGN TO ENUMERATOR,0,0,0
1621372405,2026-03-28,2026-04-01,2026-04-08,2026-04-08,,,0,2026-04-10,2026-04-10,,,0,2026-04-11,2026-04-11,2026-04-11,,12,4,0,1,North Zone,Ajmer,JDP,Urban,Accepted By DS SCH_0_0,Accepted By DS /AT CPG (Process) ,1,0,0
1621373405,2026-03-28,2026-04-01,,,,,0,,,,,0,,,,,,4,0,1,North Zone,Ajmer,JDP,Urban,,ASSIGN TO ENUMERATOR,0,0,0
1621374405,2026-03-28,2026-04-01,2026-04-09,2026-04-09,,,0,2026-04-10,2026-04-10,,,0,,,2026-04-10,,12,4,0,1,North Zone,Ajmer,UDP,Urban,Accepted by Supervisor,Submitted by Supervisor To Ds ,0,1,0
1621375405,2026-03-28,2026-04-01,2026-04-10,2026-04-10,,,0,2026-04-10,2026-04-10,,,0,,,2026-04-10,,12,4,0,1,North Zone,Ajmer,JDP,Urban,Accepted by Supervisor,Submitted by Supervisor To Ds ,0,1,0
1621376405,2026-03-28,2026-04-01,2026-04-02,2026-04-02,,,0,2026-04-02,2026-04-02,,,0,2026-04-02,2026-04-02,2026-04-02,1,12,4,0,1,North Zone,Ajmer,AJM,Urban,Accepted By DS SCH_0_0,Accepted By DS /AT CPG (Process) ,1,0,0
1621377405,2026-03-28,2026-04-01,2026-04-02,2026-04-02,,,0,2026-04-06,2026-04-06,,,0,,,2026-04-06,,12,4,0,1,North Zone,Ajmer,AJM,Urban,Accepted by Supervisor,Submitted by Supervisor To Ds ,0,1,0
1621380405,2026-03-28,2026-04-01,,,,,0,,,,,0,,,,,,4,0,1,North Zone,Ajmer,AJM,Urban,,ASSIGN TO ENUMERATOR,0,0,0
1621381405,2026-03-28,2026-04-01,,,,,0,,,,,0,,,,,,4,0,1,North Zone,Ajmer,UDP,Urban,,ASSIGN TO ENUMERATOR,0,0,0
1621382405,2026-03-28,2026-04-01,2026-04-07,2026-04-07,,,0,2026-04-09,2026-04-09,,,0,2026-04-10,2026-04-10,2026-04-10,,12,4,0,1,North Zone,Ajmer,UDP,Urban,Accepted By DS SCH_0_0,Accepted By DS /AT CPG (Process) ,1,0,0
1621383405,2026-03-28,2026-04-01,2026-04-07,2026-04-08,2026-04-08,2026-04-08,1,2026-04-09,2026-04-09,,,0,,,2026-04-09,1,12,4,0,1,North Zone,Ajmer,UDP,Urban,Accepted by Supervisor,Submitted by Supervisor To Ds ,0,1,0
1621387405,2026-03-28,2026-04-01,,,,,0,,,,,0,,,,,,4,0,1,North Zone,Ajmer,UDP,Urban,,ASSIGN TO ENUMERATOR,0,0,0
1621394405,2026-03-28,2026-04-01,,,,,0,,,,,0,,,,,,4,0,1,North Zone,Ajmer,AJM,Urban,,ASSIGN TO ENUMERATOR,0,0,0
1621395405,2026-03-28,2026-04-09,,,,,0,,,,,0,,,,,,4,0,1,North Zone,Ajmer,JDP,Urban,,ASSIGN TO ENUMERATOR,0,0,0
1621396405,2026-03-28,2026-04-01,,,,,0,,,,,0,,,,,,4,0,1,North Zone,Ajmer,AJM,Urban,,ASSIGN TO ENUMERATOR,0,0,0
1621401405,2026-03-28,2026-04-01,,,,,0,,,,,0,,,,,,4,0,1,North Zone,Ajmer,AJM,Urban,,ASSIGN TO ENUMERATOR,0,0,0
1621402405,2026-03-28,2026-04-01,2026-04-02,2026-04-02,,,0,2026-04-06,2026-04-06,,,0,2026-04-07,2026-04-07,2026-04-07,,12,4,0,1,North Zone,Ajmer,JDP,Urban,Accepted By DS SCH_0_0,Accepted By DS /AT CPG (Process) ,1,0,0
1621403405,2026-03-28,2026-04-01,,,,,0,,,,,0,,,,,,4,0,1,North Zone,Ajmer,UDP,Urban,,ASSIGN TO ENUMERATOR,0,0,0
1621404405,2026-03-28,2026-04-01,,,,,0,,,,,0,,,,,,4,0,1,North Zone,Ajmer,UDP,Urban,,ASSIGN TO ENUMERATOR,0,0,0
1621419305,2026-03-28,2026-04-01,2026-04-10,2026-04-10,2026-04-10,2026-04-10,1,2026-04-11,2026-04-11,,,0,,,2026-04-11,2,12,3,0,1,North Zone,Ajmer,AJM,Urban,Accepted by Supervisor,Submitted by Supervisor To Ds ,0,1,0
1621420305,2026-03-28,2026-04-01,,,,,0,,,,,0,,,,,,3,0,1,North Zone,Ajmer,JDP,Urban,,ASSIGN TO ENUMERATOR,0,0,0
1621421305,2026-03-28,2026-04-01,2026-04-06,2026-04-06,,,0,2026-04-06,2026-04-06,,,0,2026-04-11,2026-04-11,2026-04-11,3,12,3,0,1,North Zone,Ajmer,JDP,Urban,Accepted By DS SCH_0_0,Accepted By DS /AT CPG (Process) ,1,0,0
1621422305,2026-03-28,2026-04-01,,,,,0,,,,,0,,,,,,3,0,1,North Zone,Ajmer,JDP,Urban,,ASSIGN TO ENUMERATOR,0,0,0
1621423305,2026-03-28,2026-04-01,,,,,0,,,,,0,,,,,,3,0,1,North Zone,Ajmer,UDP,Urban,,ASSIGN TO ENUMERATOR,0,0,0
1621424305,2026-03-28,2026-04-01,2026-04-10,2026-04-10,,,0,2026-04-11,2026-04-11,,,0,2026-04-13,2026-04-13,2026-04-13,4,12,3,0,1,North Zone,Ajmer,JDP,Urban,Accepted By DS SCH_0_0,Accepted By DS /AT CPG (Process) ,1,0,0
1621425305,2026-03-28,2026-04-01,2026-04-01,2026-04-01,,,0,2026-04-02,2026-04-02,,,0,2026-04-06,2026-04-06,2026-04-06,,12,3,0,1,North Zone,Ajmer,AJM,Urban,Accepted By DS SCH_0_0,Accepted By DS /AT CPG (Process) ,1,0,0
1621426305,2026-03-28,2026-04-01,2026-04-07,2026-04-07,,,0,2026-04-08,2026-04-08,,,0,2026-04-10,2026-04-10,2026-04-10,,12,3,0,1,North Zone,Ajmer,AJM,Urban,Accepted By DS SCH_0_0,Accepted By DS /AT CPG (Process) ,1,0,0
1621429305,2026-03-28,2026-04-01,,,,,0,,,,,0,,,,,,3,0,1,North Zone,Ajmer,AJM,Urban,,ASSIGN TO ENUMERATOR,0,0,0
1621430305,2026-03-28,2026-04-01,2026-04-08,2026-04-08,,,0,2026-04-10,2026-04-10,,,0,,,2026-04-10,,12,3,0,1,North Zone,Ajmer,UDP,Urban,Accepted by Supervisor,Submitted by Supervisor To Ds ,0,1,0
1621431305,2026-03-28,2026-04-01,,,,,0,,,,,0,,,,,,3,0,1,North Zone,Ajmer,UDP,Urban,,ASSIGN TO ENUMERATOR,0,0,0
1621432305,2026-03-28,2026-04-01,2026-04-08,2026-04-09,2026-04-08,2026-04-09,1,2026-04-08,2026-04-09,2026-04-09,2026-04-09,1,2026-04-10,2026-04-10,2026-04-10,2,12,3,0,1,North Zone,Ajmer,UDP,Urban,Accepted By DS SCH_0_0,Accepted By DS /AT CPG (Process) ,0,0,0
1621436305,2026-03-28,2026-04-01,,,,,0,,,,,0,,,,,,3,0,1,North Zone,Ajmer,UDP,Urban,,ASSIGN TO ENUMERATOR,0,0,0
1621443305,2026-03-28,2026-04-01,,,,,0,,,,,0,,,,,,3,0,1,North Zone,Ajmer,AJM,Urban,,ASSIGN TO ENUMERATOR,0,0,0
1621444305,2026-03-28,2026-04-01,,,,,0,,,,,0,,,,,,3,0,1,North Zone,Ajmer,JDP,Urban,,ASSIGN TO ENUMERATOR,0,0,0
1621445305,2026-03-28,2026-04-01,,,,,0,,,,,0,,,,,,3,0,1,North Zone,Ajmer,AJM,Urban,,ASSIGN TO ENUMERATOR,0,0,0
1621450305,2026-03-28,2026-04-01,2026-04-06,2026-04-06,,,0,2026-04-06,2026-04-06,,,0,2026-04-07,2026-04-07,2026-04-07,,12,3,0,1,North Zone,Ajmer,AJM,Urban,Accepted By DS SCH_0_0,Accepted By DS /AT CPG (Process) ,1,0,0
1621451305,2026-03-28,2026-04-01,2026-04-05,2026-04-07,2026-04-06,2026-04-07,1,2026-04-07,2026-04-07,,,0,,,2026-04-07,2,12,3,0,1,North Zone,Ajmer,JDP,Urban,Accepted by Supervisor,Submitted by Supervisor To Ds ,0,1,0
1621452305,2026-03-28,2026-04-01,2026-04-06,2026-04-06,,,0,2026-04-07,2026-04-07,,,0,2026-04-07,2026-04-07,2026-04-07,1,12,3,0,1,North Zone,Ajmer,UDP,Urban,Accepted By DS SCH_0_0,Accepted By DS /AT CPG (Process) ,1,0,0
1621453305,2026-03-28,2026-04-01,,,,,0,,,,,0,,,,,,3,0,1,North Zone,Ajmer,UDP,Urban,,ASSIGN TO ENUMERATOR,0,0,0
1621468205,2026-03-28,2026-04-01,,,,,0,,,,,0,,,,,,2,0,1,North Zone,Ajmer,AJM,Urban,,ASSIGN TO ENUMERATOR,0,0,0
1621469205,2026-03-28,2026-04-01,2026-04-01,2026-04-01,,,0,2026-04-06,2026-04-06,2026-04-11,2026-04-11,1,,,2026-04-11,2,12,2,0,1,North Zone,Ajmer,JDP,Urban,Accepted by Supervisor,RETURN TO SUPERVISOR BY DS,0,0,1
1621470205,2026-03-28,2026-04-01,2026-04-01,2026-04-01,,,0,2026-04-04,2026-04-04,,,0,2026-04-08,2026-04-08,2026-04-08,1,12,2,0,1,North Zone,Ajmer,JDP,Urban,Accepted By DS SCH_0_0,Accepted By DS /AT CPG (Process) ,1,0,0
1621471205,2026-03-28,2026-04-01,,,,,0,,,,,0,,,,,,2,0,1,North Zone,Ajmer,JDP,Urban,,ASSIGN TO ENUMERATOR,0,0,0
1621472205,2026-03-28,2026-04-01,,,,,0,,,,,0,,,,,,2,0,1,North Zone,Ajmer,UDP,Urban,,ASSIGN TO ENUMERATOR,0,0,0
1621473205,2026-03-28,2026-04-01,,,,,0,,,,,0,,,,,,2,0,1,North Zone,Ajmer,JDP,Urban,,ASSIGN TO ENUMERATOR,0,0,0
1621474205,2026-03-28,2026-04-01,2026-04-10,2026-04-10,,,0,2026-04-13,2026-04-13,,,0,,,2026-04-13,1,12,2,0,1,North Zone,Ajmer,AJM,Urban,Accepted by Supervisor,Submitted by Supervisor To Ds ,0,1,0
1621475205,2026-03-28,2026-04-01,2026-04-06,2026-04-06,,,0,2026-04-06,2026-04-06,,,0,,,2026-04-06,1,12,2,0,1,North Zone,Ajmer,AJM,Urban,Accepted by Supervisor,Submitted by Supervisor To Ds ,0,1,0
1621478205,2026-03-28,2026-04-01,,,,,0,,,,,0,,,,,,2,0,1,North Zone,Ajmer,AJM,Urban,,ASSIGN TO ENUMERATOR,0,0,0
1621479205,2026-03-28,2026-04-01,2026-04-06,2026-04-06,,,0,2026-04-07,2026-04-07,,,0,,,2026-04-07,1,12,2,0,1,North Zone,Ajmer,UDP,Urban,Accepted by Supervisor,Submitted by Supervisor To Ds ,0,1,0
1621480205,2026-03-28,2026-04-01,,,,,0,,,,,0,,,,,,2,0,1,North Zone,Ajmer,UDP,Urban,,ASSIGN TO ENUMERATOR,0,0,0
1621481205,2026-03-28,2026-04-01,,,,,0,,,,,0,,,,,,2,0,1,North Zone,Ajmer,UDP,Urban,,ASSIGN TO ENUMERATOR,0,0,0
1621485205,2026-03-28,2026-04-01,2026-04-07,2026-04-07,,,0,2026-04-08,2026-04-08,,,0,2026-04-11,2026-04-11,2026-04-11,,12,2,0,1,North Zone,Ajmer,UDP,Urban,Accepted By DS SCH_0_0,Accepted By DS /AT CPG (Process) ,1,0,0
1621492205,2026-03-28,2026-04-01,,,,,0,,,,,0,,,,,,2,0,1,North Zone,Ajmer,AJM,Urban,,ASSIGN TO ENUMERATOR,0,0,0
1621493205,2026-03-28,2026-04-07,2026-04-08,2026-04-08,,,0,2026-04-10,2026-04-10,,,0,2026-04-11,2026-04-11,2026-04-11,,12,2,0,1,North Zone,Ajmer,JDP,Urban,Accepted By DS SCH_0_0,Accepted By DS /AT CPG (Process) ,1,0,0
1621494205,2026-03-28,2026-04-01,2026-04-12,2026-04-12,,,0,,,,,0,,,2026-04-12,,12,2,0,1,North Zone,Ajmer,AJM,Urban,Submitted by Enumerator,SUBMITTED BY ENUMERATOR,0,0,0
1621499205,2026-03-28,2026-04-01,2026-04-06,2026-04-07,2026-04-07,2026-04-07,1,2026-04-07,2026-04-07,,,0,,,2026-04-07,1,12,2,0,1,North Zone,Ajmer,AJM,Urban,Accepted by Supervisor,Submitted by Supervisor To Ds ,0,1,0
1621500205,2026-03-28,2026-04-01,,,,,0,,,,,0,,,,,,2,0,1,North Zone,Ajmer,JDP,Urban,,ASSIGN TO ENUMERATOR,0,0,0
1621501205,2026-03-28,2026-04-01,,,,,0,,,,,0,,,,,,2,0,1,North Zone,Ajmer,UDP,Urban,,ASSIGN TO ENUMERATOR,0,0,0
1621502205,2026-03-28,2026-04-01,,,,,0,,,,,0,,,,,,2,0,1,North Zone,Ajmer,UDP,Urban,,ASSIGN TO ENUMERATOR,0,0,0
1621517105,2026-03-28,2026-04-01,2026-04-11,2026-04-11,,,0,,,,,0,,,2026-04-11,6,12,1,1,0,North Zone,Ajmer,AJM,Urban,Submitted by Enumerator,SUBMITTED BY ENUMERATOR,0,0,0
1621518105,2026-03-28,2026-04-01,2026-04-04,2026-04-06,2026-04-05,2026-04-06,1,2026-04-07,2026-04-07,,,0,,,2026-04-07,6,12,1,1,0,North Zone,Ajmer,JDP,Urban,Accepted by Supervisor,Submitted by Supervisor To Ds ,0,1,0
1621519105,2026-03-28,2026-04-01,,,,,0,,,,,0,,,,,,1,1,0,North Zone,Ajmer,JDP,Urban,,ASSIGN TO ENUMERATOR,0,0,0
1621520105,2026-03-28,2026-04-01,,,,,0,,,,,0,,,,,,1,1,0,North Zone,Ajmer,JDP,Urban,,ASSIGN TO ENUMERATOR,0,0,0
1621521105,2026-03-28,2026-04-01,,,,,0,,,,,0,,,2026-04-13,1,10,1,1,0,North Zone,Ajmer,UDP,Urban,Submitted by Enumerator,ASSIGN TO ENUMERATOR,0,0,0
1621522105,2026-03-28,2026-04-01,2026-04-13,2026-04-13,2026-04-13,2026-04-13,1,,,,,0,,,2026-04-13,4,12,1,1,0,North Zone,Ajmer,JDP,Urban,Returned by Supervisor,RETURN BACK TO ENUMERATOR,0,0,0
1621523105,2026-03-28,2026-04-01,2026-04-04,2026-04-05,2026-04-05,2026-04-05,1,2026-04-05,2026-04-05,,,0,2026-04-06,2026-04-06,2026-04-06,6,12,1,1,0,North Zone,Ajmer,AJM,Urban,Accepted By DS SCH_0_0,Accepted By DS /AT CPG (Process) ,0,0,0
1621524105,2026-03-28,2026-04-01,,,,,0,,,,,0,,,,,,1,1,0,North Zone,Ajmer,AJM,Urban,,ASSIGN TO ENUMERATOR,0,0,0
1621527105,2026-03-28,2026-04-01,,,,,0,,,,,0,,,,,,1,1,0,North Zone,Ajmer,AJM,Urban,,ASSIGN TO ENUMERATOR,0,0,0
1621528105,2026-03-28,2026-04-01,2026-04-05,2026-04-08,2026-04-06,2026-04-08,1,2026-04-06,2026-04-08,2026-04-08,2026-04-13,1,,,2026-04-13,13,12,1,1,0,North Zone,Ajmer,UDP,Urban,Return by DS,RETURN TO SUPERVISOR BY DS,0,0,1
1621529105,2026-03-28,2026-04-01,,,,,0,,,,,0,,,,,,1,1,0,North Zone,Ajmer,UDP,Urban,,ASSIGN TO ENUMERATOR,0,0,0
1621530105,2026-03-28,2026-04-01,,,,,0,,,,,0,,,,,,1,1,0,North Zone,Ajmer,UDP,Urban,,ASSIGN TO ENUMERATOR,0,0,0
1621534105,2026-03-28,2026-04-01,2026-04-05,2026-04-07,2026-04-06,2026-04-07,1,2026-04-07,2026-04-07,,,0,,,2026-04-07,9,12,1,1,0,North Zone,Ajmer,UDP,Urban,Accepted by Supervisor,Submitted by Supervisor To Ds ,0,1,0
1621541105,2026-03-28,2026-04-01,,,,,0,,,,,0,,,,,,1,1,0,North Zone,Ajmer,AJM,Urban,,ASSIGN TO ENUMERATOR,0,0,0
1621542105,2026-03-28,2026-04-01,2026-04-11,2026-04-11,,,0,2026-04-11,2026-04-11,,,0,,,2026-04-11,4,12,1,1,0,North Zone,Ajmer,JDP,Urban,Accepted by Supervisor,Submitted by Supervisor To Ds ,0,1,0
1621543105,2026-03-28,2026-04-01,2026-04-11,2026-04-11,,,0,,,,,0,,,2026-04-11,,12,1,1,0,North Zone,Ajmer,AJM,Urban,Submitted by Enumerator,SUBMITTED BY ENUMERATOR,0,0,0
1621548105,2026-03-28,2026-04-01,,,,,0,,,,,0,,,,,,1,1,0,North Zone,Ajmer,AJM,Urban,,ASSIGN TO ENUMERATOR,0,0,0
1621549105,2026-03-28,2026-04-01,,,,,0,,,,,0,,,,,,1,1,0,North Zone,Ajmer,JDP,Urban,,ASSIGN TO ENUMERATOR,0,0,0
1621550105,2026-03-28,2026-04-01,,,,,0,,,,,0,,,,,,1,1,0,North Zone,Ajmer,UDP,Urban,,ASSIGN TO ENUMERATOR,0,0,0
1621551105,2026-03-28,2026-04-01,,,,,0,,,,,0,,,,,,1,1,0,North Zone,Ajmer,UDP,Urban,,ASSIGN TO ENUMERATOR,0,0,0
1621945405,2026-03-28,2026-04-07,,,,,0,,,,,0,,,,,,4,0,1,Central Zone,Bareilly,SRN,Urban,,ASSIGN TO ENUMERATOR,0,0,0
1621946405,2026-03-28,2026-04-01,2026-04-07,2026-04-08,2026-04-07,2026-04-08,1,2026-04-08,2026-04-08,,,0,2026-04-09,2026-04-09,2026-04-09,2,12,4,0,1,Central Zone,Bareilly,SRN,Urban,Accepted By DS SCH_0_0,Accepted By DS /AT CPG (Process) ,0,0,0
1621947405,2026-03-28,2026-04-07,2026-04-11,2026-04-11,,,0,2026-04-13,2026-04-13,,,0,2026-04-13,2026-04-13,2026-04-13,,12,4,0,1,Central Zone,Bareilly,SRN,Urban,Accepted By DS SCH_0_0,Accepted By DS /AT CPG (Process) ,1,0,0
1621948405,2026-03-28,2026-04-01,2026-04-02,2026-04-08,2026-04-07,2026-04-07,1,2026-04-04,2026-04-08,2026-04-06,2026-04-06,1,2026-04-09,2026-04-09,2026-04-09,2,12,4,0,1,Central Zone,Bareilly,SRN,Urban,Accepted By DS SCH_0_0,Accepted By DS /AT CPG (Process) ,0,0,0
1621949405,2026-03-28,2026-04-01,,,,,0,,,,,0,,,,,,4,0,1,Central Zone,Bareilly,MBD,Urban,,ASSIGN TO ENUMERATOR,0,0,0
1621950405,2026-03-28,2026-04-01,2026-04-10,2026-04-10,2026-04-10,2026-04-10,1,2026-04-11,2026-04-11,,,0,,,2026-04-11,1,12,4,0,1,Central Zone,Bareilly,MBD,Urban,Accepted by Supervisor,Submitted by Supervisor To Ds ,0,1,0
1621951405,2026-03-28,2026-04-01,,,,,0,,,,,0,,,,,,4,0,1,Central Zone,Bareilly,MBD,Urban,,ASSIGN TO ENUMERATOR,0,0,0
1621952405,2026-03-28,2026-04-01,2026-04-07,2026-04-08,2026-04-08,2026-04-08,1,2026-04-08,2026-04-08,,,0,2026-04-09,2026-04-09,2026-04-09,5,12,4,0,1,Central Zone,Bareilly,MBD,Urban,Accepted By DS SCH_0_0,Accepted By DS /AT CPG (Process) ,0,0,0
1621953405,2026-03-28,2026-04-01,2026-04-04,2026-04-04,,,0,2026-04-04,2026-04-04,,,0,2026-04-06,2026-04-06,2026-04-06,3,12,4,0,1,Central Zone,Bareilly,MBD,Urban,Accepted By DS SCH_0_0,Accepted By DS /AT CPG (Process) ,1,0,0
1621954405,2026-03-28,2026-04-01,,,,,0,,,,,0,,,,,,4,0,1,Central Zone,Bareilly,MBD,Urban,,ASSIGN TO ENUMERATOR,0,0,0
1621955405,2026-03-28,2026-04-01,2026-04-06,2026-04-06,,,0,2026-04-07,2026-04-07,,,0,2026-04-07,2026-04-07,2026-04-07,,12,4,0,1,Central Zone,Agra,MRT,Urban,Accepted By DS SCH_0_0,Accepted By DS /AT CPG (Process) ,1,0,0
1621956405,2026-03-28,2026-04-01,2026-04-03,2026-04-03,,,0,2026-04-05,2026-04-05,,,0,2026-04-06,2026-04-06,2026-04-06,1,12,4,0,1,Central Zone,Agra,MRT,Urban,Accepted By DS SCH_0_0,Accepted By DS /AT CPG (Process) ,1,0,0
1621957405,2026-03-28,2026-04-01,2026-04-02,2026-04-02,,,0,2026-04-04,2026-04-04,,,0,,,2026-04-04,,12,4,0,1,Central Zone,Agra,MRT,Urban,Accepted by Supervisor,Submitted by Supervisor To Ds ,0,1,0
1621958405,2026-03-28,2026-04-01,2026-04-08,2026-04-08,,,0,2026-04-09,2026-04-09,,,0,,,2026-04-09,,12,4,0,1,Central Zone,Agra,MRT,Urban,Accepted by Supervisor,Submitted by Supervisor To Ds ,0,1,0
1621959405,2026-03-28,2026-04-01,,,,,0,,,,,0,,,,,,4,0,1,Central Zone,Agra,MRT,Urban,,ASSIGN TO ENUMERATOR,0,0,0
1621960405,2026-03-28,2026-04-01,,,,,0,,,,,0,,,,,,4,0,1,Central Zone,Agra,MRT,Urban,,ASSIGN TO ENUMERATOR,0,0,0
1621961405,2026-03-28,2026-04-01,,,,,0,,,,,0,,,,,,4,0,1,Central Zone,Agra,MRT,Urban,,ASSIGN TO ENUMERATOR,0,0,0
1621962405,2026-03-28,2026-04-05,2026-04-11,2026-04-11,,,0,2026-04-12,2026-04-12,,,0,2026-04-13,2026-04-13,2026-04-13,,12,4,0,1,Central Zone,Agra,ALG,Urban,Accepted By DS SCH_0_0,Accepted By DS /AT CPG (Process) ,1,0,0
1621963405,2026-03-28,2026-04-07,2026-04-12,2026-04-12,,,0,2026-04-12,2026-04-12,2026-04-13,2026-04-13,1,,,2026-04-13,1,12,4,0,1,Central Zone,Agra,ALG,Urban,Return by DS,RETURN TO SUPERVISOR BY DS,0,0,1
1621964405,2026-03-28,2026-04-11,,,,,0,,,,,0,,,,,,4,0,1,Central Zone,Agra,ALG,Urban,,ASSIGN TO ENUMERATOR,0,0,0
1621965405,2026-03-28,2026-04-01,2026-04-08,2026-04-08,2026-04-08,2026-04-08,1,2026-04-08,2026-04-09,2026-04-08,2026-04-08,1,,,2026-04-09,2,12,4,0,1,Central Zone,Agra,AGR,Urban,Accepted by Supervisor,Submitted by Supervisor To Ds ,0,0,1
1621966405,2026-03-28,2026-04-01,,,,,0,,,,,0,,,,,,4,0,1,Central Zone,Agra,AGR,Urban,,ASSIGN TO ENUMERATOR,0,0,0
1621967405,2026-03-28,2026-04-01,,,,,0,,,,,0,,,,,,4,0,1,Central Zone,Agra,AGR,Urban,,ASSIGN TO ENUMERATOR,0,0,0
1621968405,2026-03-28,2026-04-01,2026-04-09,2026-04-09,,,0,2026-04-12,2026-04-12,2026-04-13,2026-04-13,1,,,2026-04-13,1,12,4,0,1,Central Zone,Agra,AGR,Urban,Return by DS,RETURN TO SUPERVISOR BY DS,0,0,1
1621969405,2026-03-28,2026-04-01,,,,,0,,,,,0,,,,,,4,0,1,Central Zone,Agra,AGR,Urban,,ASSIGN TO ENUMERATOR,0,0,0
1621970405,2026-03-28,2026-04-01,2026-04-03,2026-04-08,2026-04-07,2026-04-11,1,2026-04-06,2026-04-09,2026-04-06,2026-04-09,1,,,2026-04-11,4,12,4,0,1,Central Zone,Bareilly,BRL,Urban,Returned by Supervisor,RETURN BACK TO ENUMERATOR,0,0,1
1621971405,2026-03-28,2026-04-01,,,,,0,,,,,0,,,,,,4,0,1,Central Zone,Bareilly,BRL,Urban,,ASSIGN TO ENUMERATOR,0,0,0
1621972405,2026-03-28,2026-04-01,,,,,0,,,,,0,,,,,,4,0,1,Central Zone,Bareilly,BRL,Urban,,ASSIGN TO ENUMERATOR,0,0,0
1621973405,2026-03-28,2026-04-01,,,,,0,,,,,0,,,,,,4,0,1,Central Zone,Bareilly,BRL,Urban,,ASSIGN TO ENUMERATOR,0,0,0
1621974405,2026-03-28,2026-04-01,2026-04-04,2026-04-05,2026-04-04,2026-04-04,1,2026-04-05,2026-04-05,,,0,2026-04-06,2026-04-06,2026-04-06,16,12,4,0,1,Central Zone,Bareilly,BRL,Urban,Accepted By DS SCH_0_0,Accepted By DS /AT CPG (Process) ,0,0,0
1621975405,2026-03-28,2026-04-01,,,,,0,,,,,0,,,,,,4,0,1,Central Zone,Bareilly,BRL,Urban,,ASSIGN TO ENUMERATOR,0,0,0
1621976405,2026-03-28,2026-04-02,2026-04-04,2026-04-04,,,0,2026-04-05,2026-04-05,,,0,2026-04-06,2026-04-06,2026-04-06,2,12,4,0,1,Central Zone,Bareilly,STP,Urban,Accepted By DS SCH_0_0,Accepted By DS /AT CPG (Process) ,1,0,0
1621977405,2026-03-28,2026-04-05,2026-04-07,2026-04-07,,,0,2026-04-08,2026-04-08,,,0,2026-04-08,2026-04-08,2026-04-08,,12,4,0,1,Central Zone,Bareilly,STP,Urban,Accepted By DS SCH_0_0,Accepted By DS /AT CPG (Process) ,1,0,0
1621978405,2026-03-28,2026-04-02,2026-04-05,2026-04-05,,,0,2026-04-05,2026-04-05,,,0,,,2026-04-05,,12,4,0,1,Central Zone,Bareilly,STP,Urban,Accepted by Supervisor,Submitted by Supervisor To Ds ,0,1,0
1621981405,2026-03-28,2026-04-09,,,,,0,,,,,0,,,,,,4,0,1,Central Zone,Agra,ALG,Urban,,ASSIGN TO ENUMERATOR,0,0,0
1621984405,2026-03-28,2026-04-01,,,,,0,,,,,0,,,,,,4,0,1,Central Zone,Agra,AGR,Urban,,ASSIGN TO ENUMERATOR,0,0,0
1621990405,2026-03-28,2026-03-31,,,,,0,,,,,0,,,,,,4,0,1,Central Zone,Alllahabad,ALD,Urban,,ASSIGN TO ENUMERATOR,0,0,0
1621991405,2026-03-28,2026-03-31,2026-04-10,2026-04-10,,,0,2026-04-10,2026-04-10,,,0,2026-04-13,2026-04-13,2026-04-13,1,12,4,0,1,Central Zone,Alllahabad,ALD,Urban,Accepted By DS SCH_0_0,Accepted By DS /AT CPG (Process) ,1,0,0
1621993405,2026-03-28,2026-04-01,,,,,0,,,,,0,,,,,,4,0,1,Central Zone,Alllahabad,FZD,Urban,,ASSIGN TO ENUMERATOR,0,0,0
1621994405,2026-03-28,2026-04-01,,,,,0,,,,,0,,,,,,4,0,1,Central Zone,Alllahabad,FZD,Urban,,ASSIGN TO ENUMERATOR,0,0,0
1621997405,2026-03-28,2026-04-04,2026-04-09,2026-04-09,,,0,,,,,0,,,2026-04-09,,12,4,0,1,Central Zone,Alllahabad,FZD,Urban,Submitted by Enumerator,SUBMITTED BY ENUMERATOR,0,0,0
1621998405,2026-03-28,2026-04-01,,,,,0,,,,,0,,,,,,4,0,1,Central Zone,Alllahabad,FZD,Urban,,ASSIGN TO ENUMERATOR,0,0,0
1621999405,2026-03-28,2026-04-01,2026-04-08,2026-04-08,,,0,2026-04-08,2026-04-08,,,0,,,2026-04-08,,12,4,0,1,Central Zone,Alllahabad,GKP,Urban,Accepted by Supervisor,Submitted by Supervisor To Ds ,0,1,0
1622000405,2026-03-28,2026-04-01,,,,,0,,,,,0,,,,,,4,0,1,Central Zone,Alllahabad,GKP,Urban,,ASSIGN TO ENUMERATOR,0,0,0
1622001405,2026-03-28,2026-04-01,2026-04-06,2026-04-06,,,0,2026-04-07,2026-04-07,,,0,,,2026-04-07,,12,4,0,1,Central Zone,Alllahabad,GKP,Urban,Accepted by Supervisor,Submitted by Supervisor To Ds ,0,1,0
1622002405,2026-03-28,2026-04-01,2026-04-12,2026-04-12,,,0,2026-04-13,2026-04-13,,,0,,,2026-04-13,,12,4,0,1,Central Zone,Alllahabad,GKP,Urban,Accepted by Supervisor,Submitted by Supervisor To Ds ,0,1,0
1622003405,2026-03-28,2026-04-01,,,,,0,,,,,0,,,,,,4,0,1,Central Zone,Alllahabad,GKP,Urban,,ASSIGN TO ENUMERATOR,0,0,0
1622004405,2026-03-28,2026-04-06,,,,,0,,,,,0,,,,,,4,0,1,Central Zone,Alllahabad,AZM,Urban,,ASSIGN TO ENUMERATOR,0,0,0
1622005405,2026-03-28,2026-04-06,2026-04-10,2026-04-10,,,0,2026-04-10,2026-04-10,,,0,2026-04-13,2026-04-13,2026-04-13,,12,4,0,1,Central Zone,Alllahabad,AZM,Urban,Accepted By DS SCH_0_0,Accepted By DS /AT CPG (Process) ,1,0,0
1622006405,2026-03-28,2026-04-05,,,,,0,,,,,0,,,,,,4,0,1,Central Zone,Alllahabad,AZM,Urban,,ASSIGN TO ENUMERATOR,0,0,0
1622007405,2026-03-28,2026-04-05,2026-04-10,2026-04-10,,,0,2026-04-13,2026-04-13,,,0,,,2026-04-13,,12,4,0,1,Central Zone,Alllahabad,AZM,Urban,Accepted by Supervisor,Submitted by Supervisor To Ds ,0,1,0
1622008405,2026-03-28,2026-04-02,,,,,0,,,,,0,,,,,,4,0,1,Central Zone,Alllahabad,VNS,Urban,,ASSIGN TO ENUMERATOR,0,0,0
1622009405,2026-03-28,2026-04-01,,,,,0,,,,,0,,,,,,4,0,1,Central Zone,Alllahabad,VNS,Urban,,ASSIGN TO ENUMERATOR,0,0,0
1622010405,2026-03-28,2026-04-01,,,,,0,,,,,0,,,,,,4,0,1,Central Zone,Alllahabad,VNS,Urban,,ASSIGN TO ENUMERATOR,0,0,0
1622011405,2026-03-28,2026-04-01,,,,,0,,,,,0,,,,,,4,0,1,Central Zone,Alllahabad,VNS,Urban,,ASSIGN TO ENUMERATOR,0,0,0
1622012405,2026-03-28,2026-04-02,,,,,0,,,,,0,,,,,,4,0,1,Central Zone,Alllahabad,VNS,Urban,,ASSIGN TO ENUMERATOR,0,0,0
1622013405,2026-03-28,2026-04-10,,,,,0,,,,,0,,,,,,4,0,1,Central Zone,Agra,ALG,Urban,,ASSIGN TO ENUMERATOR,0,0,0
1622014405,2026-03-28,2026-04-07,,,,,0,,,,,0,,,,,,4,0,1,Central Zone,Agra,ALG,Urban,,ASSIGN TO ENUMERATOR,0,0,0
1622015405,2026-03-28,,,,,,0,,,,,0,,,,,,4,0,1,Central Zone,Bareilly,SRN,Urban,,Not Assigned,0,0,0
1622016405,2026-03-28,2026-04-01,,,,,0,,,,,0,,,,,,4,0,1,Central Zone,Agra,MRT,Urban,,ASSIGN TO ENUMERATOR,0,0,0
1622017405,2026-03-28,2026-04-01,2026-04-02,2026-04-02,,,0,2026-04-03,2026-04-03,,,0,2026-04-10,2026-04-10,2026-04-10,,12,4,0,1,Central Zone,Agra,MRT,Urban,Accepted By DS SCH_0_0,Accepted By DS /AT CPG (Process) ,1,0,0
1622018405,2026-03-28,2026-04-01,,,,,0,,,,,0,,,,,,4,0,1,Central Zone,Agra,MRT,Urban,,ASSIGN TO ENUMERATOR,0,0,0
1622019405,2026-03-28,2026-04-01,2026-04-09,2026-04-09,,,0,2026-04-10,2026-04-10,,,0,2026-04-10,2026-04-10,2026-04-10,,12,4,0,1,Central Zone,Agra,MRT,Urban,Accepted By DS SCH_0_0,Accepted By DS /AT CPG (Process) ,1,0,0
1622020405,2026-03-28,2026-04-01,,,,,0,,,,,0,,,,,,4,0,1,Central Zone,Agra,MRT,Urban,,ASSIGN TO ENUMERATOR,0,0,0
1622021405,2026-03-28,2026-04-01,2026-04-09,2026-04-09,,,0,2026-04-10,2026-04-10,,,0,,,2026-04-10,,12,4,0,1,Central Zone,Agra,AGR,Urban,Accepted by Supervisor,Submitted by Supervisor To Ds ,0,1,0
1622022405,2026-03-28,2026-04-01,2026-04-07,2026-04-07,,,0,2026-04-09,2026-04-09,,,0,,,2026-04-09,,12,4,0,1,Central Zone,Agra,AGR,Urban,Accepted by Supervisor,Submitted by Supervisor To Ds ,0,1,0
1622029405,2026-03-28,2026-03-31,2026-04-06,2026-04-06,,,0,2026-04-06,2026-04-06,,,0,,,2026-04-06,,12,4,0,1,Central Zone,Alllahabad,ALD,Urban,Accepted by Supervisor,Submitted by Supervisor To Ds ,0,1,0
1622030405,2026-03-28,2026-04-02,,,,,0,,,,,0,,,,,,4,0,1,Central Zone,Alllahabad,VNS,Urban,,ASSIGN TO ENUMERATOR,0,0,0
1622031405,2026-03-28,2026-04-01,2026-04-07,2026-04-07,,,0,2026-04-08,2026-04-08,,,0,2026-04-10,2026-04-10,2026-04-10,,12,4,0,1,Central Zone,Alllahabad,VNS,Urban,Accepted By DS SCH_0_0,Accepted By DS /AT CPG (Process) ,1,0,0
1622033405,2026-03-28,2026-04-02,2026-04-08,2026-04-08,,,0,2026-04-10,2026-04-10,,,0,2026-04-10,2026-04-10,2026-04-10,,12,4,0,1,Central Zone,Alllahabad,VNS,Urban,Accepted By DS SCH_0_0,Accepted By DS /AT CPG (Process) ,1,0,0
1622034405,2026-03-28,2026-03-31,,,,,0,,,,,0,,,,,,4,0,1,Central Zone,Alllahabad,ALD,Urban,,ASSIGN TO ENUMERATOR,0,0,0
1622035405,2026-03-28,2026-04-01,2026-04-07,2026-04-07,,,0,2026-04-08,2026-04-08,2026-04-08,2026-04-08,1,,,2026-04-08,1,12,4,0,1,Central Zone,Alllahabad,FZD,Urban,Return by DS,RETURN TO SUPERVISOR BY DS,0,0,1
1622037305,2026-03-28,,,,,,0,,,,,0,,,,,,3,0,1,Central Zone,Bareilly,SRN,Urban,,Not Assigned,0,0,0
1622038305,2026-03-28,,,,,,0,,,,,0,,,,,,3,0,1,Central Zone,Bareilly,SRN,Urban,,Not Assigned,0,0,0
1622039305,2026-03-28,,,,,,0,,,,,0,,,,,,3,0,1,Central Zone,Bareilly,SRN,Urban,,Not Assigned,0,0,0
1622040305,2026-03-28,,,,,,0,,,,,0,,,,,,3,0,1,Central Zone,Bareilly,SRN,Urban,,Not Assigned,0,0,0
1622041305,2026-03-28,2026-04-01,,,,,0,,,,,0,,,,,,3,0,1,Central Zone,Bareilly,MBD,Urban,,ASSIGN TO ENUMERATOR,0,0,0
1622042305,2026-03-28,2026-04-01,2026-04-10,2026-04-11,2026-04-11,2026-04-11,1,2026-04-11,2026-04-11,,,0,,,2026-04-11,2,12,3,0,1,Central Zone,Bareilly,MBD,Urban,Accepted by Supervisor,Submitted by Supervisor To Ds ,0,1,0
1622043305,2026-03-28,2026-04-01,,,,,0,,,,,0,,,,,,3,0,1,Central Zone,Bareilly,MBD,Urban,,ASSIGN TO ENUMERATOR,0,0,0
1622044305,2026-03-28,2026-04-01,,,,,0,,,,,0,,,,,,3,0,1,Central Zone,Bareilly,MBD,Urban,,ASSIGN TO ENUMERATOR,0,0,0
1622045305,2026-03-28,2026-04-01,,,,,0,,,,,0,,,,,,3,0,1,Central Zone,Bareilly,MBD,Urban,,ASSIGN TO ENUMERATOR,0,0,0
1622046305,2026-03-28,2026-04-01,2026-04-07,2026-04-07,,,0,2026-04-07,2026-04-07,,,0,2026-04-08,2026-04-08,2026-04-08,,12,3,0,1,Central Zone,Bareilly,MBD,Urban,Accepted By DS SCH_0_0,Accepted By DS /AT CPG (Process) ,1,0,0
1622047305,2026-03-28,2026-04-01,,,,,0,,,,,0,,,,,,3,0,1,Central Zone,Agra,MRT,Urban,,ASSIGN TO ENUMERATOR,0,0,0
1622048305,2026-03-28,2026-04-01,,,,,0,,,,,0,,,,,,3,0,1,Central Zone,Agra,MRT,Urban,,ASSIGN TO ENUMERATOR,0,0,0
1622049305,2026-03-28,2026-04-01,,,,,0,,,,,0,,,,,,3,0,1,Central Zone,Agra,MRT,Urban,,ASSIGN TO ENUMERATOR,0,0,0
1622050305,2026-03-28,2026-04-01,,,,,0,,,,,0,,,,,,3,0,1,Central Zone,Agra,MRT,Urban,,ASSIGN TO ENUMERATOR,0,0,0
1622051305,2026-03-28,2026-04-01,2026-04-07,2026-04-07,,,0,2026-04-08,2026-04-08,,,0,2026-04-08,2026-04-08,2026-04-08,,12,3,0,1,Central Zone,Agra,MRT,Urban,Accepted By DS SCH_0_0,Accepted By DS /AT CPG (Process) ,1,0,0
1622052305,2026-03-28,2026-04-01,2026-04-06,2026-04-13,2026-04-06,2026-04-12,1,2026-04-07,2026-04-13,2026-04-10,2026-04-10,1,2026-04-13,2026-04-13,2026-04-13,3,12,3,0,1,Central Zone,Agra,MRT,Urban,Accepted By DS SCH_0_0,Accepted By DS /AT CPG (Process) ,0,0,0
1622053305,2026-03-28,2026-04-01,2026-04-10,2026-04-10,,,0,,,,,0,,,2026-04-10,,12,3,0,1,Central Zone,Agra,MRT,Urban,Submitted by Enumerator,SUBMITTED BY ENUMERATOR,0,0,0
1622054305,2026-03-28,2026-04-05,,,,,0,,,,,0,,,,,,3,0,1,Central Zone,Agra,ALG,Urban,,ASSIGN TO ENUMERATOR,0,0,0
1622055305,2026-03-28,2026-04-11,,,,,0,,,,,0,,,,,,3,0,1,Central Zone,Agra,ALG,Urban,,ASSIGN TO ENUMERATOR,0,0,0
1622056305,2026-03-28,2026-04-07,,,,,0,,,,,0,,,,,,3,0,1,Central Zone,Agra,ALG,Urban,,ASSIGN TO ENUMERATOR,0,0,0
1622057305,2026-03-28,2026-04-01,2026-04-01,2026-04-06,2026-04-06,2026-04-06,1,2026-04-06,2026-04-06,,,0,,,2026-04-06,2,12,3,0,1,Central Zone,Agra,AGR,Urban,Accepted by Supervisor,Submitted by Supervisor To Ds ,0,1,0
1622058305,2026-03-28,2026-04-01,2026-04-09,2026-04-09,,,0,2026-04-10,2026-04-10,,,0,2026-04-10,2026-04-10,2026-04-10,,12,3,0,1,Central Zone,Agra,AGR,Urban,Accepted By DS SCH_0_0,Accepted By DS /AT CPG (Process) ,1,0,0
1622059305,2026-03-28,2026-04-01,,,,,0,,,,,0,,,,,,3,0,1,Central Zone,Agra,AGR,Urban,,ASSIGN TO ENUMERATOR,0,0,0
1622060305,2026-03-28,2026-04-01,,,,,0,,,,,0,,,,,,3,0,1,Central Zone,Agra,AGR,Urban,,ASSIGN TO ENUMERATOR,0,0,0
1622061305,2026-03-28,2026-04-01,,,,,0,,,,,0,,,,,,3,0,1,Central Zone,Agra,AGR,Urban,,ASSIGN TO ENUMERATOR,0,0,0
1622062305,2026-03-28,2026-04-01,,,,,0,,,,,0,,,,,,3,0,1,Central Zone,Bareilly,BRL,Urban,,ASSIGN TO ENUMERATOR,0,0,0
1622063305,2026-03-28,2026-04-01,,,,,0,,,,,0,,,,,,3,0,1,Central Zone,Bareilly,BRL,Urban,,ASSIGN TO ENUMERATOR,0,0,0
1622064305,2026-03-28,2026-04-01,2026-04-07,2026-04-08,2026-04-08,2026-04-08,1,2026-04-09,2026-04-09,,,0,,,2026-04-09,3,12,3,0,1,Central Zone,Bareilly,BRL,Urban,Accepted by Supervisor,Submitted by Supervisor To Ds ,0,1,0
1622065305,2026-03-28,2026-04-01,2026-04-09,2026-04-09,,,0,,,,,0,,,2026-04-09,,12,3,0,1,Central Zone,Bareilly,BRL,Urban,Submitted by Enumerator,SUBMITTED BY ENUMERATOR,0,0,0
1622066305,2026-03-28,2026-04-01,,,,,0,,,,,0,,,,,,3,0,1,Central Zone,Bareilly,BRL,Urban,,ASSIGN TO ENUMERATOR,0,0,0
1622067305,2026-03-28,2026-04-01,2026-04-03,2026-04-09,2026-04-07,2026-04-07,1,2026-04-06,2026-04-06,2026-04-07,2026-04-07,1,,,2026-04-09,2,12,3,0,1,Central Zone,Bareilly,BRL,Urban,Submitted by Enumerator,SUBMITTED BY ENUMERATOR,0,0,1
1622068305,2026-03-28,2026-04-02,2026-04-07,2026-04-07,,,0,2026-04-07,2026-04-07,,,0,2026-04-08,2026-04-08,2026-04-08,,12,3,0,1,Central Zone,Bareilly,STP,Urban,Accepted By DS SCH_0_0,Accepted By DS /AT CPG (Process) ,1,0,0
1622069305,2026-03-28,2026-04-02,2026-04-05,2026-04-05,,,0,2026-04-08,2026-04-08,,,0,2026-04-09,2026-04-09,2026-04-09,,11,3,0,1,Central Zone,Bareilly,STP,Urban,Accepted By DS SCH_0_0,Accepted By DS /AT CPG (Process) ,1,0,0
1622070305,2026-03-28,2026-04-08,2026-04-09,2026-04-09,,,0,2026-04-10,2026-04-10,,,0,,,2026-04-10,1,12,3,0,1,Central Zone,Bareilly,STP,Urban,Accepted by Supervisor,Submitted by Supervisor To Ds ,0,1,0
1622073305,2026-03-28,2026-04-07,,,,,0,,,,,0,,,,,,3,0,1,Central Zone,Agra,ALG,Urban,,ASSIGN TO ENUMERATOR,0,0,0
1622076305,2026-03-28,2026-04-01,,,,,0,,,,,0,,,,,,3,0,1,Central Zone,Agra,AGR,Urban,,ASSIGN TO ENUMERATOR,0,0,0
1622082305,2026-03-28,2026-03-31,,,,,0,,,,,0,,,,,,3,0,1,Central Zone,Alllahabad,ALD,Urban,,ASSIGN TO ENUMERATOR,0,0,0
1622083305,2026-03-28,2026-03-31,,,,,0,,,,,0,,,,,,3,0,1,Central Zone,Alllahabad,ALD,Urban,,ASSIGN TO ENUMERATOR,0,0,0
1622085305,2026-03-28,2026-04-01,2026-04-07,2026-04-07,,,0,2026-04-08,2026-04-08,2026-04-09,2026-04-09,1,,,2026-04-09,2,12,3,0,1,Central Zone,Alllahabad,FZD,Urban,Accepted by Supervisor,RETURN TO SUPERVISOR BY DS,0,0,1
1622086305,2026-03-28,2026-04-01,,,,,0,,,,,0,,,,,,3,0,1,Central Zone,Alllahabad,FZD,Urban,,ASSIGN TO ENUMERATOR,0,0,0
1622089305,2026-03-28,2026-04-01,,,,,0,,,,,0,,,,,,3,0,1,Central Zone,Alllahabad,FZD,Urban,,ASSIGN TO ENUMERATOR,0,0,0
1622090305,2026-03-28,2026-04-01,,,,,0,,,,,0,,,,,,3,0,1,Central Zone,Alllahabad,FZD,Urban,,ASSIGN TO ENUMERATOR,0,0,0
1622091305,2026-03-28,2026-04-01,,,,,0,,,,,0,,,,,,3,0,1,Central Zone,Alllahabad,GKP,Urban,,ASSIGN TO ENUMERATOR,0,0,0
1622092305,2026-03-28,2026-04-01,2026-04-05,2026-04-12,2026-04-09,2026-04-09,1,2026-04-05,2026-04-12,2026-04-09,2026-04-09,1,,,2026-04-12,1,12,3,0,1,Central Zone,Alllahabad,GKP,Urban,Accepted by Supervisor,Submitted by Supervisor To Ds ,0,0,1
1622093305,2026-03-28,2026-04-01,2026-04-06,2026-04-06,,,0,2026-04-06,2026-04-06,,,0,2026-04-08,2026-04-08,2026-04-08,,12,3,0,1,Central Zone,Alllahabad,GKP,Urban,Accepted By DS SCH_0_0,Accepted By DS /AT CPG (Process) ,1,0,0
1622094305,2026-03-28,2026-04-01,,,,,0,,,,,0,,,,,,3,0,1,Central Zone,Alllahabad,GKP,Urban,,ASSIGN TO ENUMERATOR,0,0,0
1622095305,2026-03-28,2026-04-01,,,,,0,,,,,0,,,,,,3,0,1,Central Zone,Alllahabad,GKP,Urban,,ASSIGN TO ENUMERATOR,0,0,0
1622096305,2026-03-28,2026-04-05,,,,,0,,,,,0,,,,,,3,0,1,Central Zone,Alllahabad,AZM,Urban,,ASSIGN TO ENUMERATOR,0,0,0
1622097305,2026-03-28,2026-04-06,,,,,0,,,,,0,,,,,,3,0,1,Central Zone,Alllahabad,AZM,Urban,,ASSIGN TO ENUMERATOR,0,0,0
1622098305,2026-03-28,2026-04-02,,,,,0,,,,,0,,,,,,3,0,1,Central Zone,Alllahabad,AZM,Urban,,ASSIGN TO ENUMERATOR,0,0,0
1622099305,2026-03-28,2026-04-05,,,,,0,,,,,0,,,,,,3,0,1,Central Zone,Alllahabad,AZM,Urban,,ASSIGN TO ENUMERATOR,0,0,0
1622100305,2026-03-28,2026-04-01,,,,,0,,,,,0,,,,,,3,0,1,Central Zone,Alllahabad,VNS,Urban,,ASSIGN TO ENUMERATOR,0,0,0
1622101305,2026-03-28,2026-04-01,,,,,0,,,,,0,,,,,,3,0,1,Central Zone,Alllahabad,VNS,Urban,,ASSIGN TO ENUMERATOR,0,0,0
1622102305,2026-03-28,2026-04-02,2026-04-11,2026-04-11,,,0,,,,,0,,,2026-04-11,,12,3,0,1,Central Zone,Alllahabad,VNS,Urban,Submitted by Enumerator,SUBMITTED BY ENUMERATOR,0,0,0
1622103305,2026-03-28,2026-04-02,,,,,0,,,,,0,,,,,,3,0,1,Central Zone,Alllahabad,VNS,Urban,,ASSIGN TO ENUMERATOR,0,0,0
1622104305,2026-03-28,2026-04-02,,,,,0,,,,,0,,,,,,3,0,1,Central Zone,Alllahabad,VNS,Urban,,ASSIGN TO ENUMERATOR,0,0,0
1622105305,2026-03-28,2026-04-10,,,,,0,,,,,0,,,,,,3,0,1,Central Zone,Agra,ALG,Urban,,ASSIGN TO ENUMERATOR,0,0,0
1622106305,2026-03-28,2026-04-07,,,,,0,,,,,0,,,,,,3,0,1,Central Zone,Agra,ALG,Urban,,ASSIGN TO ENUMERATOR,0,0,0
1622107305,2026-03-28,,,,,,0,,,,,0,,,,,,3,0,1,Central Zone,Bareilly,SRN,Urban,,Not Assigned,0,0,0
1622108305,2026-03-28,2026-04-01,2026-04-04,2026-04-10,2026-04-10,2026-04-10,1,2026-04-06,2026-04-10,2026-04-10,2026-04-10,1,2026-04-13,2026-04-13,2026-04-13,5,12,3,0,1,Central Zone,Agra,MRT,Urban,Accepted By DS SCH_0_0,Accepted By DS /AT CPG (Process) ,0,0,0
1622109305,2026-03-28,2026-04-01,,,,,0,,,,,0,,,,,,3,0,1,Central Zone,Agra,MRT,Urban,,ASSIGN TO ENUMERATOR,0,0,0
1622110305,2026-03-28,2026-04-01,2026-04-06,2026-04-06,,,0,2026-04-06,2026-04-06,,,0,2026-04-06,2026-04-06,2026-04-06,1,12,3,0,1,Central Zone,Agra,MRT,Urban,Accepted By DS SCH_0_0,Accepted By DS /AT CPG (Process) ,1,0,0
1622111305,2026-03-28,2026-04-01,,,,,0,,,,,0,,,,,,3,0,1,Central Zone,Agra,MRT,Urban,,ASSIGN TO ENUMERATOR,0,0,0
1622112305,2026-03-28,2026-04-01,2026-04-07,2026-04-09,2026-04-08,2026-04-08,1,2026-04-09,2026-04-09,,,0,,,2026-04-09,4,12,3,0,1,Central Zone,Agra,MRT,Urban,Accepted by Supervisor,Submitted by Supervisor To Ds ,0,1,0
1622113305,2026-03-28,2026-04-01,2026-04-07,2026-04-09,2026-04-09,2026-04-09,1,2026-04-12,2026-04-12,,,0,,,2026-04-12,1,12,3,0,1,Central Zone,Agra,AGR,Urban,Accepted by Supervisor,Submitted by Supervisor To Ds ,0,1,0
1622114305,2026-03-28,2026-04-01,2026-04-10,2026-04-10,,,0,2026-04-12,2026-04-12,,,0,,,2026-04-12,,12,3,0,1,Central Zone,Agra,AGR,Urban,Accepted by Supervisor,Submitted by Supervisor To Ds ,0,1,0
1622121305,2026-03-28,2026-03-31,,,,,0,,,,,0,,,,,,3,0,1,Central Zone,Alllahabad,ALD,Urban,,ASSIGN TO ENUMERATOR,0,0,0
1622122305,2026-03-28,2026-04-02,,,,,0,,,,,0,,,,,,3,0,1,Central Zone,Alllahabad,VNS,Urban,,ASSIGN TO ENUMERATOR,0,0,0
1622123305,2026-03-28,2026-04-02,,,,,0,,,,,0,,,,,,3,0,1,Central Zone,Alllahabad,VNS,Urban,,ASSIGN TO ENUMERATOR,0,0,0
1622125305,2026-03-28,2026-04-01,2026-04-11,2026-04-11,2026-04-13,2026-04-13,1,2026-04-12,2026-04-12,2026-04-13,2026-04-13,1,,,2026-04-13,1,12,3,0,1,Central Zone,Alllahabad,GKP,Urban,Returned by Supervisor,RETURN BACK TO ENUMERATOR,0,0,1
1622126305,2026-03-28,2026-04-01,,,,,0,,,,,0,,,,,,3,0,1,Central Zone,Alllahabad,FZD,Urban,,ASSIGN TO ENUMERATOR,0,0,0
1622127305,2026-03-28,2026-04-01,2026-04-12,2026-04-12,,,0,,,,,0,,,2026-04-12,,12,3,0,1,Central Zone,Alllahabad,FZD,Urban,Submitted by Enumerator,SUBMITTED BY ENUMERATOR,0,0,0
1622129205,2026-03-28,2026-04-07,2026-04-09,2026-04-09,,,0,,,,,0,,,2026-04-09,,12,2,0,1,Central Zone,Bareilly,SRN,Urban,Submitted by Enumerator,SUBMITTED BY ENUMERATOR,0,0,0
1622130205,2026-03-28,2026-04-01,2026-04-04,2026-04-04,,,0,2026-04-08,2026-04-08,,,0,2026-04-08,2026-04-08,2026-04-08,,12,2,0,1,Central Zone,Bareilly,SRN,Urban,Accepted By DS SCH_0_0,Accepted By DS /AT CPG (Process) ,1,0,0
1622131205,2026-03-28,,,,,,0,,,,,0,,,,,,2,0,1,Central Zone,Bareilly,SRN,Urban,,Not Assigned,0,0,0
1622132205,2026-03-28,,,,,,0,,,,,0,,,,,,2,0,1,Central Zone,Bareilly,SRN,Urban,,Not Assigned,0,0,0
1622133205,2026-03-28,2026-04-01,2026-04-03,2026-04-03,2026-04-03,2026-04-03,1,2026-04-03,2026-04-03,,,0,2026-04-08,2026-04-08,2026-04-08,4,12,2,0,1,Central Zone,Bareilly,MBD,Urban,Accepted By DS SCH_0_0,Accepted By DS /AT CPG (Process) ,0,0,0
1622134205,2026-03-28,2026-04-01,,,,,0,,,,,0,,,,,,2,0,1,Central Zone,Bareilly,MBD,Urban,,ASSIGN TO ENUMERATOR,0,0,0
1622135205,2026-03-28,2026-04-01,,,,,0,,,,,0,,,,,,2,0,1,Central Zone,Bareilly,MBD,Urban,,ASSIGN TO ENUMERATOR,0,0,0
1622136205,2026-03-28,2026-04-01,2026-04-10,2026-04-10,,,0,2026-04-10,2026-04-10,,,0,2026-04-13,2026-04-13,2026-04-13,,12,2,0,1,Central Zone,Bareilly,MBD,Urban,Accepted By DS SCH_0_0,Accepted By DS /AT CPG (Process) ,1,0,0
1622137205,2026-03-28,2026-04-01,2026-04-10,2026-04-11,2026-04-11,2026-04-11,1,2026-04-11,2026-04-11,,,0,2026-04-13,2026-04-13,2026-04-13,4,12,2,0,1,Central Zone,Bareilly,MBD,Urban,Accepted By DS SCH_0_0,Accepted By DS /AT CPG (Process) ,0,0,0
1622138205,2026-03-28,2026-04-01,2026-04-07,2026-04-08,2026-04-07,2026-04-07,1,2026-04-08,2026-04-08,,,0,2026-04-08,2026-04-08,2026-04-08,4,12,2,0,1,Central Zone,Bareilly,MBD,Urban,Accepted By DS SCH_0_0,Accepted By DS /AT CPG (Process) ,0,0,0
1622139205,2026-03-28,2026-04-01,,,,,0,,,,,0,,,,,,2,0,1,Central Zone,Agra,MRT,Urban,,ASSIGN TO ENUMERATOR,0,0,0
1622140205,2026-03-28,2026-04-11,,,,,0,,,,,0,,,,,,2,0,1,Central Zone,Agra,MRT,Urban,,ASSIGN TO ENUMERATOR,0,0,0
1622141205,2026-03-28,2026-04-01,,,,,0,,,,,0,,,,,,2,0,1,Central Zone,Agra,MRT,Urban,,ASSIGN TO ENUMERATOR,0,0,0
1622142205,2026-03-28,2026-04-01,,,,,0,,,,,0,,,,,,2,0,1,Central Zone,Agra,MRT,Urban,,ASSIGN TO ENUMERATOR,0,0,0
1622143205,2026-03-28,2026-04-01,,,,,0,,,,,0,,,,,,2,0,1,Central Zone,Agra,MRT,Urban,,ASSIGN TO ENUMERATOR,0,0,0
1622144205,2026-03-28,2026-04-01,,,,,0,,,,,0,,,,,,2,0,1,Central Zone,Agra,MRT,Urban,,ASSIGN TO ENUMERATOR,0,0,0
1622145205,2026-03-28,2026-04-01,,,,,0,,,,,0,,,,,,2,0,1,Central Zone,Agra,MRT,Urban,,ASSIGN TO ENUMERATOR,0,0,0
1622146205,2026-03-28,2026-04-05,,,,,0,,,,,0,,,,,,2,0,1,Central Zone,Agra,ALG,Urban,,ASSIGN TO ENUMERATOR,0,0,0
1622147205,2026-03-28,2026-04-06,,,,,0,,,,,0,,,,,,2,0,1,Central Zone,Agra,ALG,Urban,,ASSIGN TO ENUMERATOR,0,0,0
1622148205,2026-03-28,2026-04-07,,,,,0,,,,,0,,,,,,2,0,1,Central Zone,Agra,ALG,Urban,,ASSIGN TO ENUMERATOR,0,0,0
1622149205,2026-03-28,2026-04-07,,,,,0,,,,,0,,,,,,2,0,1,Central Zone,Agra,AGR,Urban,,ASSIGN TO ENUMERATOR,0,0,0
1622150205,2026-03-28,2026-04-01,,,,,0,,,,,0,,,,,,2,0,1,Central Zone,Agra,AGR,Urban,,ASSIGN TO ENUMERATOR,0,0,0
1622151205,2026-03-28,2026-04-01,,,,,0,,,,,0,,,,,,2,0,1,Central Zone,Agra,AGR,Urban,,ASSIGN TO ENUMERATOR,0,0,0
1622152205,2026-03-28,2026-04-01,,,,,0,,,,,0,,,,,,2,0,1,Central Zone,Agra,AGR,Urban,,ASSIGN TO ENUMERATOR,0,0,0
1622153205,2026-03-28,2026-04-01,,,,,0,,,,,0,,,,,,2,0,1,Central Zone,Agra,AGR,Urban,,ASSIGN TO ENUMERATOR,0,0,0
1622154205,2026-03-28,2026-04-01,2026-04-07,2026-04-08,2026-04-08,2026-04-08,1,2026-04-09,2026-04-09,,,0,,,2026-04-09,4,12,2,0,1,Central Zone,Bareilly,BRL,Urban,Accepted by Supervisor,Submitted by Supervisor To Ds ,0,1,0
1622155205,2026-03-28,2026-04-01,,,,,0,,,,,0,,,,,,2,0,1,Central Zone,Bareilly,BRL,Urban,,ASSIGN TO ENUMERATOR,0,0,0
1622156205,2026-03-28,2026-04-01,2026-04-05,2026-04-08,2026-04-07,2026-04-07,1,2026-04-09,2026-04-09,,,0,2026-04-09,2026-04-09,2026-04-09,1,12,2,0,1,Central Zone,Bareilly,BRL,Urban,Accepted By DS SCH_0_0,Accepted By DS /AT CPG (Process) ,0,0,0
1622157205,2026-03-28,2026-04-01,,,,,0,,,,,0,,,,,,2,0,1,Central Zone,Bareilly,BRL,Urban,,ASSIGN TO ENUMERATOR,0,0,0
1622158205,2026-03-28,2026-04-01,,,,,0,,,,,0,,,,,,2,0,1,Central Zone,Bareilly,BRL,Urban,,ASSIGN TO ENUMERATOR,0,0,0
1622159205,2026-03-28,2026-04-01,2026-04-09,2026-04-09,,,0,,,,,0,,,2026-04-09,,12,2,0,1,Central Zone,Bareilly,BRL,Urban,Submitted by Enumerator,SUBMITTED BY ENUMERATOR,0,0,0
1622160205,2026-03-28,2026-04-08,2026-04-09,2026-04-09,,,0,2026-04-09,2026-04-09,,,0,2026-04-13,2026-04-13,2026-04-13,,12,2,0,1,Central Zone,Bareilly,STP,Urban,Accepted By DS SCH_0_0,Accepted By DS /AT CPG (Process) ,1,0,0
1622161205,2026-03-28,2026-04-05,,,,,0,,,,,0,,,,,,2,0,1,Central Zone,Bareilly,STP,Urban,,ASSIGN TO ENUMERATOR,0,0,0
1622162205,2026-03-28,2026-04-05,,,,,0,,,,,0,,,,,,2,0,1,Central Zone,Bareilly,STP,Urban,,ASSIGN TO ENUMERATOR,0,0,0
1622165205,2026-03-28,2026-04-09,,,,,0,,,,,0,,,,,,2,0,1,Central Zone,Agra,ALG,Urban,,ASSIGN TO ENUMERATOR,0,0,0
1622168205,2026-03-28,2026-04-01,2026-04-11,2026-04-11,,,0,2026-04-12,2026-04-12,,,0,,,2026-04-12,,12,2,0,1,Central Zone,Agra,AGR,Urban,Accepted by Supervisor,Submitted by Supervisor To Ds ,0,1,0
1622174205,2026-03-28,2026-03-31,2026-04-07,2026-04-07,,,0,2026-04-09,2026-04-09,,,0,2026-04-09,2026-04-09,2026-04-09,,12,2,0,1,Central Zone,Alllahabad,ALD,Urban,Accepted By DS SCH_0_0,Accepted By DS /AT CPG (Process) ,1,0,0
1622175205,2026-03-28,2026-03-31,,,,,0,,,,,0,,,,,,2,0,1,Central Zone,Alllahabad,ALD,Urban,,ASSIGN TO ENUMERATOR,0,0,0
1622177205,2026-03-28,2026-04-01,2026-04-04,2026-04-04,,,0,2026-04-08,2026-04-08,,,0,2026-04-08,2026-04-08,2026-04-08,,12,2,0,1,Central Zone,Alllahabad,FZD,Urban,Accepted By DS SCH_0_0,Accepted By DS /AT CPG (Process) ,1,0,0
1622178205,2026-03-28,2026-04-01,,,,,0,,,,,0,,,,,,2,0,1,Central Zone,Alllahabad,FZD,Urban,,ASSIGN TO ENUMERATOR,0,0,0
1622181205,2026-03-28,2026-04-01,,,,,0,,,,,0,,,,,,2,0,1,Central Zone,Alllahabad,FZD,Urban,,ASSIGN TO ENUMERATOR,0,0,0
1622182205,2026-03-28,2026-04-01,,,,,0,,,,,0,,,,,,2,0,1,Central Zone,Alllahabad,FZD,Urban,,ASSIGN TO ENUMERATOR,0,0,0
1622183205,2026-03-28,2026-04-01,,,,,0,,,,,0,,,,,,2,0,1,Central Zone,Alllahabad,GKP,Urban,,ASSIGN TO ENUMERATOR,0,0,0
1622184205,2026-03-28,2026-04-01,,,,,0,,,,,0,,,,,,2,0,1,Central Zone,Alllahabad,GKP,Urban,,ASSIGN TO ENUMERATOR,0,0,0
1622185205,2026-03-28,2026-04-01,,,,,0,,,,,0,,,,,,2,0,1,Central Zone,Alllahabad,GKP,Urban,,ASSIGN TO ENUMERATOR,0,0,0
1622186205,2026-03-28,2026-04-01,,,,,0,,,,,0,,,,,,2,0,1,Central Zone,Alllahabad,GKP,Urban,,ASSIGN TO ENUMERATOR,0,0,0
1622187205,2026-03-28,2026-04-01,,,,,0,,,,,0,,,,,,2,0,1,Central Zone,Alllahabad,GKP,Urban,,ASSIGN TO ENUMERATOR,0,0,0
1622188205,2026-03-28,2026-04-04,,,,,0,,,,,0,,,,,,2,0,1,Central Zone,Alllahabad,AZM,Urban,,ASSIGN TO ENUMERATOR,0,0,0
1622189205,2026-03-28,2026-04-06,2026-04-11,2026-04-11,,,0,2026-04-13,2026-04-13,,,0,,,2026-04-13,,12,2,0,1,Central Zone,Alllahabad,AZM,Urban,Accepted by Supervisor,Submitted by Supervisor To Ds ,0,1,0
1622190205,2026-03-28,2026-04-06,,,,,0,,,,,0,,,,,,2,0,1,Central Zone,Alllahabad,AZM,Urban,,ASSIGN TO ENUMERATOR,0,0,0
1622191205,2026-03-28,2026-04-05,,,,,0,,,,,0,,,,,,2,0,1,Central Zone,Alllahabad,AZM,Urban,,ASSIGN TO ENUMERATOR,0,0,0
1622192205,2026-03-28,2026-04-01,,,,,0,,,,,0,,,,,,2,0,1,Central Zone,Alllahabad,VNS,Urban,,ASSIGN TO ENUMERATOR,0,0,0
1622193205,2026-03-28,2026-04-02,,,,,0,,,,,0,,,,,,2,0,1,Central Zone,Alllahabad,VNS,Urban,,ASSIGN TO ENUMERATOR,0,0,0
1622194205,2026-03-28,2026-04-01,,,,,0,,,,,0,,,,,,2,0,1,Central Zone,Alllahabad,VNS,Urban,,ASSIGN TO ENUMERATOR,0,0,0
1622195205,2026-03-28,2026-04-02,,,,,0,,,,,0,,,,,,2,0,1,Central Zone,Alllahabad,VNS,Urban,,ASSIGN TO ENUMERATOR,0,0,0
1622196205,2026-03-28,2026-04-02,,,,,0,,,,,0,,,,,,2,0,1,Central Zone,Alllahabad,VNS,Urban,,ASSIGN TO ENUMERATOR,0,0,0
1622197205,2026-03-28,2026-04-10,,,,,0,,,,,0,,,,,,2,0,1,Central Zone,Agra,ALG,Urban,,ASSIGN TO ENUMERATOR,0,0,0
1622198205,2026-03-28,2026-04-07,,,,,0,,,,,0,,,,,,2,0,1,Central Zone,Agra,ALG,Urban,,ASSIGN TO ENUMERATOR,0,0,0
1622199205,2026-03-28,2026-04-07,2026-04-09,2026-04-09,,,0,2026-04-11,2026-04-11,,,0,2026-04-13,2026-04-13,2026-04-13,,12,2,0,1,Central Zone,Bareilly,SRN,Urban,Accepted By DS SCH_0_0,Accepted By DS /AT CPG (Process) ,1,0,0
1622200205,2026-03-28,2026-04-01,,,,,0,,,,,0,,,,,,2,0,1,Central Zone,Agra,MRT,Urban,,ASSIGN TO ENUMERATOR,0,0,0
1622201205,2026-03-28,2026-04-01,,,,,0,,,,,0,,,,,,2,0,1,Central Zone,Agra,MRT,Urban,,ASSIGN TO ENUMERATOR,0,0,0
1622202205,2026-03-28,2026-04-01,,,,,0,,,,,0,,,,,,2,0,1,Central Zone,Agra,MRT,Urban,,ASSIGN TO ENUMERATOR,0,0,0
1622203205,2026-03-28,2026-04-01,,,,,0,,,,,0,,,,,,2,0,1,Central Zone,Agra,MRT,Urban,,ASSIGN TO ENUMERATOR,0,0,0
1622204205,2026-03-28,2026-04-01,,,,,0,,,,,0,,,,,,2,0,1,Central Zone,Agra,MRT,Urban,,ASSIGN TO ENUMERATOR,0,0,0
1622205205,2026-03-28,2026-04-01,2026-04-03,2026-04-03,,,0,2026-04-06,2026-04-06,,,0,2026-04-06,2026-04-06,2026-04-06,3,12,2,0,1,Central Zone,Agra,AGR,Urban,Accepted By DS SCH_0_0,Accepted By DS /AT CPG (Process) ,1,0,0
1622206205,2026-03-28,2026-04-01,2026-04-09,2026-04-09,2026-04-13,2026-04-13,1,,,,,0,,,2026-04-13,6,12,2,0,1,Central Zone,Agra,AGR,Urban,Accepted by Supervisor,RETURN BACK TO ENUMERATOR,0,0,0
1622213205,2026-03-28,2026-03-31,,,,,0,,,,,0,,,,,,2,0,1,Central Zone,Alllahabad,ALD,Urban,,ASSIGN TO ENUMERATOR,0,0,0
1622214205,2026-03-28,2026-04-01,,,,,0,,,,,0,,,,,,2,0,1,Central Zone,Alllahabad,VNS,Urban,,ASSIGN TO ENUMERATOR,0,0,0
1622215205,2026-03-28,2026-04-01,,,,,0,,,,,0,,,,,,2,0,1,Central Zone,Alllahabad,VNS,Urban,,ASSIGN TO ENUMERATOR,0,0,0
1622217205,2026-03-28,2026-04-01,2026-04-11,2026-04-11,,,0,,,,,0,,,2026-04-11,,12,2,0,1,Central Zone,Alllahabad,VNS,Urban,Submitted by Enumerator,SUBMITTED BY ENUMERATOR,0,0,0
1622218205,2026-03-28,2026-03-31,,,,,0,,,,,0,,,,,,2,0,1,Central Zone,Alllahabad,ALD,Urban,,ASSIGN TO ENUMERATOR,0,0,0
1622221105,2026-03-28,2026-04-01,2026-04-04,2026-04-12,2026-04-09,2026-04-12,1,2026-04-08,2026-04-13,2026-04-09,2026-04-09,1,,,2026-04-13,7,12,1,1,0,Central Zone,Bareilly,SRN,Urban,Accepted by Supervisor,Submitted by Supervisor To Ds ,0,0,1
1622222105,2026-03-28,,,,,,0,,,,,0,,,,,,1,1,0,Central Zone,Bareilly,SRN,Urban,,Not Assigned,0,0,0
1622223105,2026-03-28,,,,,,0,,,,,0,,,,,,1,1,0,Central Zone,Bareilly,SRN,Urban,,Not Assigned,0,0,0
1622224105,2026-03-28,,,,,,0,,,,,0,,,,,,1,1,0,Central Zone,Bareilly,SRN,Urban,,Not Assigned,0,0,0
1622225105,2026-03-28,2026-04-01,2026-04-07,2026-04-08,2026-04-08,2026-04-08,1,2026-04-08,2026-04-08,,,0,,,2026-04-08,3,12,1,1,0,Central Zone,Bareilly,MBD,Urban,Accepted by Supervisor,Submitted by Supervisor To Ds ,0,1,0
1622226105,2026-03-28,2026-03-31,,,,,0,,,,,0,,,,,,1,1,0,Central Zone,Bareilly,MBD,Urban,,ASSIGN TO ENUMERATOR,0,0,0
1622227105,2026-03-28,2026-03-31,2026-04-04,2026-04-05,2026-04-04,2026-04-04,1,2026-04-05,2026-04-05,,,0,,,2026-04-05,1,12,1,1,0,Central Zone,Bareilly,MBD,Urban,Accepted by Supervisor,Submitted by Supervisor To Ds ,0,1,0
1622228105,2026-03-28,2026-04-01,,,,,0,,,,,0,,,,,,1,1,0,Central Zone,Bareilly,MBD,Urban,,ASSIGN TO ENUMERATOR,0,0,0
1622229105,2026-03-28,2026-04-01,,,,,0,,,,,0,,,2026-04-12,1,5,1,1,0,Central Zone,Bareilly,MBD,Urban,Submitted by Enumerator,ASSIGN TO ENUMERATOR,0,0,0
1622230105,2026-03-28,2026-04-01,,,,,0,,,,,0,,,,,,1,1,0,Central Zone,Bareilly,MBD,Urban,,ASSIGN TO ENUMERATOR,0,0,0
1622231105,2026-03-28,2026-04-01,,,,,0,,,,,0,,,,,,1,1,0,Central Zone,Agra,MRT,Urban,,ASSIGN TO ENUMERATOR,0,0,0
1622232105,2026-03-28,2026-04-01,,,,,0,,,,,0,,,,,,1,1,0,Central Zone,Agra,MRT,Urban,,ASSIGN TO ENUMERATOR,0,0,0
1622233105,2026-03-28,2026-04-01,2026-04-06,2026-04-09,2026-04-07,2026-04-09,1,2026-04-07,2026-04-09,2026-04-08,2026-04-08,1,,,2026-04-09,9,12,1,1,0,Central Zone,Agra,MRT,Urban,Accepted by Supervisor,Submitted by Supervisor To Ds ,0,0,1
1622234105,2026-03-28,2026-04-01,2026-04-07,2026-04-07,,,0,2026-04-08,2026-04-08,,,0,,,2026-04-08,2,12,1,1,0,Central Zone,Agra,MRT,Urban,Accepted by Supervisor,Submitted by Supervisor To Ds ,0,1,0
1622235105,2026-03-28,2026-04-01,2026-04-10,2026-04-10,,,0,2026-04-12,2026-04-12,,,0,,,2026-04-12,,12,1,1,0,Central Zone,Agra,MRT,Urban,Accepted by Supervisor,Submitted by Supervisor To Ds ,0,1,0
1622236105,2026-03-28,2026-04-01,2026-04-07,2026-04-13,2026-04-08,2026-04-13,1,2026-04-08,2026-04-13,2026-04-10,2026-04-10,1,2026-04-13,2026-04-13,2026-04-13,13,12,1,1,0,Central Zone,Agra,MRT,Urban,Accepted By DS SCH_0_0,Accepted By DS /AT CPG (Process) ,0,0,0
1622237105,2026-03-28,2026-04-01,,,,,0,,,,,0,,,,,,1,1,0,Central Zone,Agra,MRT,Urban,,ASSIGN TO ENUMERATOR,0,0,0
1622238105,2026-03-28,2026-04-06,2026-04-10,2026-04-11,2026-04-11,2026-04-11,1,2026-04-12,2026-04-12,2026-04-13,2026-04-13,1,,,2026-04-13,64,12,1,1,0,Central Zone,Agra,ALG,Urban,Return by DS,RETURN TO SUPERVISOR BY DS,0,0,1
1622239105,2026-03-28,,,,,,0,,,,,0,,,,,,1,1,0,Central Zone,Agra,ALG,Urban,,Not Assigned,0,0,0
1622240105,2026-03-28,2026-04-07,,,,,0,,,,,0,,,,,,1,1,0,Central Zone,Agra,ALG,Urban,,ASSIGN TO ENUMERATOR,0,0,0
1622241105,2026-03-28,2026-04-01,,,,,0,,,,,0,,,,,,1,1,0,Central Zone,Agra,AGR,Urban,,ASSIGN TO ENUMERATOR,0,0,0
1622242105,2026-03-28,2026-04-07,,,,,0,,,,,0,,,,,,1,1,0,Central Zone,Agra,AGR,Urban,,ASSIGN TO ENUMERATOR,0,0,0
1622243105,2026-03-28,2026-04-01,2026-04-07,2026-04-07,,,0,2026-04-08,2026-04-08,2026-04-10,2026-04-10,1,,,2026-04-10,8,12,1,1,0,Central Zone,Agra,AGR,Urban,Return by DS,RETURN TO SUPERVISOR BY DS,0,0,1
1622244105,2026-03-28,2026-04-01,2026-04-08,2026-04-12,2026-04-09,2026-04-12,1,2026-04-09,2026-04-09,2026-04-10,2026-04-10,1,,,2026-04-12,10,12,1,1,0,Central Zone,Agra,AGR,Urban,Submitted by Enumerator,SUBMITTED BY ENUMERATOR,0,0,1
1622245105,2026-03-28,2026-04-01,2026-04-12,2026-04-12,,,0,,,,,0,,,2026-04-12,,12,1,1,0,Central Zone,Agra,AGR,Urban,Submitted by Enumerator,SUBMITTED BY ENUMERATOR,0,0,0
1622246105,2026-03-28,2026-04-01,,,,,0,,,,,0,,,,,,1,1,0,Central Zone,Bareilly,BRL,Urban,,ASSIGN TO ENUMERATOR,0,0,0
1622247105,2026-03-28,2026-04-01,2026-04-04,2026-04-10,2026-04-06,2026-04-10,1,,,,,0,,,2026-04-10,5,12,1,1,0,Central Zone,Bareilly,BRL,Urban,Accepted by Supervisor,SUBMITTED BY ENUMERATOR,0,0,0
1622248105,2026-03-28,2026-04-01,,,,,0,,,,,0,,,,,,1,1,0,Central Zone,Bareilly,BRL,Urban,,ASSIGN TO ENUMERATOR,0,0,0
1622249105,2026-03-28,2026-04-01,,,,,0,,,,,0,,,,,,1,1,0,Central Zone,Bareilly,BRL,Urban,,ASSIGN TO ENUMERATOR,0,0,0
1622250105,2026-03-28,2026-04-01,,,,,0,,,,,0,,,,,,1,1,0,Central Zone,Bareilly,BRL,Urban,,ASSIGN TO ENUMERATOR,0,0,0
1622251105,2026-03-28,2026-04-01,2026-04-07,2026-04-09,2026-04-07,2026-04-09,1,,,,,0,,,2026-04-09,7,12,1,1,0,Central Zone,Bareilly,BRL,Urban,Accepted by Supervisor,SUBMITTED BY ENUMERATOR,0,0,0
1622252105,2026-03-28,2026-04-12,,,,,0,,,,,0,,,,,,1,1,0,Central Zone,Bareilly,STP,Urban,,ASSIGN TO ENUMERATOR,0,0,0
1622253105,2026-03-28,2026-04-05,,,,,0,,,,,0,,,,,,1,1,0,Central Zone,Bareilly,STP,Urban,,ASSIGN TO ENUMERATOR,0,0,0
1622254105,2026-03-28,2026-04-02,2026-04-06,2026-04-10,2026-04-06,2026-04-09,1,2026-04-06,2026-04-10,2026-04-08,2026-04-08,1,,,2026-04-10,3,12,1,1,0,Central Zone,Bareilly,STP,Urban,Accepted by Supervisor,Submitted by Supervisor To Ds ,0,0,1
1622257105,2026-03-28,2026-04-07,,,,,0,,,,,0,,,,,,1,1,0,Central Zone,Agra,ALG,Urban,,ASSIGN TO ENUMERATOR,0,0,0
1622260105,2026-03-28,2026-04-01,,,,,0,,,,,0,,,,,,1,1,0,Central Zone,Agra,AGR,Urban,,ASSIGN TO ENUMERATOR,0,0,0
1622266105,2026-03-28,2026-03-31,2026-04-05,2026-04-08,2026-04-07,2026-04-10,1,2026-04-06,2026-04-09,2026-04-06,2026-04-09,1,,,2026-04-10,9,12,1,1,0,Central Zone,Alllahabad,ALD,Urban,Returned by Supervisor,RETURN BACK TO ENUMERATOR,0,0,1
1622267105,2026-03-28,2026-03-31,,,,,0,,,,,0,,,2026-04-13,,1,1,1,0,Central Zone,Alllahabad,ALD,Urban,Submitted by Enumerator,ASSIGN TO ENUMERATOR,0,0,0
1622269105,2026-03-28,2026-04-01,,,,,0,,,,,0,,,,,,1,1,0,Central Zone,Alllahabad,FZD,Urban,,ASSIGN TO ENUMERATOR,0,0,0
1622270105,2026-03-28,2026-04-01,,,,,0,,,,,0,,,,,,1,1,0,Central Zone,Alllahabad,FZD,Urban,,ASSIGN TO ENUMERATOR,0,0,0
1622273105,2026-03-28,2026-04-01,,,,,0,,,,,0,,,,,,1,1,0,Central Zone,Alllahabad,FZD,Urban,,ASSIGN TO ENUMERATOR,0,0,0
1622274105,2026-03-28,2026-04-01,,,,,0,,,,,0,,,,,,1,1,0,Central Zone,Alllahabad,FZD,Urban,,ASSIGN TO ENUMERATOR,0,0,0
1622275105,2026-03-28,2026-04-01,,,,,0,,,,,0,,,,,,1,1,0,Central Zone,Alllahabad,GKP,Urban,,ASSIGN TO ENUMERATOR,0,0,0
1622276105,2026-03-28,2026-04-01,2026-04-10,2026-04-10,,,0,2026-04-10,2026-04-10,,,0,,,2026-04-10,1,12,1,1,0,Central Zone,Alllahabad,GKP,Urban,Accepted by Supervisor,Submitted by Supervisor To Ds ,0,1,0
1622277105,2026-03-28,2026-04-01,,,,,0,,,,,0,,,,,,1,1,0,Central Zone,Alllahabad,GKP,Urban,,ASSIGN TO ENUMERATOR,0,0,0
1622278105,2026-03-28,2026-04-01,2026-04-11,2026-04-11,,,0,2026-04-12,2026-04-12,2026-04-13,2026-04-13,1,,,2026-04-13,10,12,1,1,0,Central Zone,Alllahabad,GKP,Urban,Return by DS,RETURN TO SUPERVISOR BY DS,0,0,1
1622279105,2026-03-28,2026-04-01,,,,,0,,,,,0,,,,,,1,1,0,Central Zone,Alllahabad,GKP,Urban,,ASSIGN TO ENUMERATOR,0,0,0
1622280105,2026-03-28,2026-04-02,,,,,0,,,,,0,,,,,,1,1,0,Central Zone,Alllahabad,AZM,Urban,,ASSIGN TO ENUMERATOR,0,0,0
1622281105,2026-03-28,2026-04-06,,,,,0,,,,,0,,,,,,1,1,0,Central Zone,Alllahabad,AZM,Urban,,ASSIGN TO ENUMERATOR,0,0,0
1622282105,2026-03-28,2026-04-06,,,,,0,,,,,0,,,,,,1,1,0,Central Zone,Alllahabad,AZM,Urban,,ASSIGN TO ENUMERATOR,0,0,0
1622283105,2026-03-28,2026-04-05,,,,,0,,,,,0,,,,,,1,1,0,Central Zone,Alllahabad,AZM,Urban,,ASSIGN TO ENUMERATOR,0,0,0
1622284105,2026-03-28,2026-04-01,2026-04-12,2026-04-12,,,0,,,,,0,,,2026-04-12,6,12,1,1,0,Central Zone,Alllahabad,VNS,Urban,Submitted by Enumerator,SUBMITTED BY ENUMERATOR,0,0,0
1622285105,2026-03-28,2026-04-02,2026-04-11,2026-04-11,,,0,,,,,0,,,2026-04-11,6,12,1,1,0,Central Zone,Alllahabad,VNS,Urban,Submitted by Enumerator,SUBMITTED BY ENUMERATOR,0,0,0
1622286105,2026-03-28,2026-04-01,,,,,0,,,,,0,,,,,,1,1,0,Central Zone,Alllahabad,VNS,Urban,,ASSIGN TO ENUMERATOR,0,0,0
1622287105,2026-03-28,2026-04-02,,,,,0,,,,,0,,,,,,1,1,0,Central Zone,Alllahabad,VNS,Urban,,ASSIGN TO ENUMERATOR,0,0,0
1622288105,2026-03-28,2026-04-01,,,,,0,,,,,0,,,,,,1,1,0,Central Zone,Alllahabad,VNS,Urban,,ASSIGN TO ENUMERATOR,0,0,0
1622289105,2026-03-28,2026-04-11,,,,,0,,,,,0,,,,,,1,1,0,Central Zone,Agra,ALG,Urban,,ASSIGN TO ENUMERATOR,0,0,0
1622290105,2026-03-28,2026-04-06,2026-04-09,2026-04-09,,,0,2026-04-09,2026-04-09,,,0,,,2026-04-09,,12,1,1,0,Central Zone,Agra,ALG,Urban,Accepted by Supervisor,Submitted by Supervisor To Ds ,0,1,0
1622291105,2026-03-28,2026-04-01,2026-04-07,2026-04-09,2026-04-09,2026-04-09,1,2026-04-08,2026-04-11,2026-04-09,2026-04-09,1,,,2026-04-11,5,12,1,1,0,Central Zone,Bareilly,SRN,Urban,Accepted by Supervisor,Submitted by Supervisor To Ds ,0,0,1
1622292105,2026-03-28,2026-04-01,2026-04-10,2026-04-13,2026-04-11,2026-04-11,1,,,,,0,,,2026-04-13,6,12,1,1,0,Central Zone,Agra,MRT,Urban,Submitted by Enumerator,SUBMITTED BY ENUMERATOR,0,0,0
1622293105,2026-03-28,2026-04-01,,,,,0,,,,,0,,,,,,1,1,0,Central Zone,Agra,MRT,Urban,,ASSIGN TO ENUMERATOR,0,0,0
1622294105,2026-03-28,2026-04-01,,,,,0,,,,,0,,,,,,1,1,0,Central Zone,Agra,MRT,Urban,,ASSIGN TO ENUMERATOR,0,0,0
1622295105,2026-03-28,2026-04-01,,,,,0,,,,,0,,,,,,1,1,0,Central Zone,Agra,MRT,Urban,,ASSIGN TO ENUMERATOR,0,0,0
1622296105,2026-03-28,2026-04-01,,,,,0,,,,,0,,,,,,1,1,0,Central Zone,Agra,MRT,Urban,,ASSIGN TO ENUMERATOR,0,0,0
1622297105,2026-03-28,2026-04-01,,,,,0,,,,,0,,,,,,1,1,0,Central Zone,Agra,AGR,Urban,,ASSIGN TO ENUMERATOR,0,0,0
1622298105,2026-03-28,2026-04-01,,,,,0,,,,,0,,,,,,1,1,0,Central Zone,Agra,AGR,Urban,,ASSIGN TO ENUMERATOR,0,0,0
1622305105,2026-03-28,2026-03-31,,,,,0,,,,,0,,,,,,1,1,0,Central Zone,Alllahabad,ALD,Urban,,ASSIGN TO ENUMERATOR,0,0,0
1622306105,2026-03-28,2026-04-01,2026-04-07,2026-04-10,2026-04-10,2026-04-10,1,2026-04-08,2026-04-08,2026-04-10,2026-04-10,1,,,2026-04-10,12,12,1,1,0,Central Zone,Alllahabad,VNS,Urban,Submitted by Enumerator,SUBMITTED BY ENUMERATOR,0,0,1
1622307105,2026-03-28,2026-04-01,,,,,0,,,,,0,,,,,,1,1,0,Central Zone,Alllahabad,VNS,Urban,,ASSIGN TO ENUMERATOR,0,0,0
1622309105,2026-03-28,2026-03-31,,,,,0,,,,,0,,,2026-04-11,1,1,1,1,0,Central Zone,Alllahabad,ALD,Urban,Submitted by Enumerator,ASSIGN TO ENUMERATOR,0,0,0
1622310105,2026-03-28,2026-04-01,,,,,0,,,,,0,,,,,,1,1,0,Central Zone,Alllahabad,GKP,Urban,,ASSIGN TO ENUMERATOR,0,0,0
1622311105,2026-03-28,2026-04-01,2026-04-12,2026-04-12,,,0,,,,,0,,,2026-04-12,5,12,1,1,0,Central Zone,Alllahabad,FZD,Urban,Submitted by Enumerator,SUBMITTED BY ENUMERATOR,0,0,0
1623457405,2026-03-28,2026-04-01,2026-04-10,2026-04-10,2026-04-10,2026-04-10,1,2026-04-10,2026-04-10,,,0,2026-04-13,2026-04-13,2026-04-13,1,12,4,0,1,North-Eastern Zone,Gangtok,GTK,Urban,Accepted By DS SCH_0_0,Accepted By DS /AT CPG (Process) ,0,0,0
1623458405,2026-03-28,2026-04-02,,,,,0,,,,,0,,,,,,4,0,1,North-Eastern Zone,Gangtok,GTK,Urban,,ASSIGN TO ENUMERATOR,0,0,0
1623459405,2026-03-28,2026-04-07,,,,,0,,,,,0,,,,,,4,0,1,North-Eastern Zone,Gangtok,GTK,Urban,,ASSIGN TO ENUMERATOR,0,0,0
1623460305,2026-03-28,2026-04-07,,,,,0,,,,,0,,,,,,3,0,1,North-Eastern Zone,Gangtok,GTK,Urban,,ASSIGN TO ENUMERATOR,0,0,0
1623461305,2026-03-28,2026-04-02,,,,,0,,,,,0,,,,,,3,0,1,North-Eastern Zone,Gangtok,GTK,Urban,,ASSIGN TO ENUMERATOR,0,0,0
1623462305,2026-03-28,2026-04-07,,,,,0,,,,,0,,,,,,3,0,1,North-Eastern Zone,Gangtok,GTK,Urban,,ASSIGN TO ENUMERATOR,0,0,0
1623463205,2026-03-28,2026-04-02,,,,,0,,,,,0,,,,,,2,0,1,North-Eastern Zone,Gangtok,GTK,Urban,,ASSIGN TO ENUMERATOR,0,0,0
1623464205,2026-03-28,2026-04-07,,,,,0,,,,,0,,,,,,2,0,1,North-Eastern Zone,Gangtok,GTK,Urban,,ASSIGN TO ENUMERATOR,0,0,0
1623465205,2026-03-28,2026-04-01,,,,,0,,,,,0,,,,,,2,0,1,North-Eastern Zone,Gangtok,GTK,Urban,,ASSIGN TO ENUMERATOR,0,0,0
1623466105,2026-03-28,2026-04-01,2026-04-10,2026-04-10,2026-04-10,2026-04-10,1,2026-04-10,2026-04-10,,,0,,,2026-04-10,3,12,1,1,0,North-Eastern Zone,Gangtok,GTK,Urban,Accepted by Supervisor,Submitted by Supervisor To Ds ,0,1,0
1623467105,2026-03-28,2026-04-07,,,,,0,,,,,0,,,,,,1,1,0,North-Eastern Zone,Gangtok,GTK,Urban,,ASSIGN TO ENUMERATOR,0,0,0
1623468105,2026-03-28,2026-04-02,2026-04-11,2026-04-11,,,0,,,,,0,,,2026-04-11,1,12,1,1,0,North-Eastern Zone,Gangtok,GTK,Urban,Submitted by Enumerator,SUBMITTED BY ENUMERATOR,0,0,0
1623793405,2026-03-28,2026-04-01,,,,,0,,,,,0,,,,,,4,0,1,North-Eastern Zone,Agartala,AGT,Urban,,ASSIGN TO ENUMERATOR,0,0,0
1623794405,2026-03-28,2026-04-01,2026-04-11,2026-04-11,,,0,2026-04-12,2026-04-12,,,0,2026-04-13,2026-04-13,2026-04-13,1,12,4,0,1,North-Eastern Zone,Agartala,AGT,Urban,Accepted By DS SCH_0_0,Accepted By DS /AT CPG (Process) ,1,0,0
1623795405,2026-03-28,2026-04-01,2026-04-08,2026-04-08,,,0,2026-04-08,2026-04-08,,,0,2026-04-10,2026-04-10,2026-04-10,2,12,4,0,1,North-Eastern Zone,Agartala,AGT,Urban,Accepted By DS SCH_0_0,Accepted By DS /AT CPG (Process) ,1,0,0
1623796405,2026-03-28,2026-04-01,2026-04-04,2026-04-06,,,0,2026-04-06,2026-04-06,,,0,2026-04-07,2026-04-07,2026-04-07,5,12,4,0,1,North-Eastern Zone,Agartala,AGT,Urban,Accepted By DS SCH_0_0,Accepted By DS /AT CPG (Process) ,0,0,0
1623797405,2026-03-28,2026-04-01,,,,,0,,,,,0,,,,,,4,0,1,North-Eastern Zone,Agartala,AGT,Urban,,ASSIGN TO ENUMERATOR,0,0,0
1623798305,2026-03-28,2026-04-01,,,,,0,,,,,0,,,,,,3,0,1,North-Eastern Zone,Agartala,AGT,Urban,,ASSIGN TO ENUMERATOR,0,0,0
1623799305,2026-03-28,2026-04-01,2026-04-05,2026-04-06,2026-04-06,2026-04-06,1,2026-04-07,2026-04-07,,,0,2026-04-10,2026-04-10,2026-04-10,2,12,3,0,1,North-Eastern Zone,Agartala,AGT,Urban,Accepted By DS SCH_0_0,Accepted By DS /AT CPG (Process) ,0,0,0
1623800305,2026-03-28,2026-04-01,2026-04-05,2026-04-05,,,0,2026-04-05,2026-04-05,,,0,2026-04-09,2026-04-09,2026-04-09,6,12,3,0,1,North-Eastern Zone,Agartala,AGT,Urban,Accepted By DS SCH_0_0,Accepted By DS /AT CPG (Process) ,1,0,0
1623801305,2026-03-28,2026-04-01,2026-04-04,2026-04-06,,,0,2026-04-06,2026-04-06,,,0,2026-04-10,2026-04-10,2026-04-10,7,12,3,0,1,North-Eastern Zone,Agartala,AGT,Urban,Accepted By DS SCH_0_0,Accepted By DS /AT CPG (Process) ,0,0,0
1623802305,2026-03-28,2026-04-01,,,,,0,,,,,0,,,,,,3,0,1,North-Eastern Zone,Agartala,AGT,Urban,,ASSIGN TO ENUMERATOR,0,0,0
1623803205,2026-03-28,2026-04-01,2026-04-05,2026-04-07,2026-04-06,2026-04-07,1,2026-04-07,2026-04-07,,,0,2026-04-10,2026-04-10,2026-04-10,7,12,2,0,1,North-Eastern Zone,Agartala,AGT,Urban,Accepted By DS SCH_0_0,Accepted By DS /AT CPG (Process) ,0,0,0
1623804205,2026-03-28,2026-04-01,,,,,0,,,,,0,,,,,,2,0,1,North-Eastern Zone,Agartala,AGT,Urban,,ASSIGN TO ENUMERATOR,0,0,0
1623805205,2026-03-28,2026-04-01,2026-04-03,2026-04-03,,,0,2026-04-07,2026-04-07,,,0,2026-04-10,2026-04-10,2026-04-10,,12,2,0,1,North-Eastern Zone,Agartala,AGT,Urban,Accepted By DS SCH_0_0,Accepted By DS /AT CPG (Process) ,1,0,0
1623806205,2026-03-28,2026-04-01,2026-04-11,2026-04-11,,,0,2026-04-12,2026-04-12,,,0,,,2026-04-12,2,12,2,0,1,North-Eastern Zone,Agartala,AGT,Urban,Accepted by Supervisor,Submitted by Supervisor To Ds ,0,1,0
1623807205,2026-03-28,2026-04-01,,,,,0,,,,,0,,,,,,2,0,1,North-Eastern Zone,Agartala,AGT,Urban,,ASSIGN TO ENUMERATOR,0,0,0
1623808105,2026-03-28,2026-04-01,2026-04-08,2026-04-12,2026-04-12,2026-04-12,1,2026-04-08,2026-04-08,2026-04-10,2026-04-10,1,,,2026-04-12,6,12,1,1,0,North-Eastern Zone,Agartala,AGT,Urban,Accepted by Supervisor,SUBMITTED BY ENUMERATOR,0,0,1
1623809105,2026-03-28,2026-04-01,2026-04-07,2026-04-09,2026-04-09,2026-04-09,1,2026-04-12,2026-04-12,,,0,,,2026-04-12,10,12,1,1,0,North-Eastern Zone,Agartala,AGT,Urban,Accepted by Supervisor,Submitted by Supervisor To Ds ,0,1,0
1623810105,2026-03-28,2026-04-01,,,,,0,,,,,0,,,,,,1,1,0,North-Eastern Zone,Agartala,AGT,Urban,,ASSIGN TO ENUMERATOR,0,0,0
1623811105,2026-03-28,2026-04-01,2026-04-10,2026-04-13,2026-04-13,2026-04-13,1,,,,,0,,,2026-04-13,12,12,1,1,0,North-Eastern Zone,Agartala,AGT,Urban,Accepted by Supervisor,RETURN BACK TO ENUMERATOR,0,0,0
1623812105,2026-03-28,2026-04-01,,,,,0,,,,,0,,,,,,1,1,0,North-Eastern Zone,Agartala,AGT,Urban,,ASSIGN TO ENUMERATOR,0,0,0
1623905405,2026-03-28,2026-04-02,,,,,0,,,,,0,,,,,,4,0,1,North-Eastern Zone,Dibrugarh,TZP,Urban,,ASSIGN TO ENUMERATOR,0,0,0
1623906405,2026-03-28,2026-04-02,2026-04-11,2026-04-12,2026-04-11,2026-04-11,1,2026-04-12,2026-04-12,,,0,,,2026-04-12,1,12,4,0,1,North-Eastern Zone,Dibrugarh,TZP,Urban,Accepted by Supervisor,Submitted by Supervisor To Ds ,0,1,0
1623907405,2026-03-28,2026-04-02,,,,,0,,,,,0,,,,,,4,0,1,North-Eastern Zone,Dibrugarh,TZP,Urban,,ASSIGN TO ENUMERATOR,0,0,0
1623908405,2026-03-28,2026-04-01,,,,,0,,,,,0,,,,,,4,0,1,North-Eastern Zone,Dibrugarh,DBR,Urban,,ASSIGN TO ENUMERATOR,0,0,0
1623909405,2026-03-28,2026-04-01,2026-04-11,2026-04-11,,,0,,,,,0,,,2026-04-11,,12,4,0,1,North-Eastern Zone,Dibrugarh,DBR,Urban,Submitted by Enumerator,SUBMITTED BY ENUMERATOR,0,0,0
1623910405,2026-03-28,2026-04-01,2026-04-10,2026-04-10,,,0,,,,,0,,,2026-04-10,2,12,4,0,1,North-Eastern Zone,Dibrugarh,DBR,Urban,Submitted by Enumerator,SUBMITTED BY ENUMERATOR,0,0,0
1623911405,2026-03-28,2026-04-02,,,,,0,,,,,0,,,,,,4,0,1,North-Eastern Zone,Dibrugarh,JRT,Urban,,ASSIGN TO ENUMERATOR,0,0,0
1623912405,2026-03-28,2026-04-02,2026-04-05,2026-04-05,,,0,2026-04-06,2026-04-06,,,0,2026-04-10,2026-04-10,2026-04-10,,12,4,0,1,North-Eastern Zone,Dibrugarh,JRT,Urban,Accepted By DS SCH_0_0,Accepted By DS /AT CPG (Process) ,1,0,0
1623913405,2026-03-28,2026-04-02,,,,,0,,,,,0,,,,,,4,0,1,North-Eastern Zone,Dibrugarh,JRT,Urban,,ASSIGN TO ENUMERATOR,0,0,0
1623924405,2026-03-28,2026-04-02,,,,,0,,,,,0,,,,,,4,0,1,North-Eastern Zone,Dibrugarh,TZP,Urban,,ASSIGN TO ENUMERATOR,0,0,0
1623925405,2026-03-28,2026-04-02,,,,,0,,,,,0,,,,,,4,0,1,North-Eastern Zone,Dibrugarh,TZP,Urban,,ASSIGN TO ENUMERATOR,0,0,0
1623927405,2026-03-28,2026-04-01,2026-04-08,2026-04-08,,,0,,,,,0,,,2026-04-08,1,12,4,0,1,North-Eastern Zone,Dibrugarh,DBR,Urban,Submitted by Enumerator,SUBMITTED BY ENUMERATOR,0,0,0
1623928405,2026-03-28,2026-04-02,,,,,0,,,,,0,,,,,,4,0,1,North-Eastern Zone,Dibrugarh,TZP,Urban,,ASSIGN TO ENUMERATOR,0,0,0
1623934305,2026-03-28,2026-04-02,,,,,0,,,,,0,,,,,,3,0,1,North-Eastern Zone,Dibrugarh,TZP,Urban,,ASSIGN TO ENUMERATOR,0,0,0
1623935305,2026-03-28,2026-04-02,,,,,0,,,,,0,,,,,,3,0,1,North-Eastern Zone,Dibrugarh,TZP,Urban,,ASSIGN TO ENUMERATOR,0,0,0
1623936305,2026-03-28,2026-04-02,,,,,0,,,,,0,,,,,,3,0,1,North-Eastern Zone,Dibrugarh,TZP,Urban,,ASSIGN TO ENUMERATOR,0,0,0
1623937305,2026-03-28,2026-04-01,,,,,0,,,,,0,,,,,,3,0,1,North-Eastern Zone,Dibrugarh,DBR,Urban,,ASSIGN TO ENUMERATOR,0,0,0
1623938305,2026-03-28,2026-04-01,,,,,0,,,,,0,,,,,,3,0,1,North-Eastern Zone,Dibrugarh,DBR,Urban,,ASSIGN TO ENUMERATOR,0,0,0
1623939305,2026-03-28,2026-04-01,,,,,0,,,,,0,,,,,,3,0,1,North-Eastern Zone,Dibrugarh,DBR,Urban,,ASSIGN TO ENUMERATOR,0,0,0
1623940305,2026-03-28,2026-04-02,,,,,0,,,,,0,,,,,,3,0,1,North-Eastern Zone,Dibrugarh,JRT,Urban,,ASSIGN TO ENUMERATOR,0,0,0
1623941305,2026-03-28,2026-04-02,2026-04-07,2026-04-07,,,0,2026-04-08,2026-04-08,,,0,,,2026-04-08,2,12,3,0,1,North-Eastern Zone,Dibrugarh,JRT,Urban,Accepted by Supervisor,Submitted by Supervisor To Ds ,0,1,0
1623942305,2026-03-28,2026-04-02,,,,,0,,,,,0,,,,,,3,0,1,North-Eastern Zone,Dibrugarh,JRT,Urban,,ASSIGN TO ENUMERATOR,0,0,0
1623953305,2026-03-28,2026-04-02,,,,,0,,,,,0,,,,,,3,0,1,North-Eastern Zone,Dibrugarh,TZP,Urban,,ASSIGN TO ENUMERATOR,0,0,0
1623954305,2026-03-28,2026-04-02,,,,,0,,,,,0,,,,,,3,0,1,North-Eastern Zone,Dibrugarh,TZP,Urban,,ASSIGN TO ENUMERATOR,0,0,0
1623956305,2026-03-28,2026-04-02,,,,,0,,,,,0,,,,,,3,0,1,North-Eastern Zone,Dibrugarh,JRT,Urban,,ASSIGN TO ENUMERATOR,0,0,0
1623957305,2026-03-28,2026-04-02,,,,,0,,,,,0,,,,,,3,0,1,North-Eastern Zone,Dibrugarh,TZP,Urban,,ASSIGN TO ENUMERATOR,0,0,0
1623963205,2026-03-28,2026-04-02,,,,,0,,,,,0,,,,,,2,0,1,North-Eastern Zone,Dibrugarh,TZP,Urban,,ASSIGN TO ENUMERATOR,0,0,0
1623964205,2026-03-28,2026-04-02,,,,,0,,,,,0,,,,,,2,0,1,North-Eastern Zone,Dibrugarh,TZP,Urban,,ASSIGN TO ENUMERATOR,0,0,0
1623965205,2026-03-28,2026-04-02,,,,,0,,,,,0,,,,,,2,0,1,North-Eastern Zone,Dibrugarh,TZP,Urban,,ASSIGN TO ENUMERATOR,0,0,0
1623966205,2026-03-28,2026-04-01,,,,,0,,,,,0,,,,,,2,0,1,North-Eastern Zone,Dibrugarh,DBR,Urban,,ASSIGN TO ENUMERATOR,0,0,0
1623967205,2026-03-28,2026-04-01,,,,,0,,,,,0,,,,,,2,0,1,North-Eastern Zone,Dibrugarh,DBR,Urban,,ASSIGN TO ENUMERATOR,0,0,0
1623968205,2026-03-28,2026-04-01,,,,,0,,,,,0,,,,,,2,0,1,North-Eastern Zone,Dibrugarh,DBR,Urban,,ASSIGN TO ENUMERATOR,0,0,0
1623969205,2026-03-28,2026-04-02,,,,,0,,,,,0,,,,,,2,0,1,North-Eastern Zone,Dibrugarh,JRT,Urban,,ASSIGN TO ENUMERATOR,0,0,0
1623970205,2026-03-28,2026-04-02,,,,,0,,,,,0,,,,,,2,0,1,North-Eastern Zone,Dibrugarh,JRT,Urban,,ASSIGN TO ENUMERATOR,0,0,0
1623971205,2026-03-28,2026-04-02,2026-04-07,2026-04-07,,,0,2026-04-08,2026-04-08,,,0,2026-04-09,2026-04-09,2026-04-09,,12,2,0,1,North-Eastern Zone,Dibrugarh,JRT,Urban,Accepted By DS SCH_0_0,Accepted By DS /AT CPG (Process) ,1,0,0
1623982205,2026-03-28,2026-04-02,,,,,0,,,,,0,,,,,,2,0,1,North-Eastern Zone,Dibrugarh,TZP,Urban,,ASSIGN TO ENUMERATOR,0,0,0
1623983205,2026-03-28,2026-04-02,,,,,0,,,,,0,,,,,,2,0,1,North-Eastern Zone,Dibrugarh,TZP,Urban,,ASSIGN TO ENUMERATOR,0,0,0
1623985205,2026-03-28,2026-04-01,,,,,0,,,,,0,,,,,,2,0,1,North-Eastern Zone,Dibrugarh,DBR,Urban,,ASSIGN TO ENUMERATOR,0,0,0
1623986205,2026-03-28,2026-04-02,,,,,0,,,,,0,,,,,,2,0,1,North-Eastern Zone,Dibrugarh,TZP,Urban,,ASSIGN TO ENUMERATOR,0,0,0
1623992105,2026-03-28,2026-04-01,2026-04-07,2026-04-07,2026-04-07,2026-04-07,1,2026-04-07,2026-04-07,,,0,,,2026-04-07,5,12,1,1,0,North-Eastern Zone,Dibrugarh,TZP,Urban,Accepted by Supervisor,Submitted by Supervisor To Ds ,0,1,0
1623993105,2026-03-28,2026-04-01,2026-04-06,2026-04-10,2026-04-07,2026-04-10,1,2026-04-07,2026-04-10,2026-04-10,2026-04-10,1,,,2026-04-10,8,12,1,1,0,North-Eastern Zone,Dibrugarh,TZP,Urban,Accepted by Supervisor,Submitted by Supervisor To Ds ,0,0,1
1623994105,2026-03-28,2026-04-01,2026-04-06,2026-04-07,2026-04-07,2026-04-07,1,2026-04-07,2026-04-07,,,0,2026-04-10,2026-04-10,2026-04-10,5,12,1,1,0,North-Eastern Zone,Dibrugarh,TZP,Urban,Accepted By DS SCH_0_0,Accepted By DS /AT CPG (Process) ,0,0,0
1623995105,2026-03-28,2026-04-01,,,,,0,,,,,0,,,,,,1,1,0,North-Eastern Zone,Dibrugarh,DBR,Urban,,ASSIGN TO ENUMERATOR,0,0,0
1623996105,2026-03-28,2026-04-01,,,,,0,,,,,0,,,,,,1,1,0,North-Eastern Zone,Dibrugarh,DBR,Urban,,ASSIGN TO ENUMERATOR,0,0,0
1623997105,2026-03-28,2026-04-01,,,,,0,,,,,0,,,,,,1,1,0,North-Eastern Zone,Dibrugarh,DBR,Urban,,ASSIGN TO ENUMERATOR,0,0,0
1623998105,2026-03-28,2026-04-02,,,,,0,,,,,0,,,,,,1,1,0,North-Eastern Zone,Dibrugarh,JRT,Urban,,ASSIGN TO ENUMERATOR,0,0,0
1623999105,2026-03-28,2026-04-02,,,,,0,,,,,0,,,,,,1,1,0,North-Eastern Zone,Dibrugarh,JRT,Urban,,ASSIGN TO ENUMERATOR,0,0,0
1624000105,2026-03-28,2026-04-02,,,,,0,,,,,0,,,,,,1,1,0,North-Eastern Zone,Dibrugarh,JRT,Urban,,ASSIGN TO ENUMERATOR,0,0,0
1624011105,2026-03-28,2026-04-02,2026-04-08,2026-04-09,2026-04-09,2026-04-09,1,2026-04-10,2026-04-10,2026-04-13,2026-04-13,1,,,2026-04-13,13,12,1,1,0,North-Eastern Zone,Dibrugarh,TZP,Urban,Return by DS,RETURN TO SUPERVISOR BY DS,0,0,1
1624012105,2026-03-28,2026-04-01,,,,,0,,,,,0,,,,,,1,1,0,North-Eastern Zone,Dibrugarh,TZP,Urban,,ASSIGN TO ENUMERATOR,0,0,0
1624014105,2026-03-28,2026-04-02,,,,,0,,,,,0,,,,,,1,1,0,North-Eastern Zone,Dibrugarh,JRT,Urban,,ASSIGN TO ENUMERATOR,0,0,0
1624015105,2026-03-28,2026-04-01,2026-04-06,2026-04-10,2026-04-07,2026-04-10,1,2026-04-07,2026-04-10,2026-04-10,2026-04-10,1,,,2026-04-10,10,12,1,1,0,North-Eastern Zone,Dibrugarh,TZP,Urban,Accepted by Supervisor,Submitted by Supervisor To Ds ,0,0,1
1624257405,2026-03-28,2026-04-01,,,,,0,,,,,0,,,,,,4,0,1,Eastern Zone,Burdwan,BDW,Urban,,ASSIGN TO ENUMERATOR,0,0,0
1624258405,2026-03-28,2026-04-03,,,,,0,,,,,0,,,,,,4,0,1,Eastern Zone,Burdwan,CSR,Urban,,ASSIGN TO ENUMERATOR,0,0,0
1624259405,2026-03-28,2026-04-03,,,,,0,,,,,0,,,,,,4,0,1,Eastern Zone,Burdwan,CSR,Urban,,ASSIGN TO ENUMERATOR,0,0,0
1624260405,2026-03-28,2026-04-04,,,,,0,,,,,0,,,,,,4,0,1,Eastern Zone,Calcutta,KLK,Urban,,ASSIGN TO ENUMERATOR,0,0,0
1624261405,2026-03-28,2026-04-04,,,,,0,,,,,0,,,,,,4,0,1,Eastern Zone,Calcutta,KLK,Urban,,ASSIGN TO ENUMERATOR,0,0,0
1624262405,2026-03-28,2026-04-04,,,,,0,,,,,0,,,,,,4,0,1,Eastern Zone,Calcutta,KLK,Urban,,ASSIGN TO ENUMERATOR,0,0,0
1624263405,2026-03-28,2026-04-01,2026-04-01,2026-04-01,,,0,2026-04-02,2026-04-02,,,0,2026-04-02,2026-04-02,2026-04-02,1,12,4,0,1,Eastern Zone,Calcutta,KLK,Urban,Accepted By DS SCH_0_0,Accepted By DS /AT CPG (Process) ,1,0,0
1624264405,2026-03-28,2026-04-04,,,,,0,,,,,0,,,,,,4,0,1,Eastern Zone,Calcutta,KLK,Urban,,ASSIGN TO ENUMERATOR,0,0,0
1624265405,2026-03-28,2026-04-04,,,,,0,,,,,0,,,,,,4,0,1,Eastern Zone,Calcutta,KLK,Urban,,ASSIGN TO ENUMERATOR,0,0,0
1624266405,2026-03-28,2026-04-04,2026-04-10,2026-04-10,,,0,,,,,0,,,2026-04-10,,12,4,0,1,Eastern Zone,Calcutta,KLK,Urban,Submitted by Enumerator,SUBMITTED BY ENUMERATOR,0,0,0
1624267405,2026-03-28,2026-04-04,,,,,0,,,,,0,,,,,,4,0,1,Eastern Zone,Calcutta,KLK,Urban,,ASSIGN TO ENUMERATOR,0,0,0
1624268405,2026-03-28,2026-04-03,,,,,0,,,,,0,,,,,,4,0,1,Eastern Zone,Burdwan,CSR,Urban,,ASSIGN TO ENUMERATOR,0,0,0
1624269405,2026-03-28,2026-04-03,,,,,0,,,,,0,,,,,,4,0,1,Eastern Zone,Burdwan,CSR,Urban,,ASSIGN TO ENUMERATOR,0,0,0
1624270405,2026-03-28,2026-04-03,,,,,0,,,,,0,,,,,,4,0,1,Eastern Zone,Burdwan,CSR,Urban,,ASSIGN TO ENUMERATOR,0,0,0
1624271405,2026-03-28,2026-04-02,2026-04-09,2026-04-09,,,0,2026-04-10,2026-04-10,,,0,2026-04-10,2026-04-10,2026-04-10,,12,4,0,1,Eastern Zone,Burdwan,BNK,Urban,Accepted By DS SCH_0_0,Accepted By DS /AT CPG (Process) ,1,0,0
1624272405,2026-03-28,2026-04-04,,,,,0,,,,,0,,,,,,4,0,1,Eastern Zone,Calcutta,HWH,Urban,,ASSIGN TO ENUMERATOR,0,0,0
1624273405,2026-03-28,2026-04-04,,,,,0,,,,,0,,,,,,4,0,1,Eastern Zone,Calcutta,HWH,Urban,,ASSIGN TO ENUMERATOR,0,0,0
1624274405,2026-03-28,2026-04-04,2026-04-09,2026-04-09,,,0,2026-04-10,2026-04-10,,,0,2026-04-10,2026-04-10,2026-04-10,,12,4,0,1,Eastern Zone,Calcutta,KLK,Urban,Accepted By DS SCH_0_0,Accepted By DS /AT CPG (Process) ,1,0,0
1624275405,2026-03-28,2026-04-04,,,,,0,,,,,0,,,,,,4,0,1,Eastern Zone,Calcutta,KLK,Urban,,ASSIGN TO ENUMERATOR,0,0,0
1624276405,2026-03-28,2026-04-04,,,,,0,,,,,0,,,,,,4,0,1,Eastern Zone,Calcutta,KLK,Urban,,ASSIGN TO ENUMERATOR,0,0,0
1624277405,2026-03-28,2026-04-08,,,,,0,,,,,0,,,,,,4,0,1,Eastern Zone,Burdwan,MDN,Urban,,ASSIGN TO ENUMERATOR,0,0,0
1624278405,2026-03-28,2026-04-02,2026-04-04,2026-04-04,,,0,2026-04-05,2026-04-05,,,0,2026-04-09,2026-04-09,2026-04-09,,12,4,0,1,Eastern Zone,Burdwan,MDN,Urban,Accepted By DS SCH_0_0,Accepted By DS /AT CPG (Process) ,1,0,0
1624279405,2026-03-28,2026-04-01,,,,,0,,,,,0,,,,,,4,0,1,Eastern Zone,Burdwan,BDW,Urban,,ASSIGN TO ENUMERATOR,0,0,0
1624280405,2026-03-28,2026-04-01,,,,,0,,,,,0,,,,,,4,0,1,Eastern Zone,Burdwan,BDW,Urban,,ASSIGN TO ENUMERATOR,0,0,0
1624281405,2026-03-28,2026-04-01,,,,,0,,,,,0,,,,,,4,0,1,Eastern Zone,Burdwan,BDW,Urban,,ASSIGN TO ENUMERATOR,0,0,0
1624282405,2026-03-28,2026-04-04,,,,,0,,,,,0,,,,,,4,0,1,Eastern Zone,Calcutta,HWH,Urban,,ASSIGN TO ENUMERATOR,0,0,0
1624283405,2026-03-28,2026-04-04,2026-04-11,2026-04-11,,,0,2026-04-13,2026-04-13,,,0,,,2026-04-13,,12,4,0,1,Eastern Zone,Calcutta,KLK,Urban,Accepted by Supervisor,Submitted by Supervisor To Ds ,0,1,0
1624284405,2026-03-28,2026-04-04,2026-04-11,2026-04-11,,,0,2026-04-13,2026-04-13,,,0,,,2026-04-13,1,12,4,0,1,Eastern Zone,Calcutta,KLK,Urban,Accepted by Supervisor,Submitted by Supervisor To Ds ,0,1,0
1624285405,2026-03-28,2026-04-04,,,,,0,,,,,0,,,,,,4,0,1,Eastern Zone,Calcutta,KLK,Urban,,ASSIGN TO ENUMERATOR,0,0,0
1624286405,2026-03-28,2026-04-04,,,,,0,,,,,0,,,,,,4,0,1,Eastern Zone,Calcutta,KLK,Urban,,ASSIGN TO ENUMERATOR,0,0,0
1624287405,2026-03-28,2026-04-02,,,,,0,,,,,0,,,,,,4,0,1,Eastern Zone,Burdwan,BNK,Urban,,ASSIGN TO ENUMERATOR,0,0,0
1624298305,2026-03-28,2026-04-01,,,,,0,,,,,0,,,,,,3,0,1,Eastern Zone,Burdwan,BDW,Urban,,ASSIGN TO ENUMERATOR,0,0,0
1624299305,2026-03-28,2026-04-03,2026-04-04,2026-04-04,,,0,2026-04-04,2026-04-04,,,0,2026-04-08,2026-04-08,2026-04-08,1,12,3,0,1,Eastern Zone,Burdwan,CSR,Urban,Accepted By DS SCH_0_0,Accepted By DS /AT CPG (Process) ,1,0,0
1624300305,2026-03-28,2026-04-03,,,,,0,,,,,0,,,,,,3,0,1,Eastern Zone,Burdwan,CSR,Urban,,ASSIGN TO ENUMERATOR,0,0,0
1624301305,2026-03-28,2026-04-01,2026-04-01,2026-04-01,,,0,2026-04-08,2026-04-08,,,0,2026-04-09,2026-04-09,2026-04-09,,12,3,0,1,Eastern Zone,Calcutta,KLK,Urban,Accepted By DS SCH_0_0,Accepted By DS /AT CPG (Process) ,1,0,0
1624302305,2026-03-28,2026-04-04,,,,,0,,,,,0,,,,,,3,0,1,Eastern Zone,Calcutta,KLK,Urban,,ASSIGN TO ENUMERATOR,0,0,0
1624303305,2026-03-28,2026-04-04,,,,,0,,,,,0,,,,,,3,0,1,Eastern Zone,Calcutta,KLK,Urban,,ASSIGN TO ENUMERATOR,0,0,0
1624304305,2026-03-28,2026-04-04,,,,,0,,,,,0,,,,,,3,0,1,Eastern Zone,Calcutta,KLK,Urban,,ASSIGN TO ENUMERATOR,0,0,0
1624305305,2026-03-28,2026-04-01,2026-04-02,2026-04-02,,,0,2026-04-02,2026-04-02,,,0,2026-04-02,2026-04-02,2026-04-02,1,12,3,0,1,Eastern Zone,Calcutta,KLK,Urban,Accepted By DS SCH_0_0,Accepted By DS /AT CPG (Process) ,1,0,0
1624306305,2026-03-28,2026-04-01,2026-04-01,2026-04-01,,,0,2026-04-08,2026-04-08,,,0,,,2026-04-08,2,12,3,0,1,Eastern Zone,Calcutta,KLK,Urban,Accepted by Supervisor,Submitted by Supervisor To Ds ,0,1,0
1624307305,2026-03-28,2026-04-04,,,,,0,,,,,0,,,,,,3,0,1,Eastern Zone,Calcutta,KLK,Urban,,ASSIGN TO ENUMERATOR,0,0,0
1624308305,2026-03-28,2026-04-04,,,,,0,,,,,0,,,,,,3,0,1,Eastern Zone,Calcutta,KLK,Urban,,ASSIGN TO ENUMERATOR,0,0,0
1624309305,2026-03-28,2026-04-03,2026-04-12,2026-04-12,,,0,,,,,0,,,2026-04-12,2,12,3,0,1,Eastern Zone,Burdwan,CSR,Urban,Submitted by Enumerator,SUBMITTED BY ENUMERATOR,0,0,0
1624310305,2026-03-28,2026-04-03,2026-04-04,2026-04-04,,,0,2026-04-04,2026-04-04,,,0,2026-04-07,2026-04-07,2026-04-07,,12,3,0,1,Eastern Zone,Burdwan,CSR,Urban,Accepted By DS SCH_0_0,Accepted By DS /AT CPG (Process) ,1,0,0
1624311305,2026-03-28,2026-04-03,,,,,0,,,,,0,,,,,,3,0,1,Eastern Zone,Burdwan,CSR,Urban,,ASSIGN TO ENUMERATOR,0,0,0
1624312305,2026-03-28,2026-04-02,2026-04-12,2026-04-12,,,0,2026-04-12,2026-04-12,,,0,,,2026-04-12,,12,3,0,1,Eastern Zone,Burdwan,BNK,Urban,Accepted by Supervisor,Submitted by Supervisor To Ds ,0,1,0
1624313305,2026-03-28,2026-04-04,,,,,0,,,,,0,,,,,,3,0,1,Eastern Zone,Calcutta,HWH,Urban,,ASSIGN TO ENUMERATOR,0,0,0
1624314305,2026-03-28,2026-04-04,,,,,0,,,,,0,,,,,,3,0,1,Eastern Zone,Calcutta,HWH,Urban,,ASSIGN TO ENUMERATOR,0,0,0
1624315305,2026-03-28,2026-04-04,,,,,0,,,,,0,,,,,,3,0,1,Eastern Zone,Calcutta,KLK,Urban,,ASSIGN TO ENUMERATOR,0,0,0
1624316305,2026-03-28,2026-04-04,,,,,0,,,,,0,,,,,,3,0,1,Eastern Zone,Calcutta,KLK,Urban,,ASSIGN TO ENUMERATOR,0,0,0
1624317305,2026-03-28,2026-04-04,,,,,0,,,,,0,,,,,,3,0,1,Eastern Zone,Calcutta,KLK,Urban,,ASSIGN TO ENUMERATOR,0,0,0
1624318305,2026-03-28,2026-04-08,,,,,0,,,,,0,,,,,,3,0,1,Eastern Zone,Burdwan,MDN,Urban,,ASSIGN TO ENUMERATOR,0,0,0
1624319305,2026-03-28,2026-04-02,2026-04-04,2026-04-06,2026-04-05,2026-04-06,1,2026-04-06,2026-04-06,,,0,2026-04-08,2026-04-08,2026-04-08,2,12,3,0,1,Eastern Zone,Burdwan,MDN,Urban,Accepted By DS SCH_0_0,Accepted By DS /AT CPG (Process) ,0,0,0
1624320305,2026-03-28,2026-04-01,,,,,0,,,,,0,,,,,,3,0,1,Eastern Zone,Burdwan,BDW,Urban,,ASSIGN TO ENUMERATOR,0,0,0
1624321305,2026-03-28,2026-04-01,,,,,0,,,,,0,,,,,,3,0,1,Eastern Zone,Burdwan,BDW,Urban,,ASSIGN TO ENUMERATOR,0,0,0
1624322305,2026-03-28,2026-04-02,,,,,0,,,,,0,,,,,,3,0,1,Eastern Zone,Burdwan,BDW,Urban,,ASSIGN TO ENUMERATOR,0,0,0
1624323305,2026-03-28,2026-04-04,,,,,0,,,,,0,,,,,,3,0,1,Eastern Zone,Calcutta,HWH,Urban,,ASSIGN TO ENUMERATOR,0,0,0
1624324305,2026-03-28,2026-04-07,2026-04-07,2026-04-09,2026-04-08,2026-04-08,1,2026-04-10,2026-04-10,,,0,,,2026-04-10,1,12,3,0,1,Eastern Zone,Calcutta,KLK,Urban,Accepted by Supervisor,Submitted by Supervisor To Ds ,0,1,0
1624325305,2026-03-28,2026-04-01,2026-04-02,2026-04-02,,,0,2026-04-10,2026-04-10,,,0,2026-04-10,2026-04-10,2026-04-10,,12,3,0,1,Eastern Zone,Calcutta,KLK,Urban,Accepted By DS SCH_0_0,Accepted By DS /AT CPG (Process) ,1,0,0
1624326305,2026-03-28,2026-04-04,,,,,0,,,,,0,,,,,,3,0,1,Eastern Zone,Calcutta,KLK,Urban,,ASSIGN TO ENUMERATOR,0,0,0
1624327305,2026-03-28,2026-04-01,2026-04-10,2026-04-10,2026-04-10,2026-04-10,1,2026-04-13,2026-04-13,,,0,,,2026-04-13,2,12,3,0,1,Eastern Zone,Calcutta,KLK,Urban,Accepted by Supervisor,Submitted by Supervisor To Ds ,0,1,0
1624328305,2026-03-28,2026-04-02,,,,,0,,,,,0,,,,,,3,0,1,Eastern Zone,Burdwan,BNK,Urban,,ASSIGN TO ENUMERATOR,0,0,0
1624339205,2026-03-28,2026-04-01,,,,,0,,,,,0,,,,,,2,0,1,Eastern Zone,Burdwan,BDW,Urban,,ASSIGN TO ENUMERATOR,0,0,0
1624340205,2026-03-28,2026-04-03,,,,,0,,,,,0,,,,,,2,0,1,Eastern Zone,Burdwan,CSR,Urban,,ASSIGN TO ENUMERATOR,0,0,0
1624341205,2026-03-28,2026-04-03,,,,,0,,,,,0,,,,,,2,0,1,Eastern Zone,Burdwan,CSR,Urban,,ASSIGN TO ENUMERATOR,0,0,0
1624342205,2026-03-28,2026-04-04,,,,,0,,,,,0,,,,,,2,0,1,Eastern Zone,Calcutta,KLK,Urban,,ASSIGN TO ENUMERATOR,0,0,0
1624343205,2026-03-28,2026-04-04,,,,,0,,,,,0,,,,,,2,0,1,Eastern Zone,Calcutta,KLK,Urban,,ASSIGN TO ENUMERATOR,0,0,0
1624344205,2026-03-28,2026-04-02,2026-04-10,2026-04-11,2026-04-10,2026-04-10,1,2026-04-10,2026-04-11,2026-04-10,2026-04-10,1,2026-04-13,2026-04-13,2026-04-13,3,12,2,0,1,Eastern Zone,Calcutta,KLK,Urban,Accepted By DS SCH_0_0,Accepted By DS /AT CPG (Process) ,0,0,0
1624345205,2026-03-28,2026-04-01,2026-04-01,2026-04-01,,,0,2026-04-10,2026-04-10,,,0,2026-04-10,2026-04-10,2026-04-10,,12,2,0,1,Eastern Zone,Calcutta,KLK,Urban,Accepted By DS SCH_0_0,Accepted By DS /AT CPG (Process) ,1,0,0
1624346205,2026-03-28,2026-04-04,,,,,0,,,,,0,,,,,,2,0,1,Eastern Zone,Calcutta,KLK,Urban,,ASSIGN TO ENUMERATOR,0,0,0
1624347205,2026-03-28,2026-04-04,,,,,0,,,,,0,,,,,,2,0,1,Eastern Zone,Calcutta,KLK,Urban,,ASSIGN TO ENUMERATOR,0,0,0
1624348205,2026-03-28,2026-04-04,,,,,0,,,,,0,,,,,,2,0,1,Eastern Zone,Calcutta,KLK,Urban,,ASSIGN TO ENUMERATOR,0,0,0
1624349205,2026-03-28,2026-04-01,2026-04-07,2026-04-07,,,0,2026-04-07,2026-04-07,,,0,2026-04-08,2026-04-08,2026-04-08,,12,2,0,1,Eastern Zone,Calcutta,KLK,Urban,Accepted By DS SCH_0_0,Accepted By DS /AT CPG (Process) ,1,0,0
1624350205,2026-03-28,2026-04-03,,,,,0,,,,,0,,,,,,2,0,1,Eastern Zone,Burdwan,CSR,Urban,,ASSIGN TO ENUMERATOR,0,0,0
1624351205,2026-03-28,2026-04-03,,,,,0,,,,,0,,,,,,2,0,1,Eastern Zone,Burdwan,CSR,Urban,,ASSIGN TO ENUMERATOR,0,0,0
1624352205,2026-03-28,2026-04-03,,,,,0,,,,,0,,,,,,2,0,1,Eastern Zone,Burdwan,CSR,Urban,,ASSIGN TO ENUMERATOR,0,0,0
1624353205,2026-03-28,2026-04-02,,,,,0,,,,,0,,,,,,2,0,1,Eastern Zone,Burdwan,BNK,Urban,,ASSIGN TO ENUMERATOR,0,0,0
1624354205,2026-03-28,2026-04-04,,,,,0,,,,,0,,,,,,2,0,1,Eastern Zone,Calcutta,HWH,Urban,,ASSIGN TO ENUMERATOR,0,0,0
1624355205,2026-03-28,2026-04-04,,,,,0,,,,,0,,,,,,2,0,1,Eastern Zone,Calcutta,HWH,Urban,,ASSIGN TO ENUMERATOR,0,0,0
1624356205,2026-03-28,2026-04-04,,,,,0,,,,,0,,,,,,2,0,1,Eastern Zone,Calcutta,KLK,Urban,,ASSIGN TO ENUMERATOR,0,0,0
1624357205,2026-03-28,2026-04-01,,,,,0,,,,,0,,,,,,2,0,1,Eastern Zone,Calcutta,KLK,Urban,,ASSIGN TO ENUMERATOR,0,0,0
1624358205,2026-03-28,2026-04-04,2026-04-10,2026-04-10,2026-04-10,2026-04-10,1,,,,,0,,,2026-04-10,1,12,2,0,1,Eastern Zone,Calcutta,KLK,Urban,Submitted by Enumerator,SUBMITTED BY ENUMERATOR,0,0,0
1624359205,2026-03-28,2026-04-08,2026-04-09,2026-04-09,2026-04-12,2026-04-12,1,,,,,0,,,2026-04-12,1,12,2,0,1,Eastern Zone,Burdwan,MDN,Urban,Returned by Supervisor,RETURN BACK TO ENUMERATOR,0,0,0
1624360205,2026-03-28,2026-04-08,,,,,0,,,,,0,,,,,,2,0,1,Eastern Zone,Burdwan,MDN,Urban,,ASSIGN TO ENUMERATOR,0,0,0
1624361205,2026-03-28,2026-04-01,2026-04-11,2026-04-11,,,0,2026-04-12,2026-04-12,,,0,,,2026-04-12,,12,2,0,1,Eastern Zone,Burdwan,BDW,Urban,Accepted by Supervisor,Submitted by Supervisor To Ds ,0,1,0
1624362205,2026-03-28,2026-04-01,2026-04-12,2026-04-12,,,0,,,,,0,,,2026-04-12,,12,2,0,1,Eastern Zone,Burdwan,BDW,Urban,Submitted by Enumerator,SUBMITTED BY ENUMERATOR,0,0,0
1624363205,2026-03-28,2026-04-01,,,,,0,,,,,0,,,,,,2,0,1,Eastern Zone,Burdwan,BDW,Urban,,ASSIGN TO ENUMERATOR,0,0,0
1624364205,2026-03-28,2026-04-04,2026-04-12,2026-04-12,,,0,,,,,0,,,2026-04-12,,12,2,0,1,Eastern Zone,Calcutta,HWH,Urban,Submitted by Enumerator,SUBMITTED BY ENUMERATOR,0,0,0
1624365205,2026-03-28,2026-04-04,2026-04-09,2026-04-09,,,0,2026-04-10,2026-04-10,,,0,2026-04-10,2026-04-10,2026-04-10,2,12,2,0,1,Eastern Zone,Calcutta,KLK,Urban,Accepted By DS SCH_0_0,Accepted By DS /AT CPG (Process) ,1,0,0
1624366205,2026-03-28,2026-04-04,,,,,0,,,,,0,,,,,,2,0,1,Eastern Zone,Calcutta,KLK,Urban,,ASSIGN TO ENUMERATOR,0,0,0
1624367205,2026-03-28,2026-04-04,,,,,0,,,,,0,,,,,,2,0,1,Eastern Zone,Calcutta,KLK,Urban,,ASSIGN TO ENUMERATOR,0,0,0
1624368205,2026-03-28,2026-04-04,,,,,0,,,,,0,,,,,,2,0,1,Eastern Zone,Calcutta,KLK,Urban,,ASSIGN TO ENUMERATOR,0,0,0
1624369205,2026-03-28,2026-04-02,,,,,0,,,,,0,,,,,,2,0,1,Eastern Zone,Burdwan,BNK,Urban,,ASSIGN TO ENUMERATOR,0,0,0
1624380105,2026-03-28,2026-04-02,,,,,0,,,,,0,,,,,,1,1,0,Eastern Zone,Burdwan,BDW,Urban,,ASSIGN TO ENUMERATOR,0,0,0
1624381105,2026-03-28,2026-04-03,,,,,0,,,,,0,,,2026-04-13,,1,1,1,0,Eastern Zone,Burdwan,CSR,Urban,Submitted by Enumerator,ASSIGN TO ENUMERATOR,0,0,0
1624382105,2026-03-28,2026-04-10,,,,,0,,,,,0,,,,,,1,1,0,Eastern Zone,Burdwan,CSR,Urban,,ASSIGN TO ENUMERATOR,0,0,0
1624383105,2026-03-28,2026-04-04,,,,,0,,,,,0,,,,,,1,1,0,Eastern Zone,Calcutta,KLK,Urban,,ASSIGN TO ENUMERATOR,0,0,0
1624384105,2026-03-28,2026-04-04,,,,,0,,,,,0,,,,,,1,1,0,Eastern Zone,Calcutta,KLK,Urban,,ASSIGN TO ENUMERATOR,0,0,0
1624385105,2026-03-28,2026-04-04,,,,,0,,,,,0,,,,,,1,1,0,Eastern Zone,Calcutta,KLK,Urban,,ASSIGN TO ENUMERATOR,0,0,0
1624386105,2026-03-28,2026-04-04,,,,,0,,,,,0,,,,,,1,1,0,Eastern Zone,Calcutta,KLK,Urban,,ASSIGN TO ENUMERATOR,0,0,0
1624387105,2026-03-28,2026-04-04,,,,,0,,,,,0,,,,,,1,1,0,Eastern Zone,Calcutta,KLK,Urban,,ASSIGN TO ENUMERATOR,0,0,0
1624388105,2026-03-28,2026-04-04,,,,,0,,,,,0,,,2026-04-12,4,1,1,1,0,Eastern Zone,Calcutta,KLK,Urban,Submitted by Enumerator,ASSIGN TO ENUMERATOR,0,0,0
1624389105,2026-03-28,2026-04-04,,,,,0,,,,,0,,,,,,1,1,0,Eastern Zone,Calcutta,KLK,Urban,,ASSIGN TO ENUMERATOR,0,0,0
1624390105,2026-03-28,2026-04-04,,,,,0,,,,,0,,,,,,1,1,0,Eastern Zone,Calcutta,KLK,Urban,,ASSIGN TO ENUMERATOR,0,0,0
1624391105,2026-03-28,2026-04-07,,,,,0,,,,,0,,,,,,1,1,0,Eastern Zone,Burdwan,CSR,Urban,,ASSIGN TO ENUMERATOR,0,0,0
1624392105,2026-03-28,2026-04-10,,,,,0,,,,,0,,,,,,1,1,0,Eastern Zone,Burdwan,CSR,Urban,,ASSIGN TO ENUMERATOR,0,0,0
1624393105,2026-03-28,2026-04-10,,,,,0,,,,,0,,,,,,1,1,0,Eastern Zone,Burdwan,CSR,Urban,,ASSIGN TO ENUMERATOR,0,0,0
1624394105,2026-03-28,2026-04-02,,,,,0,,,,,0,,,,,,1,1,0,Eastern Zone,Burdwan,BNK,Urban,,ASSIGN TO ENUMERATOR,0,0,0
1624395105,2026-03-28,2026-04-04,,,,,0,,,,,0,,,,,,1,1,0,Eastern Zone,Calcutta,HWH,Urban,,ASSIGN TO ENUMERATOR,0,0,0
1624396105,2026-03-28,2026-04-04,,,,,0,,,,,0,,,,,,1,1,0,Eastern Zone,Calcutta,HWH,Urban,,ASSIGN TO ENUMERATOR,0,0,0
1624397105,2026-03-28,2026-04-04,,,,,0,,,,,0,,,,,,1,1,0,Eastern Zone,Calcutta,KLK,Urban,,ASSIGN TO ENUMERATOR,0,0,0
1624398105,2026-03-28,2026-04-04,,,,,0,,,,,0,,,,,,1,1,0,Eastern Zone,Calcutta,KLK,Urban,,ASSIGN TO ENUMERATOR,0,0,0
1624399105,2026-03-28,2026-04-04,,,,,0,,,,,0,,,,,,1,1,0,Eastern Zone,Calcutta,KLK,Urban,,ASSIGN TO ENUMERATOR,0,0,0
1624400105,2026-03-28,2026-04-01,,,,,0,,,,,0,,,,,,1,1,0,Eastern Zone,Burdwan,MDN,Urban,,ASSIGN TO ENUMERATOR,0,0,0
1624401105,2026-03-28,2026-04-12,,,,,0,,,,,0,,,,,,1,1,0,Eastern Zone,Burdwan,MDN,Urban,,ASSIGN TO ENUMERATOR,0,0,0
1624402105,2026-03-28,2026-04-01,,,,,0,,,,,0,,,,,,1,1,0,Eastern Zone,Burdwan,BDW,Urban,,ASSIGN TO ENUMERATOR,0,0,0
1624403105,2026-03-28,2026-04-01,,,,,0,,,,,0,,,,,,1,1,0,Eastern Zone,Burdwan,BDW,Urban,,ASSIGN TO ENUMERATOR,0,0,0
1624404105,2026-03-28,2026-04-02,,,,,0,,,,,0,,,,,,1,1,0,Eastern Zone,Burdwan,BDW,Urban,,ASSIGN TO ENUMERATOR,0,0,0
1624405105,2026-03-28,2026-04-04,,,,,0,,,,,0,,,,,,1,1,0,Eastern Zone,Calcutta,HWH,Urban,,ASSIGN TO ENUMERATOR,0,0,0
1624406105,2026-03-28,2026-04-04,,,,,0,,,,,0,,,,,,1,1,0,Eastern Zone,Calcutta,KLK,Urban,,ASSIGN TO ENUMERATOR,0,0,0
1624407105,2026-03-28,2026-04-04,,,,,0,,,,,0,,,,,,1,1,0,Eastern Zone,Calcutta,KLK,Urban,,ASSIGN TO ENUMERATOR,0,0,0
1624408105,2026-03-28,2026-04-04,,,,,0,,,,,0,,,,,,1,1,0,Eastern Zone,Calcutta,KLK,Urban,,ASSIGN TO ENUMERATOR,0,0,0
1624409105,2026-03-28,2026-04-04,,,,,0,,,,,0,,,,,,1,1,0,Eastern Zone,Calcutta,KLK,Urban,,ASSIGN TO ENUMERATOR,0,0,0
1624410105,2026-03-28,2026-04-02,,,,,0,,,,,0,,,,,,1,1,0,Eastern Zone,Burdwan,BNK,Urban,,ASSIGN TO ENUMERATOR,0,0,0
1625033405,2026-03-28,2026-03-31,,,,,0,,,,,0,,,,,,4,0,1,Eastern Zone,Bhubeneswar,BRD,Urban,,ASSIGN TO ENUMERATOR,0,0,0
1625034405,2026-03-28,2026-03-31,,,,,0,,,,,0,,,,,,4,0,1,Eastern Zone,Bhubeneswar,BRD,Urban,,ASSIGN TO ENUMERATOR,0,0,0
1625035405,2026-03-28,2026-03-31,,,,,0,,,,,0,,,,,,4,0,1,Eastern Zone,Bhubeneswar,BRD,Urban,,ASSIGN TO ENUMERATOR,0,0,0
1625036405,2026-03-28,2026-04-01,2026-04-04,2026-04-04,,,0,2026-04-04,2026-04-04,,,0,2026-04-06,2026-04-06,2026-04-06,,12,4,0,1,Eastern Zone,Bhubeneswar,CTC,Urban,Accepted By DS SCH_0_0,Accepted By DS /AT CPG (Process) ,1,0,0
1625037405,2026-03-28,2026-04-01,,,,,0,,,,,0,,,,,,4,0,1,Eastern Zone,Bhubeneswar,CTC,Urban,,ASSIGN TO ENUMERATOR,0,0,0
1625038405,2026-03-28,2026-04-01,2026-04-03,2026-04-03,,,0,2026-04-03,2026-04-03,,,0,2026-04-08,2026-04-08,2026-04-08,1,12,4,0,1,Eastern Zone,Bhubeneswar,CTC,Urban,Accepted By DS SCH_0_0,Accepted By DS /AT CPG (Process) ,1,0,0
1625039405,2026-03-28,2026-04-01,2026-04-03,2026-04-04,2026-04-04,2026-04-04,1,2026-04-04,2026-04-04,,,0,2026-04-07,2026-04-07,2026-04-07,2,12,4,0,1,Eastern Zone,Bhubeneswar,CTC,Urban,Accepted By DS SCH_0_0,Accepted By DS /AT CPG (Process) ,0,0,0
1625040405,2026-03-28,2026-04-01,,,,,0,,,,,0,,,,,,4,0,1,Eastern Zone,Bhubeneswar,CTC,Urban,,ASSIGN TO ENUMERATOR,0,0,0
1625041405,2026-03-28,2026-04-01,,,,,0,,,,,0,,,,,,4,0,1,Eastern Zone,Bhubeneswar,CTC,Urban,,ASSIGN TO ENUMERATOR,0,0,0
1625042405,2026-03-28,2026-04-01,,,,,0,,,,,0,,,,,,4,0,1,Eastern Zone,Bhubeneswar,CTC,Urban,,ASSIGN TO ENUMERATOR,0,0,0
1625043405,2026-03-28,2026-03-31,,,,,0,,,,,0,,,,,,4,0,1,Eastern Zone,Bhubeneswar,BBS,Urban,,ASSIGN TO ENUMERATOR,0,0,0
1625044405,2026-03-28,2026-03-31,,,,,0,,,,,0,,,,,,4,0,1,Eastern Zone,Bhubeneswar,BBS,Urban,,ASSIGN TO ENUMERATOR,0,0,0
1625045405,2026-03-28,2026-03-31,,,,,0,,,,,0,,,,,,4,0,1,Eastern Zone,Bhubeneswar,BBS,Urban,,ASSIGN TO ENUMERATOR,0,0,0
1625046405,2026-03-28,2026-03-30,,,,,0,,,,,0,,,,,,4,0,1,Eastern Zone,Bhubeneswar,BHP,Urban,,ASSIGN TO ENUMERATOR,0,0,0
1625053405,2026-03-28,2026-03-31,2026-04-10,2026-04-10,,,0,2026-04-13,2026-04-13,,,0,,,2026-04-13,,12,4,0,1,Eastern Zone,Bhubeneswar,BBS,Urban,Accepted by Supervisor,Submitted by Supervisor To Ds ,0,1,0
1625060305,2026-03-28,2026-03-31,,,,,0,,,,,0,,,,,,3,0,1,Eastern Zone,Bhubeneswar,BRD,Urban,,ASSIGN TO ENUMERATOR,0,0,0
1625061305,2026-03-28,2026-03-31,,,,,0,,,,,0,,,,,,3,0,1,Eastern Zone,Bhubeneswar,BRD,Urban,,ASSIGN TO ENUMERATOR,0,0,0
1625062305,2026-03-28,2026-03-31,2026-04-04,2026-04-10,2026-04-10,2026-04-10,1,2026-04-05,2026-04-10,2026-04-08,2026-04-08,1,2026-04-13,2026-04-13,2026-04-13,2,12,3,0,1,Eastern Zone,Bhubeneswar,BRD,Urban,Accepted By DS SCH_0_0,Accepted By DS /AT CPG (Process) ,0,0,0
1625063305,2026-03-28,2026-04-01,2026-04-03,2026-04-03,,,0,2026-04-03,2026-04-03,,,0,2026-04-07,2026-04-07,2026-04-07,1,12,3,0,1,Eastern Zone,Bhubeneswar,CTC,Urban,Accepted By DS SCH_0_0,Accepted By DS /AT CPG (Process) ,1,0,0
1625064305,2026-03-28,2026-04-01,,,,,0,,,,,0,,,,,,3,0,1,Eastern Zone,Bhubeneswar,CTC,Urban,,ASSIGN TO ENUMERATOR,0,0,0
1625065305,2026-03-28,2026-04-01,,,,,0,,,,,0,,,,,,3,0,1,Eastern Zone,Bhubeneswar,CTC,Urban,,ASSIGN TO ENUMERATOR,0,0,0
1625066305,2026-03-28,2026-04-01,,,,,0,,,,,0,,,,,,3,0,1,Eastern Zone,Bhubeneswar,CTC,Urban,,ASSIGN TO ENUMERATOR,0,0,0
1625067305,2026-03-28,2026-04-01,2026-04-10,2026-04-10,2026-04-10,2026-04-10,1,2026-04-11,2026-04-11,,,0,2026-04-13,2026-04-13,2026-04-13,1,12,3,0,1,Eastern Zone,Bhubeneswar,CTC,Urban,Accepted By DS SCH_0_0,Accepted By DS /AT CPG (Process) ,0,0,0
1625068305,2026-03-28,2026-04-01,,,,,0,,,,,0,,,,,,3,0,1,Eastern Zone,Bhubeneswar,CTC,Urban,,ASSIGN TO ENUMERATOR,0,0,0
1625069305,2026-03-28,2026-04-01,,,,,0,,,,,0,,,,,,3,0,1,Eastern Zone,Bhubeneswar,CTC,Urban,,ASSIGN TO ENUMERATOR,0,0,0
1625070305,2026-03-28,2026-03-31,2026-04-08,2026-04-08,,,0,2026-04-10,2026-04-10,,,0,2026-04-10,2026-04-10,2026-04-10,,12,3,0,1,Eastern Zone,Bhubeneswar,BBS,Urban,Accepted By DS SCH_0_0,Accepted By DS /AT CPG (Process) ,1,0,0
1625071305,2026-03-28,2026-04-08,,,,,0,,,,,0,,,,,,3,0,1,Eastern Zone,Bhubeneswar,BBS,Urban,,ASSIGN TO ENUMERATOR,0,0,0
1625072305,2026-03-28,2026-03-31,,,,,0,,,,,0,,,,,,3,0,1,Eastern Zone,Bhubeneswar,BBS,Urban,,ASSIGN TO ENUMERATOR,0,0,0
1625073305,2026-03-28,2026-03-30,,,,,0,,,,,0,,,,,,3,0,1,Eastern Zone,Bhubeneswar,BHP,Urban,,ASSIGN TO ENUMERATOR,0,0,0
1625080305,2026-03-28,2026-03-31,,,,,0,,,,,0,,,,,,3,0,1,Eastern Zone,Bhubeneswar,BBS,Urban,,ASSIGN TO ENUMERATOR,0,0,0
1625081305,2026-03-28,2026-03-30,,,,,0,,,,,0,,,,,,3,0,1,Eastern Zone,Bhubeneswar,BHP,Urban,,ASSIGN TO ENUMERATOR,0,0,0
1625087205,2026-03-28,2026-03-31,,,,,0,,,,,0,,,,,,2,0,1,Eastern Zone,Bhubeneswar,BRD,Urban,,ASSIGN TO ENUMERATOR,0,0,0
1625088205,2026-03-28,2026-03-31,2026-04-04,2026-04-04,,,0,2026-04-05,2026-04-05,,,0,2026-04-08,2026-04-08,2026-04-08,,12,2,0,1,Eastern Zone,Bhubeneswar,BRD,Urban,Accepted By DS SCH_0_0,Accepted By DS /AT CPG (Process) ,1,0,0
1625089205,2026-03-28,2026-03-31,2026-04-04,2026-04-04,,,0,2026-04-05,2026-04-05,,,0,,,2026-04-05,,12,2,0,1,Eastern Zone,Bhubeneswar,BRD,Urban,Accepted by Supervisor,Submitted by Supervisor To Ds ,0,1,0
1625090205,2026-03-28,2026-04-01,,,,,0,,,,,0,,,,,,2,0,1,Eastern Zone,Bhubeneswar,CTC,Urban,,ASSIGN TO ENUMERATOR,0,0,0
1625091205,2026-03-28,2026-04-01,,,,,0,,,,,0,,,,,,2,0,1,Eastern Zone,Bhubeneswar,CTC,Urban,,ASSIGN TO ENUMERATOR,0,0,0
1625092205,2026-03-28,2026-04-01,,,,,0,,,,,0,,,,,,2,0,1,Eastern Zone,Bhubeneswar,CTC,Urban,,ASSIGN TO ENUMERATOR,0,0,0
1625093205,2026-03-28,2026-04-01,,,,,0,,,,,0,,,,,,2,0,1,Eastern Zone,Bhubeneswar,CTC,Urban,,ASSIGN TO ENUMERATOR,0,0,0
1625094205,2026-03-28,2026-04-01,,,,,0,,,,,0,,,,,,2,0,1,Eastern Zone,Bhubeneswar,CTC,Urban,,ASSIGN TO ENUMERATOR,0,0,0
1625095205,2026-03-28,2026-04-01,,,,,0,,,,,0,,,,,,2,0,1,Eastern Zone,Bhubeneswar,CTC,Urban,,ASSIGN TO ENUMERATOR,0,0,0
1625096205,2026-03-28,2026-04-01,,,,,0,,,,,0,,,,,,2,0,1,Eastern Zone,Bhubeneswar,CTC,Urban,,ASSIGN TO ENUMERATOR,0,0,0
1625097205,2026-03-28,2026-03-31,,,,,0,,,,,0,,,,,,2,0,1,Eastern Zone,Bhubeneswar,BBS,Urban,,ASSIGN TO ENUMERATOR,0,0,0
1625098205,2026-03-28,2026-03-31,,,,,0,,,,,0,,,,,,2,0,1,Eastern Zone,Bhubeneswar,BBS,Urban,,ASSIGN TO ENUMERATOR,0,0,0
1625099205,2026-03-28,2026-03-31,,,,,0,,,,,0,,,,,,2,0,1,Eastern Zone,Bhubeneswar,BBS,Urban,,ASSIGN TO ENUMERATOR,0,0,0
1625100205,2026-03-28,2026-03-30,,,,,0,,,,,0,,,,,,2,0,1,Eastern Zone,Bhubeneswar,BHP,Urban,,ASSIGN TO ENUMERATOR,0,0,0
1625107205,2026-03-28,2026-03-31,,,,,0,,,,,0,,,,,,2,0,1,Eastern Zone,Bhubeneswar,BBS,Urban,,ASSIGN TO ENUMERATOR,0,0,0
1625108205,2026-03-28,2026-03-30,,,,,0,,,,,0,,,,,,2,0,1,Eastern Zone,Bhubeneswar,BHP,Urban,,ASSIGN TO ENUMERATOR,0,0,0
1625114105,2026-03-28,2026-03-31,,,,,0,,,,,0,,,,,,1,1,0,Eastern Zone,Bhubeneswar,BRD,Urban,,ASSIGN TO ENUMERATOR,0,0,0
1625115105,2026-03-28,2026-03-31,2026-04-13,2026-04-13,,,0,,,,,0,,,2026-04-13,1,12,1,1,0,Eastern Zone,Bhubeneswar,BRD,Urban,Submitted by Enumerator,SUBMITTED BY ENUMERATOR,0,0,0
1625116105,2026-03-28,2026-03-31,,,,,0,,,,,0,,,,,,1,1,0,Eastern Zone,Bhubeneswar,BRD,Urban,,ASSIGN TO ENUMERATOR,0,0,0
1625117105,2026-03-28,2026-04-01,,,,,0,,,,,0,,,,,,1,1,0,Eastern Zone,Bhubeneswar,CTC,Urban,,ASSIGN TO ENUMERATOR,0,0,0
1625118105,2026-03-28,2026-04-01,2026-04-10,2026-04-12,2026-04-11,2026-04-12,1,2026-04-13,2026-04-13,,,0,,,2026-04-13,3,12,1,1,0,Eastern Zone,Bhubeneswar,CTC,Urban,Accepted by Supervisor,Submitted by Supervisor To Ds ,0,1,0
1625119105,2026-03-28,2026-04-01,2026-04-11,2026-04-11,2026-04-13,2026-04-13,1,,,,,0,,,2026-04-13,11,12,1,1,0,Eastern Zone,Bhubeneswar,CTC,Urban,Returned by Supervisor,RETURN BACK TO ENUMERATOR,0,0,0
1625120105,2026-03-28,2026-04-01,,,,,0,,,,,0,,,,,,1,1,0,Eastern Zone,Bhubeneswar,CTC,Urban,,ASSIGN TO ENUMERATOR,0,0,0
1625121105,2026-03-28,2026-04-01,2026-04-12,2026-04-12,2026-04-13,2026-04-13,1,,,,,0,,,2026-04-13,4,12,1,1,0,Eastern Zone,Bhubeneswar,CTC,Urban,Returned by Supervisor,RETURN BACK TO ENUMERATOR,0,0,0
1625122105,2026-03-28,2026-04-01,2026-04-12,2026-04-12,,,0,,,,,0,,,2026-04-12,2,12,1,1,0,Eastern Zone,Bhubeneswar,CTC,Urban,Submitted by Enumerator,SUBMITTED BY ENUMERATOR,0,0,0
1625123105,2026-03-28,2026-04-01,2026-04-11,2026-04-13,2026-04-12,2026-04-12,1,,,,,0,,,2026-04-13,5,12,1,1,0,Eastern Zone,Bhubeneswar,CTC,Urban,Submitted by Enumerator,SUBMITTED BY ENUMERATOR,0,0,0
1625124105,2026-03-28,2026-03-31,,,,,0,,,,,0,,,,,,1,1,0,Eastern Zone,Bhubeneswar,BBS,Urban,,ASSIGN TO ENUMERATOR,0,0,0
1625125105,2026-03-28,2026-03-31,2026-04-13,2026-04-13,,,0,,,,,0,,,2026-04-13,1,12,1,1,0,Eastern Zone,Bhubeneswar,BBS,Urban,Submitted by Enumerator,SUBMITTED BY ENUMERATOR,0,0,0
1625126105,2026-03-28,2026-03-31,,,,,0,,,,,0,,,,,,1,1,0,Eastern Zone,Bhubeneswar,BBS,Urban,,ASSIGN TO ENUMERATOR,0,0,0
1625127105,2026-03-28,2026-03-30,,,,,0,,,,,0,,,,,,1,1,0,Eastern Zone,Bhubeneswar,BHP,Urban,,ASSIGN TO ENUMERATOR,0,0,0
1625134105,2026-03-28,2026-03-31,,,,,0,,,,,0,,,,,,1,1,0,Eastern Zone,Bhubeneswar,BBS,Urban,,ASSIGN TO ENUMERATOR,0,0,0
1626361405,2026-03-28,2026-04-02,,,,,0,,,,,0,,,,,,4,0,1,West Zone,Ahmedabad,SDN,Urban,,ASSIGN TO ENUMERATOR,0,0,0
1626362405,2026-03-28,2026-04-02,,,,,0,,,,,0,,,,,,4,0,1,West Zone,Ahmedabad,SDN,Urban,,ASSIGN TO ENUMERATOR,0,0,0
1626366405,2026-03-28,2026-04-02,,,,,0,,,,,0,,,,,,4,0,1,West Zone,Ahmedabad,AHM,Urban,,ASSIGN TO ENUMERATOR,0,0,0
1626367405,2026-03-28,2026-04-02,2026-04-04,2026-04-04,,,0,2026-04-07,2026-04-07,,,0,2026-04-07,2026-04-07,2026-04-07,,12,4,0,1,West Zone,Ahmedabad,SDN,Urban,Accepted By DS SCH_0_0,Accepted By DS /AT CPG (Process) ,1,0,0
1626368405,2026-03-28,2026-04-02,,,,,0,,,,,0,,,,,,4,0,1,West Zone,Ahmedabad,RJK,Urban,,ASSIGN TO ENUMERATOR,0,0,0
1626369405,2026-03-28,2026-04-01,2026-04-12,2026-04-12,,,0,2026-04-13,2026-04-13,,,0,,,2026-04-13,,12,4,0,1,West Zone,Ahmedabad,JMN,Urban,Accepted by Supervisor,Submitted by Supervisor To Ds ,0,1,0
1626370405,2026-03-28,2026-04-01,2026-04-08,2026-04-08,,,0,2026-04-08,2026-04-08,,,0,2026-04-09,2026-04-09,2026-04-09,,12,4,0,1,West Zone,Ahmedabad,JMN,Urban,Accepted By DS SCH_0_0,Accepted By DS /AT CPG (Process) ,1,0,0
1626371405,2026-03-28,2026-04-01,,,,,0,,,,,0,,,,,,4,0,1,West Zone,Ahmedabad,JMN,Urban,,ASSIGN TO ENUMERATOR,0,0,0
1626372405,2026-03-28,2026-04-02,2026-04-09,2026-04-09,,,0,,,,,0,,,2026-04-09,,12,4,0,1,West Zone,Ahmedabad,RJK,Urban,Submitted by Enumerator,SUBMITTED BY ENUMERATOR,0,0,0
1626373405,2026-03-28,2026-04-02,2026-04-11,2026-04-11,,,0,2026-04-13,2026-04-13,,,0,,,2026-04-13,,12,4,0,1,West Zone,Ahmedabad,BVN,Urban,Accepted by Supervisor,Submitted by Supervisor To Ds ,0,1,0
1626374405,2026-03-28,2026-04-02,2026-04-06,2026-04-06,,,0,2026-04-09,2026-04-09,,,0,2026-04-09,2026-04-09,2026-04-09,2,12,4,0,1,West Zone,Ahmedabad,BVN,Urban,Accepted By DS SCH_0_0,Accepted By DS /AT CPG (Process) ,1,0,0
1626375405,2026-03-28,2026-04-02,,,,,0,,,,,0,,,,,,4,0,1,West Zone,Ahmedabad,BVN,Urban,,ASSIGN TO ENUMERATOR,0,0,0
1626382405,2026-03-28,2026-04-02,,,,,0,,,,,0,,,,,,4,0,1,West Zone,Ahmedabad,RJK,Urban,,ASSIGN TO ENUMERATOR,0,0,0
1626383405,2026-03-28,2026-04-06,,,,,0,,,,,0,,,,,,4,0,1,West Zone,Ahmedabad,RJK,Urban,,ASSIGN TO ENUMERATOR,0,0,0
1626384405,2026-03-28,2026-04-02,,,,,0,,,,,0,,,,,,4,0,1,West Zone,Ahmedabad,AHM,Urban,,ASSIGN TO ENUMERATOR,0,0,0
1626385405,2026-03-28,2026-04-02,,,,,0,,,,,0,,,,,,4,0,1,West Zone,Ahmedabad,AHM,Urban,,ASSIGN TO ENUMERATOR,0,0,0
1626386405,2026-03-28,2026-04-02,,,,,0,,,,,0,,,,,,4,0,1,West Zone,Ahmedabad,AHM,Urban,,ASSIGN TO ENUMERATOR,0,0,0
1626387405,2026-03-28,2026-04-02,,,,,0,,,,,0,,,,,,4,0,1,West Zone,Ahmedabad,AHM,Urban,,ASSIGN TO ENUMERATOR,0,0,0
1626388405,2026-03-28,2026-04-02,,,,,0,,,,,0,,,,,,4,0,1,West Zone,Ahmedabad,AHM,Urban,,ASSIGN TO ENUMERATOR,0,0,0
1626389405,2026-03-28,2026-04-02,2026-04-07,2026-04-07,,,0,2026-04-07,2026-04-07,,,0,2026-04-08,2026-04-08,2026-04-08,,12,4,0,1,West Zone,Ahmedabad,AHM,Urban,Accepted By DS SCH_0_0,Accepted By DS /AT CPG (Process) ,1,0,0
1626390405,2026-03-28,2026-04-02,2026-04-06,2026-04-08,2026-04-07,2026-04-07,1,2026-04-06,2026-04-06,2026-04-07,2026-04-07,1,,,2026-04-08,3,12,4,0,1,West Zone,Ahmedabad,AHM,Urban,Accepted by Supervisor,SUBMITTED BY ENUMERATOR,0,0,1
1626391405,2026-03-28,2026-04-02,,,,,0,,,,,0,,,,,,4,0,1,West Zone,Ahmedabad,AHM,Urban,,ASSIGN TO ENUMERATOR,0,0,0
1626392405,2026-03-28,2026-04-02,2026-04-09,2026-04-09,,,0,,,,,0,,,2026-04-09,,12,4,0,1,West Zone,Ahmedabad,RJK,Urban,Submitted by Enumerator,SUBMITTED BY ENUMERATOR,0,0,0
1626393405,2026-03-28,2026-04-02,,,,,0,,,,,0,,,,,,4,0,1,West Zone,Ahmedabad,RJK,Urban,,ASSIGN TO ENUMERATOR,0,0,0
1626401405,2026-03-28,2026-04-01,2026-04-05,2026-04-05,,,0,2026-04-07,2026-04-07,,,0,2026-04-07,2026-04-07,2026-04-07,,12,4,0,1,West Zone,Ahmedabad,JMN,Urban,Accepted By DS SCH_0_0,Accepted By DS /AT CPG (Process) ,1,0,0
1626405305,2026-03-28,2026-04-02,,,,,0,,,,,0,,,,,,3,0,1,West Zone,Ahmedabad,SDN,Urban,,ASSIGN TO ENUMERATOR,0,0,0
1626406305,2026-03-28,2026-04-02,,,,,0,,,,,0,,,,,,3,0,1,West Zone,Ahmedabad,SDN,Urban,,ASSIGN TO ENUMERATOR,0,0,0
1626410305,2026-03-28,2026-04-02,2026-04-10,2026-04-10,,,0,,,,,0,,,2026-04-10,,12,3,0,1,West Zone,Ahmedabad,AHM,Urban,Submitted by Enumerator,SUBMITTED BY ENUMERATOR,0,0,0
1626411305,2026-03-28,2026-04-04,2026-04-07,2026-04-07,,,0,2026-04-07,2026-04-07,,,0,2026-04-08,2026-04-08,2026-04-08,6,12,3,0,1,West Zone,Ahmedabad,SDN,Urban,Accepted By DS SCH_0_0,Accepted By DS /AT CPG (Process) ,1,0,0
1626412305,2026-03-28,2026-04-02,,,,,0,,,,,0,,,,,,3,0,1,West Zone,Ahmedabad,RJK,Urban,,ASSIGN TO ENUMERATOR,0,0,0
1626413305,2026-03-28,2026-04-01,2026-04-04,2026-04-07,2026-04-07,2026-04-07,1,2026-04-07,2026-04-07,2026-04-07,2026-04-07,1,2026-04-07,2026-04-07,2026-04-07,5,12,3,0,1,West Zone,Ahmedabad,JMN,Urban,Accepted By DS SCH_0_0,Accepted By DS /AT CPG (Process) ,0,0,0
1626414305,2026-03-28,2026-04-01,2026-04-04,2026-04-04,,,0,2026-04-07,2026-04-07,,,0,2026-04-07,2026-04-07,2026-04-07,,12,3,0,1,West Zone,Ahmedabad,JMN,Urban,Accepted By DS SCH_0_0,Accepted By DS /AT CPG (Process) ,1,0,0
1626415305,2026-03-28,2026-04-01,,,,,0,,,,,0,,,,,,3,0,1,West Zone,Ahmedabad,JMN,Urban,,ASSIGN TO ENUMERATOR,0,0,0
1626416305,2026-03-28,2026-04-02,,,,,0,,,,,0,,,,,,3,0,1,West Zone,Ahmedabad,RJK,Urban,,ASSIGN TO ENUMERATOR,0,0,0
1626417305,2026-03-28,2026-04-02,2026-04-11,2026-04-11,,,0,2026-04-13,2026-04-13,,,0,,,2026-04-13,,12,3,0,1,West Zone,Ahmedabad,BVN,Urban,Accepted by Supervisor,Submitted by Supervisor To Ds ,0,1,0
1626418305,2026-03-28,2026-04-02,2026-04-06,2026-04-10,2026-04-09,2026-04-10,1,2026-04-09,2026-04-13,2026-04-09,2026-04-09,1,,,2026-04-13,2,12,3,0,1,West Zone,Ahmedabad,BVN,Urban,Accepted by Supervisor,Submitted by Supervisor To Ds ,0,0,1
1626419305,2026-03-28,2026-04-02,,,,,0,,,,,0,,,,,,3,0,1,West Zone,Ahmedabad,BVN,Urban,,ASSIGN TO ENUMERATOR,0,0,0
1626426305,2026-03-28,2026-04-02,,,,,0,,,,,0,,,,,,3,0,1,West Zone,Ahmedabad,RJK,Urban,,ASSIGN TO ENUMERATOR,0,0,0
1626427305,2026-03-28,2026-04-06,2026-04-08,2026-04-08,,,0,,,,,0,,,2026-04-08,,12,3,0,1,West Zone,Ahmedabad,RJK,Urban,Submitted by Enumerator,SUBMITTED BY ENUMERATOR,0,0,0
1626428305,2026-03-28,2026-04-02,,,,,0,,,,,0,,,,,,3,0,1,West Zone,Ahmedabad,AHM,Urban,,ASSIGN TO ENUMERATOR,0,0,0
1626429305,2026-03-28,2026-04-02,2026-04-04,2026-04-04,,,0,2026-04-04,2026-04-04,,,0,2026-04-06,2026-04-06,2026-04-06,,12,3,0,1,West Zone,Ahmedabad,AHM,Urban,Accepted By DS SCH_0_0,Accepted By DS /AT CPG (Process) ,1,0,0
1626430305,2026-03-28,2026-04-02,,,,,0,,,,,0,,,,,,3,0,1,West Zone,Ahmedabad,AHM,Urban,,ASSIGN TO ENUMERATOR,0,0,0
1626431305,2026-03-28,2026-04-02,2026-04-12,2026-04-12,,,0,2026-04-12,2026-04-12,,,0,2026-04-13,2026-04-13,2026-04-13,,12,3,0,1,West Zone,Ahmedabad,AHM,Urban,Accepted By DS SCH_0_0,Accepted By DS /AT CPG (Process) ,1,0,0
1626432305,2026-03-28,2026-04-02,,,,,0,,,,,0,,,,,,3,0,1,West Zone,Ahmedabad,AHM,Urban,,ASSIGN TO ENUMERATOR,0,0,0
1626433305,2026-03-28,2026-04-02,,,,,0,,,,,0,,,,,,3,0,1,West Zone,Ahmedabad,AHM,Urban,,ASSIGN TO ENUMERATOR,0,0,0
1626434305,2026-03-28,2026-04-02,2026-04-08,2026-04-08,2026-04-09,2026-04-09,1,2026-04-08,2026-04-08,2026-04-09,2026-04-09,1,,,2026-04-09,6,12,3,0,1,West Zone,Ahmedabad,AHM,Urban,Accepted by Supervisor,RETURN BACK TO ENUMERATOR,0,0,1
1626435305,2026-03-28,2026-04-02,2026-04-07,2026-04-07,,,0,2026-04-09,2026-04-09,,,0,2026-04-10,2026-04-10,2026-04-10,,12,3,0,1,West Zone,Ahmedabad,AHM,Urban,Accepted By DS SCH_0_0,Accepted By DS /AT CPG (Process) ,1,0,0
1626436305,2026-03-28,2026-04-02,,,,,0,,,,,0,,,,,,3,0,1,West Zone,Ahmedabad,RJK,Urban,,ASSIGN TO ENUMERATOR,0,0,0
1626437305,2026-03-28,2026-04-02,,,,,0,,,,,0,,,,,,3,0,1,West Zone,Ahmedabad,RJK,Urban,,ASSIGN TO ENUMERATOR,0,0,0
1626445305,2026-03-28,2026-04-01,,,,,0,,,,,0,,,,,,3,0,1,West Zone,Ahmedabad,JMN,Urban,,ASSIGN TO ENUMERATOR,0,0,0
1626449205,2026-03-28,2026-04-02,,,,,0,,,,,0,,,,,,2,0,1,West Zone,Ahmedabad,SDN,Urban,,ASSIGN TO ENUMERATOR,0,0,0
1626450205,2026-03-28,2026-04-02,2026-04-11,2026-04-11,,,0,2026-04-11,2026-04-11,,,0,,,2026-04-11,,12,2,0,1,West Zone,Ahmedabad,SDN,Urban,Accepted by Supervisor,Submitted by Supervisor To Ds ,0,1,0
1626454205,2026-03-28,2026-04-02,,,,,0,,,,,0,,,,,,2,0,1,West Zone,Ahmedabad,AHM,Urban,,ASSIGN TO ENUMERATOR,0,0,0
1626455205,2026-03-28,2026-04-02,2026-04-03,2026-04-03,,,0,2026-04-07,2026-04-07,,,0,2026-04-07,2026-04-07,2026-04-07,,12,2,0,1,West Zone,Ahmedabad,SDN,Urban,Accepted By DS SCH_0_0,Accepted By DS /AT CPG (Process) ,1,0,0
1626456205,2026-03-28,2026-04-02,,,,,0,,,,,0,,,,,,2,0,1,West Zone,Ahmedabad,RJK,Urban,,ASSIGN TO ENUMERATOR,0,0,0
1626457205,2026-03-28,2026-04-01,2026-04-09,2026-04-09,,,0,2026-04-09,2026-04-09,,,0,2026-04-09,2026-04-09,2026-04-09,,12,2,0,1,West Zone,Ahmedabad,JMN,Urban,Accepted By DS SCH_0_0,Accepted By DS /AT CPG (Process) ,1,0,0
1626458205,2026-03-28,2026-04-01,2026-04-11,2026-04-11,,,0,2026-04-13,2026-04-13,,,0,,,2026-04-13,,12,2,0,1,West Zone,Ahmedabad,JMN,Urban,Accepted by Supervisor,Submitted by Supervisor To Ds ,0,1,0
1626459205,2026-03-28,2026-04-01,,,,,0,,,,,0,,,,,,2,0,1,West Zone,Ahmedabad,JMN,Urban,,ASSIGN TO ENUMERATOR,0,0,0
1626460205,2026-03-28,2026-04-02,,,,,0,,,,,0,,,,,,2,0,1,West Zone,Ahmedabad,RJK,Urban,,ASSIGN TO ENUMERATOR,0,0,0
1626461205,2026-03-28,2026-04-02,,,,,0,,,,,0,,,,,,2,0,1,West Zone,Ahmedabad,BVN,Urban,,ASSIGN TO ENUMERATOR,0,0,0
1626462205,2026-03-28,2026-04-02,2026-04-12,2026-04-12,,,0,2026-04-13,2026-04-13,,,0,,,2026-04-13,,12,2,0,1,West Zone,Ahmedabad,BVN,Urban,Accepted by Supervisor,Submitted by Supervisor To Ds ,0,1,0
1626463205,2026-03-28,2026-04-02,,,,,0,,,,,0,,,,,,2,0,1,West Zone,Ahmedabad,BVN,Urban,,ASSIGN TO ENUMERATOR,0,0,0
1626470205,2026-03-28,2026-04-02,2026-04-12,2026-04-12,,,0,,,,,0,,,2026-04-12,,12,2,0,1,West Zone,Ahmedabad,RJK,Urban,Submitted by Enumerator,SUBMITTED BY ENUMERATOR,0,0,0
1626471205,2026-03-28,2026-04-02,2026-04-07,2026-04-07,,,0,,,,,0,,,2026-04-07,,12,2,0,1,West Zone,Ahmedabad,RJK,Urban,Submitted by Enumerator,SUBMITTED BY ENUMERATOR,0,0,0
1626472205,2026-03-28,2026-04-02,2026-04-07,2026-04-07,,,0,2026-04-09,2026-04-09,,,0,2026-04-09,2026-04-09,2026-04-09,,12,2,0,1,West Zone,Ahmedabad,AHM,Urban,Accepted By DS SCH_0_0,Accepted By DS /AT CPG (Process) ,1,0,0
1626473205,2026-03-28,2026-04-02,2026-04-09,2026-04-09,,,0,,,,,0,,,2026-04-09,5,12,2,0,1,West Zone,Ahmedabad,AHM,Urban,Submitted by Enumerator,SUBMITTED BY ENUMERATOR,0,0,0
1626474205,2026-03-28,2026-04-02,,,,,0,,,,,0,,,,,,2,0,1,West Zone,Ahmedabad,AHM,Urban,,ASSIGN TO ENUMERATOR,0,0,0
1626475205,2026-03-28,2026-04-02,,,,,0,,,,,0,,,,,,2,0,1,West Zone,Ahmedabad,AHM,Urban,,ASSIGN TO ENUMERATOR,0,0,0
1626476205,2026-03-28,2026-04-02,,,,,0,,,,,0,,,,,,2,0,1,West Zone,Ahmedabad,AHM,Urban,,ASSIGN TO ENUMERATOR,0,0,0
1626477205,2026-03-28,2026-04-02,,,,,0,,,,,0,,,,,,2,0,1,West Zone,Ahmedabad,AHM,Urban,,ASSIGN TO ENUMERATOR,0,0,0
1626478205,2026-03-28,2026-04-02,,,,,0,,,,,0,,,,,,2,0,1,West Zone,Ahmedabad,AHM,Urban,,ASSIGN TO ENUMERATOR,0,0,0
1626479205,2026-03-28,2026-04-02,,,,,0,,,,,0,,,,,,2,0,1,West Zone,Ahmedabad,AHM,Urban,,ASSIGN TO ENUMERATOR,0,0,0
1626480205,2026-03-28,2026-04-02,2026-04-11,2026-04-11,,,0,,,,,0,,,2026-04-11,,12,2,0,1,West Zone,Ahmedabad,RJK,Urban,Submitted by Enumerator,SUBMITTED BY ENUMERATOR,0,0,0
1626481205,2026-03-28,2026-04-02,,,,,0,,,,,0,,,,,,2,0,1,West Zone,Ahmedabad,RJK,Urban,,ASSIGN TO ENUMERATOR,0,0,0
1626489205,2026-03-28,2026-04-01,,,,,0,,,,,0,,,,,,2,0,1,West Zone,Ahmedabad,JMN,Urban,,ASSIGN TO ENUMERATOR,0,0,0
1626493105,2026-03-28,2026-04-02,,,,,0,,,,,0,,,,,,1,1,0,West Zone,Ahmedabad,SDN,Urban,,ASSIGN TO ENUMERATOR,0,0,0
1626494105,2026-03-28,2026-04-02,,,,,0,,,,,0,,,,,,1,1,0,West Zone,Ahmedabad,SDN,Urban,,ASSIGN TO ENUMERATOR,0,0,0
1626498105,2026-03-28,2026-04-02,,,,,0,,,,,0,,,,,,1,1,0,West Zone,Ahmedabad,AHM,Urban,,ASSIGN TO ENUMERATOR,0,0,0
1626499105,2026-03-28,2026-04-02,,,,,0,,,,,0,,,,,,1,1,0,West Zone,Ahmedabad,SDN,Urban,,ASSIGN TO ENUMERATOR,0,0,0
1626500105,2026-03-28,2026-04-02,2026-04-13,2026-04-13,,,0,,,,,0,,,2026-04-13,1,12,1,1,0,West Zone,Ahmedabad,RJK,Urban,Submitted by Enumerator,SUBMITTED BY ENUMERATOR,0,0,0
1626501105,2026-03-28,2026-04-01,,,,,0,,,,,0,,,,,,1,1,0,West Zone,Ahmedabad,JMN,Urban,,ASSIGN TO ENUMERATOR,0,0,0
1626502105,2026-03-28,2026-04-13,,,,,0,,,,,0,,,,,,1,1,0,West Zone,Ahmedabad,JMN,Urban,,ASSIGN TO ENUMERATOR,0,0,0
1626503105,2026-03-28,2026-04-01,,,,,0,,,,,0,,,,,,1,1,0,West Zone,Ahmedabad,JMN,Urban,,ASSIGN TO ENUMERATOR,0,0,0
1626504105,2026-03-28,2026-04-06,2026-04-10,2026-04-10,,,0,,,,,0,,,2026-04-10,1,12,1,1,0,West Zone,Ahmedabad,RJK,Urban,Submitted by Enumerator,SUBMITTED BY ENUMERATOR,0,0,0
1626505105,2026-03-28,2026-04-02,,,,,0,,,,,0,,,,,,1,1,0,West Zone,Ahmedabad,BVN,Urban,,ASSIGN TO ENUMERATOR,0,0,0
1626506105,2026-03-28,2026-04-02,,,,,0,,,,,0,,,,,,1,1,0,West Zone,Ahmedabad,BVN,Urban,,ASSIGN TO ENUMERATOR,0,0,0
1626507105,2026-03-28,2026-04-02,,,,,0,,,,,0,,,,,,1,1,0,West Zone,Ahmedabad,BVN,Urban,,ASSIGN TO ENUMERATOR,0,0,0
1626514105,2026-03-28,2026-04-02,2026-04-10,2026-04-10,,,0,,,,,0,,,2026-04-10,3,12,1,1,0,West Zone,Ahmedabad,RJK,Urban,Submitted by Enumerator,SUBMITTED BY ENUMERATOR,0,0,0
1626515105,2026-03-28,2026-04-02,,,,,0,,,,,0,,,,,,1,1,0,West Zone,Ahmedabad,RJK,Urban,,ASSIGN TO ENUMERATOR,0,0,0
1626516105,2026-03-28,2026-04-02,2026-04-11,2026-04-11,,,0,,,,,0,,,2026-04-11,,12,1,1,0,West Zone,Ahmedabad,AHM,Urban,Submitted by Enumerator,SUBMITTED BY ENUMERATOR,0,0,0
1626517105,2026-03-28,2026-04-02,,,,,0,,,,,0,,,,,,1,1,0,West Zone,Ahmedabad,AHM,Urban,,ASSIGN TO ENUMERATOR,0,0,0
1626518105,2026-03-28,2026-04-02,,,,,0,,,,,0,,,,,,1,1,0,West Zone,Ahmedabad,AHM,Urban,,ASSIGN TO ENUMERATOR,0,0,0
1626519105,2026-03-28,2026-04-02,,,,,0,,,,,0,,,,,,1,1,0,West Zone,Ahmedabad,AHM,Urban,,ASSIGN TO ENUMERATOR,0,0,0
1626520105,2026-03-28,2026-04-02,,,,,0,,,,,0,,,,,,1,1,0,West Zone,Ahmedabad,AHM,Urban,,ASSIGN TO ENUMERATOR,0,0,0
1626521105,2026-03-28,2026-04-02,,,,,0,,,,,0,,,,,,1,1,0,West Zone,Ahmedabad,AHM,Urban,,ASSIGN TO ENUMERATOR,0,0,0
1626522105,2026-03-28,2026-04-02,,,,,0,,,,,0,,,,,,1,1,0,West Zone,Ahmedabad,AHM,Urban,,ASSIGN TO ENUMERATOR,0,0,0
1626523105,2026-03-28,2026-04-02,,,,,0,,,,,0,,,,,,1,1,0,West Zone,Ahmedabad,AHM,Urban,,ASSIGN TO ENUMERATOR,0,0,0
1626524105,2026-03-28,2026-04-02,,,,,0,,,,,0,,,,,,1,1,0,West Zone,Ahmedabad,RJK,Urban,,ASSIGN TO ENUMERATOR,0,0,0
1626525105,2026-03-28,2026-04-02,,,,,0,,,,,0,,,,,,1,1,0,West Zone,Ahmedabad,RJK,Urban,,ASSIGN TO ENUMERATOR,0,0,0
1626533105,2026-03-28,2026-04-02,,,,,0,,,,,0,,,,,,1,1,0,West Zone,Ahmedabad,BVN,Urban,,ASSIGN TO ENUMERATOR,0,0,0
1626913405,2026-03-28,2026-04-05,2026-04-09,2026-04-09,,,0,2026-04-10,2026-04-10,,,0,2026-04-10,2026-04-10,2026-04-10,,12,4,0,1,West Zone,Aurangabad,JLG,Urban,Accepted By DS SCH_0_0,Accepted By DS /AT CPG (Process) ,1,0,0
1626914405,2026-03-28,2026-04-05,,,,,0,,,,,0,,,,,,4,0,1,West Zone,Aurangabad,JLG,Urban,,ASSIGN TO ENUMERATOR,0,0,0
1626915405,2026-03-28,2026-04-05,,,,,0,,,,,0,,,,,,4,0,1,West Zone,Aurangabad,JLG,Urban,,ASSIGN TO ENUMERATOR,0,0,0
1626924405,2026-03-28,2026-04-01,,,,,0,,,,,0,,,,,,4,0,1,West Zone,Aurangabad,NND,Urban,,ASSIGN TO ENUMERATOR,0,0,0
1626925405,2026-03-28,2026-04-01,2026-04-04,2026-04-04,,,0,2026-04-04,2026-04-04,,,0,2026-04-06,2026-04-06,2026-04-06,,12,4,0,1,West Zone,Aurangabad,NND,Urban,Accepted By DS SCH_0_0,Accepted By DS /AT CPG (Process) ,1,0,0
1626926405,2026-03-28,2026-04-01,,,,,0,,,,,0,,,,,,4,0,1,West Zone,Aurangabad,NND,Urban,,ASSIGN TO ENUMERATOR,0,0,0
1626927405,2026-03-28,2026-04-01,2026-04-09,2026-04-09,,,0,2026-04-09,2026-04-09,,,0,2026-04-09,2026-04-09,2026-04-09,,12,4,0,1,West Zone,Aurangabad,ARG,Urban,Accepted By DS SCH_0_0,Accepted By DS /AT CPG (Process) ,1,0,0
1626928405,2026-03-28,2026-04-01,,,,,0,,,,,0,,,,,,4,0,1,West Zone,Aurangabad,ARG,Urban,,ASSIGN TO ENUMERATOR,0,0,0
1626929405,2026-03-28,2026-04-06,,,,,0,,,,,0,,,,,,4,0,1,West Zone,Aurangabad,NSK,Urban,,ASSIGN TO ENUMERATOR,0,0,0
1626930405,2026-03-28,2026-04-01,2026-04-12,2026-04-12,,,0,,,,,0,,,2026-04-12,,12,4,0,1,West Zone,Mumbai,THN,Urban,Submitted by Enumerator,SUBMITTED BY ENUMERATOR,0,0,0
1626931405,2026-03-28,2026-04-01,,,,,0,,,,,0,,,,,,4,0,1,West Zone,Mumbai,THN,Urban,,ASSIGN TO ENUMERATOR,0,0,0
1626932405,2026-03-28,2026-04-04,,,,,0,,,,,0,,,,,,4,0,1,West Zone,Mumbai,THN,Urban,,ASSIGN TO ENUMERATOR,0,0,0
1626933405,2026-03-28,2026-04-01,,,,,0,,,,,0,,,,,,4,0,1,West Zone,Mumbai,THN,Urban,,ASSIGN TO ENUMERATOR,0,0,0
1626934405,2026-03-28,2026-04-01,,,,,0,,,,,0,,,,,,4,0,1,West Zone,Mumbai,THN,Urban,,ASSIGN TO ENUMERATOR,0,0,0
1626935405,2026-03-28,2026-04-04,2026-04-07,2026-04-07,,,0,2026-04-08,2026-04-08,,,0,2026-04-09,2026-04-09,2026-04-09,1,12,4,0,1,West Zone,Mumbai,THN,Urban,Accepted By DS SCH_0_0,Accepted By DS /AT CPG (Process) ,1,0,0
1626940405,2026-03-28,2026-04-01,,,,,0,,,,,0,,,,,,4,0,1,West Zone,Aurangabad,ARG,Urban,,ASSIGN TO ENUMERATOR,0,0,0
1626941405,2026-03-28,2026-04-01,,,,,0,,,,,0,,,,,,4,0,1,West Zone,Aurangabad,NND,Urban,,ASSIGN TO ENUMERATOR,0,0,0
1626948405,2026-03-28,2026-04-01,2026-04-10,2026-04-10,,,0,2026-04-12,2026-04-12,,,0,,,2026-04-12,,12,4,0,1,West Zone,Mumbai,THN,Urban,Accepted by Supervisor,Submitted by Supervisor To Ds ,0,1,0
1626951405,2026-03-28,2026-04-01,,,,,0,,,,,0,,,,,,4,0,1,West Zone,Aurangabad,ARG,Urban,,ASSIGN TO ENUMERATOR,0,0,0
1626952405,2026-03-28,2026-04-02,2026-04-05,2026-04-05,,,0,2026-04-06,2026-04-06,,,0,2026-04-06,2026-04-06,2026-04-06,1,12,4,0,1,West Zone,Aurangabad,NSK,Urban,Accepted By DS SCH_0_0,Accepted By DS /AT CPG (Process) ,1,0,0
1626953405,2026-03-28,2026-04-06,2026-04-10,2026-04-10,,,0,2026-04-10,2026-04-10,,,0,2026-04-10,2026-04-10,2026-04-10,,12,4,0,1,West Zone,Aurangabad,NSK,Urban,Accepted By DS SCH_0_0,Accepted By DS /AT CPG (Process) ,1,0,0
1626954405,2026-03-28,2026-04-01,,,,,0,,,,,0,,,,,,4,0,1,West Zone,Mumbai,THN,Urban,,ASSIGN TO ENUMERATOR,0,0,0
1626955405,2026-03-28,2026-04-01,,,,,0,,,,,0,,,,,,4,0,1,West Zone,Mumbai,THN,Urban,,ASSIGN TO ENUMERATOR,0,0,0
1626956405,2026-03-28,2026-04-01,2026-04-11,2026-04-11,,,0,2026-04-13,2026-04-13,,,0,,,2026-04-13,,12,4,0,1,West Zone,Mumbai,THN,Urban,Accepted by Supervisor,Submitted by Supervisor To Ds ,0,1,0
1626957405,2026-03-28,2026-04-01,,,,,0,,,,,0,,,,,,4,0,1,West Zone,Mumbai,THN,Urban,,ASSIGN TO ENUMERATOR,0,0,0
1626958405,2026-03-28,2026-04-01,2026-04-09,2026-04-09,,,0,2026-04-10,2026-04-10,,,0,2026-04-10,2026-04-10,2026-04-10,,12,4,0,1,West Zone,Mumbai,MMB,Urban,Accepted By DS SCH_0_0,Accepted By DS /AT CPG (Process) ,1,0,0
1626959405,2026-03-28,2026-04-01,2026-04-09,2026-04-09,,,0,,,,,0,,,2026-04-09,,12,4,0,1,West Zone,Mumbai,MMB,Urban,Submitted by Enumerator,SUBMITTED BY ENUMERATOR,0,0,0
1626960405,2026-03-28,2026-04-04,,,,,0,,,,,0,,,,,,4,0,1,West Zone,Mumbai,MMB,Urban,,ASSIGN TO ENUMERATOR,0,0,0
1626961405,2026-03-28,2026-04-01,,,,,0,,,,,0,,,,,,4,0,1,West Zone,Mumbai,MMB,Urban,,ASSIGN TO ENUMERATOR,0,0,0
1626962405,2026-03-28,2026-04-03,,,,,0,,,,,0,,,,,,4,0,1,West Zone,Mumbai,MMB,Urban,,ASSIGN TO ENUMERATOR,0,0,0
1626963405,2026-03-28,2026-04-01,2026-04-09,2026-04-09,,,0,2026-04-09,2026-04-09,,,0,2026-04-09,2026-04-09,2026-04-09,,12,4,0,1,West Zone,Mumbai,MMB,Urban,Accepted By DS SCH_0_0,Accepted By DS /AT CPG (Process) ,1,0,0
1626964405,2026-03-28,2026-04-01,2026-04-04,2026-04-04,,,0,2026-04-05,2026-04-05,,,0,2026-04-06,2026-04-06,2026-04-06,1,12,4,0,1,West Zone,Mumbai,MMB,Urban,Accepted By DS SCH_0_0,Accepted By DS /AT CPG (Process) ,1,0,0
1626965405,2026-03-28,2026-04-01,2026-04-07,2026-04-07,,,0,2026-04-08,2026-04-08,,,0,2026-04-09,2026-04-09,2026-04-09,,12,4,0,1,West Zone,Mumbai,MMB,Urban,Accepted By DS SCH_0_0,Accepted By DS /AT CPG (Process) ,1,0,0
1626966405,2026-03-28,2026-04-01,2026-04-11,2026-04-11,,,0,2026-04-12,2026-04-12,,,0,2026-04-12,2026-04-12,2026-04-12,,12,4,0,1,West Zone,Mumbai,MMB,Urban,Accepted By DS SCH_0_0,Accepted By DS /AT CPG (Process) ,1,0,0
1626967405,2026-03-28,2026-04-01,2026-04-02,2026-04-02,,,0,2026-04-09,2026-04-09,2026-04-10,2026-04-10,1,,,2026-04-10,2,12,4,0,1,West Zone,Mumbai,MMB,Urban,Return by DS,RETURN TO SUPERVISOR BY DS,0,0,1
1626968405,2026-03-28,2026-04-01,2026-04-09,2026-04-09,,,0,2026-04-10,2026-04-10,,,0,2026-04-10,2026-04-10,2026-04-10,1,12,4,0,1,West Zone,Mumbai,MMB,Urban,Accepted By DS SCH_0_0,Accepted By DS /AT CPG (Process) ,1,0,0
1626969405,2026-03-28,2026-04-01,2026-04-10,2026-04-10,,,0,2026-04-12,2026-04-12,,,0,2026-04-12,2026-04-12,2026-04-12,,12,4,0,1,West Zone,Mumbai,MMB,Urban,Accepted By DS SCH_0_0,Accepted By DS /AT CPG (Process) ,1,0,0
1626970405,2026-03-28,2026-04-01,,,,,0,,,,,0,,,,,,4,0,1,West Zone,Mumbai,MMB,Urban,,ASSIGN TO ENUMERATOR,0,0,0
1626971405,2026-03-28,2026-04-04,2026-04-07,2026-04-09,2026-04-09,2026-04-09,1,2026-04-07,2026-04-09,2026-04-07,2026-04-07,1,2026-04-10,2026-04-10,2026-04-10,1,12,4,0,1,West Zone,Mumbai,MMB,Urban,Accepted By DS SCH_0_0,Accepted By DS /AT CPG (Process) ,0,0,0
1626978405,2026-03-28,2026-04-01,,,,,0,,,,,0,,,,,,4,0,1,West Zone,Mumbai,THN,Urban,,ASSIGN TO ENUMERATOR,0,0,0
1626979405,2026-03-28,2026-04-05,,,,,0,,,,,0,,,,,,4,0,1,West Zone,Aurangabad,JLG,Urban,,ASSIGN TO ENUMERATOR,0,0,0
1626984305,2026-03-28,2026-04-05,,,,,0,,,,,0,,,,,,3,0,1,West Zone,Aurangabad,JLG,Urban,,ASSIGN TO ENUMERATOR,0,0,0
1626985305,2026-03-28,2026-04-05,,,,,0,,,,,0,,,,,,3,0,1,West Zone,Aurangabad,JLG,Urban,,ASSIGN TO ENUMERATOR,0,0,0
1626986305,2026-03-28,2026-04-05,2026-04-07,2026-04-13,2026-04-10,2026-04-10,1,2026-04-10,2026-04-13,2026-04-10,2026-04-10,1,2026-04-13,2026-04-13,2026-04-13,2,12,3,0,1,West Zone,Aurangabad,JLG,Urban,Accepted By DS SCH_0_0,Accepted By DS /AT CPG (Process) ,0,0,0
1626995305,2026-03-28,2026-04-01,2026-04-05,2026-04-05,,,0,2026-04-05,2026-04-05,,,0,2026-04-06,2026-04-06,2026-04-06,1,12,3,0,1,West Zone,Aurangabad,NND,Urban,Accepted By DS SCH_0_0,Accepted By DS /AT CPG (Process) ,1,0,0
1626996305,2026-03-28,2026-04-01,,,,,0,,,,,0,,,,,,3,0,1,West Zone,Aurangabad,NND,Urban,,ASSIGN TO ENUMERATOR,0,0,0
1626997305,2026-03-28,2026-04-01,2026-04-09,2026-04-10,2026-04-10,2026-04-10,1,2026-04-10,2026-04-10,,,0,2026-04-10,2026-04-10,2026-04-10,1,12,3,0,1,West Zone,Aurangabad,NND,Urban,Accepted By DS SCH_0_0,Accepted By DS /AT CPG (Process) ,0,0,0
1626998305,2026-03-28,2026-04-01,,,,,0,,,,,0,,,,,,3,0,1,West Zone,Aurangabad,ARG,Urban,,ASSIGN TO ENUMERATOR,0,0,0
1626999305,2026-03-28,2026-04-01,2026-04-03,2026-04-08,2026-04-06,2026-04-06,1,2026-04-05,2026-04-08,2026-04-06,2026-04-06,1,2026-04-08,2026-04-08,2026-04-08,1,12,3,0,1,West Zone,Aurangabad,ARG,Urban,Accepted By DS SCH_0_0,Accepted By DS /AT CPG (Process) ,0,0,0
1627000305,2026-03-28,2026-04-06,,,,,0,,,,,0,,,,,,3,0,1,West Zone,Aurangabad,NSK,Urban,,ASSIGN TO ENUMERATOR,0,0,0
1627001305,2026-03-28,2026-04-01,2026-04-07,2026-04-07,,,0,2026-04-09,2026-04-09,,,0,2026-04-09,2026-04-09,2026-04-09,5,12,3,0,1,West Zone,Mumbai,THN,Urban,Accepted By DS SCH_0_0,Accepted By DS /AT CPG (Process) ,1,0,0
1627002305,2026-03-28,2026-04-01,,,,,0,,,,,0,,,,,,3,0,1,West Zone,Mumbai,THN,Urban,,ASSIGN TO ENUMERATOR,0,0,0
1627003305,2026-03-28,2026-04-03,,,,,0,,,,,0,,,,,,3,0,1,West Zone,Mumbai,THN,Urban,,ASSIGN TO ENUMERATOR,0,0,0
1627004305,2026-03-28,2026-04-01,,,,,0,,,,,0,,,,,,3,0,1,West Zone,Mumbai,THN,Urban,,ASSIGN TO ENUMERATOR,0,0,0
1627005305,2026-03-28,2026-04-01,2026-04-10,2026-04-10,,,0,2026-04-12,2026-04-12,,,0,2026-04-12,2026-04-12,2026-04-12,,12,3,0,1,West Zone,Mumbai,THN,Urban,Accepted By DS SCH_0_0,Accepted By DS /AT CPG (Process) ,1,0,0
1627006305,2026-03-28,2026-04-04,,,,,0,,,,,0,,,,,,3,0,1,West Zone,Mumbai,THN,Urban,,ASSIGN TO ENUMERATOR,0,0,0
1627011305,2026-03-28,2026-04-01,2026-04-04,2026-04-04,,,0,2026-04-04,2026-04-04,,,0,2026-04-07,2026-04-07,2026-04-07,,12,3,0,1,West Zone,Aurangabad,ARG,Urban,Accepted By DS SCH_0_0,Accepted By DS /AT CPG (Process) ,1,0,0
1627012305,2026-03-28,2026-04-01,,,,,0,,,,,0,,,,,,3,0,1,West Zone,Aurangabad,NND,Urban,,ASSIGN TO ENUMERATOR,0,0,0
1627019305,2026-03-28,2026-04-01,,,,,0,,,,,0,,,,,,3,0,1,West Zone,Mumbai,THN,Urban,,ASSIGN TO ENUMERATOR,0,0,0
1627022305,2026-03-28,2026-04-01,2026-04-03,2026-04-03,,,0,2026-04-03,2026-04-03,,,0,2026-04-03,2026-04-03,2026-04-03,,12,3,0,1,West Zone,Aurangabad,ARG,Urban,Accepted By DS SCH_0_0,Accepted By DS /AT CPG (Process) ,1,0,0
1627023305,2026-03-28,2026-04-06,,,,,0,,,,,0,,,,,,3,0,1,West Zone,Aurangabad,NSK,Urban,,ASSIGN TO ENUMERATOR,0,0,0
1627024305,2026-03-28,2026-04-06,,,,,0,,,,,0,,,,,,3,0,1,West Zone,Aurangabad,NSK,Urban,,ASSIGN TO ENUMERATOR,0,0,0
1627025305,2026-03-28,2026-04-01,2026-04-02,2026-04-02,,,0,2026-04-05,2026-04-05,,,0,2026-04-06,2026-04-06,2026-04-06,,12,3,0,1,West Zone,Mumbai,THN,Urban,Accepted By DS SCH_0_0,Accepted By DS /AT CPG (Process) ,1,0,0
1627026305,2026-03-28,2026-04-01,2026-04-09,2026-04-09,,,0,,,,,0,,,2026-04-09,,12,3,0,1,West Zone,Mumbai,THN,Urban,Submitted by Enumerator,SUBMITTED BY ENUMERATOR,0,0,0
1627027305,2026-03-28,2026-04-03,2026-04-06,2026-04-06,,,0,2026-04-07,2026-04-07,,,0,2026-04-07,2026-04-07,2026-04-07,,12,3,0,1,West Zone,Mumbai,THN,Urban,Accepted By DS SCH_0_0,Accepted By DS /AT CPG (Process) ,1,0,0
1627028305,2026-03-28,2026-04-01,,,,,0,,,,,0,,,,,,3,0,1,West Zone,Mumbai,THN,Urban,,ASSIGN TO ENUMERATOR,0,0,0
1627029305,2026-03-28,,,,,,0,,,,,0,,,,,,3,0,1,West Zone,Mumbai,MMB,Urban,,Not Assigned,0,0,0
1627030305,2026-03-28,2026-04-01,2026-04-02,2026-04-02,,,0,2026-04-06,2026-04-06,,,0,2026-04-06,2026-04-06,2026-04-06,1,12,3,0,1,West Zone,Mumbai,MMB,Urban,Accepted By DS SCH_0_0,Accepted By DS /AT CPG (Process) ,1,0,0
1627031305,2026-03-28,2026-04-04,,,,,0,,,,,0,,,,,,3,0,1,West Zone,Mumbai,MMB,Urban,,ASSIGN TO ENUMERATOR,0,0,0
1627032305,2026-03-28,2026-04-01,2026-04-12,2026-04-12,,,0,,,,,0,,,2026-04-12,1,12,3,0,1,West Zone,Mumbai,MMB,Urban,Submitted by Enumerator,SUBMITTED BY ENUMERATOR,0,0,0
1627033305,2026-03-28,2026-04-04,,,,,0,,,,,0,,,,,,3,0,1,West Zone,Mumbai,MMB,Urban,,ASSIGN TO ENUMERATOR,0,0,0
1627034305,2026-03-28,2026-04-01,,,,,0,,,,,0,,,,,,3,0,1,West Zone,Mumbai,MMB,Urban,,ASSIGN TO ENUMERATOR,0,0,0
1627035305,2026-03-28,2026-04-01,2026-04-04,2026-04-08,2026-04-07,2026-04-07,1,2026-04-05,2026-04-05,2026-04-07,2026-04-07,1,,,2026-04-08,2,12,3,0,1,West Zone,Mumbai,MMB,Urban,Submitted by Enumerator,SUBMITTED BY ENUMERATOR,0,0,1
1627036305,2026-03-28,2026-04-04,2026-04-07,2026-04-09,2026-04-09,2026-04-09,1,2026-04-08,2026-04-09,2026-04-09,2026-04-09,1,2026-04-10,2026-04-10,2026-04-10,2,12,3,0,1,West Zone,Mumbai,MMB,Urban,Accepted By DS SCH_0_0,Accepted By DS /AT CPG (Process) ,0,0,0
1627037305,2026-03-28,2026-04-01,,,,,0,,,,,0,,,,,,3,0,1,West Zone,Mumbai,MMB,Urban,,ASSIGN TO ENUMERATOR,0,0,0
1627038305,2026-03-28,2026-04-01,,,,,0,,,,,0,,,,,,3,0,1,West Zone,Mumbai,MMB,Urban,,ASSIGN TO ENUMERATOR,0,0,0
1627039305,2026-03-28,2026-04-01,2026-04-03,2026-04-03,,,0,2026-04-05,2026-04-05,,,0,2026-04-07,2026-04-07,2026-04-07,2,12,3,0,1,West Zone,Mumbai,MMB,Urban,Accepted By DS SCH_0_0,Accepted By DS /AT CPG (Process) ,1,0,0
1627040305,2026-03-28,2026-04-01,2026-04-12,2026-04-12,,,0,,,,,0,,,2026-04-12,,12,3,0,1,West Zone,Mumbai,MMB,Urban,Submitted by Enumerator,SUBMITTED BY ENUMERATOR,0,0,0
1627041305,2026-03-28,2026-04-01,,,,,0,,,,,0,,,,,,3,0,1,West Zone,Mumbai,MMB,Urban,,ASSIGN TO ENUMERATOR,0,0,0
1627042305,2026-03-28,2026-04-01,2026-04-10,2026-04-10,,,0,2026-04-12,2026-04-12,2026-04-12,2026-04-12,1,,,2026-04-12,1,12,3,0,1,West Zone,Mumbai,MMB,Urban,Return by DS,RETURN TO SUPERVISOR BY DS,0,0,1
1627049305,2026-03-28,2026-04-01,,,,,0,,,,,0,,,,,,3,0,1,West Zone,Mumbai,THN,Urban,,ASSIGN TO ENUMERATOR,0,0,0
1627050305,2026-03-28,2026-04-05,2026-04-07,2026-04-12,2026-04-10,2026-04-10,1,2026-04-10,2026-04-12,2026-04-10,2026-04-10,1,2026-04-12,2026-04-12,2026-04-12,1,12,3,0,1,West Zone,Aurangabad,JLG,Urban,Accepted By DS SCH_0_0,Accepted By DS /AT CPG (Process) ,0,0,0
1627051305,2026-03-28,2026-04-01,2026-04-09,2026-04-09,,,0,2026-04-10,2026-04-10,,,0,2026-04-10,2026-04-10,2026-04-10,,12,3,0,1,West Zone,Aurangabad,NND,Urban,Accepted By DS SCH_0_0,Accepted By DS /AT CPG (Process) ,1,0,0
1627055205,2026-03-28,2026-04-05,,,,,0,,,,,0,,,,,,2,0,1,West Zone,Aurangabad,JLG,Urban,,ASSIGN TO ENUMERATOR,0,0,0
1627056205,2026-03-28,2026-04-05,,,,,0,,,,,0,,,,,,2,0,1,West Zone,Aurangabad,JLG,Urban,,ASSIGN TO ENUMERATOR,0,0,0
1627057205,2026-03-28,2026-04-05,,,,,0,,,,,0,,,,,,2,0,1,West Zone,Aurangabad,JLG,Urban,,ASSIGN TO ENUMERATOR,0,0,0
1627066205,2026-03-28,2026-04-01,2026-04-10,2026-04-10,2026-04-10,2026-04-10,1,2026-04-10,2026-04-10,,,0,2026-04-10,2026-04-10,2026-04-10,1,12,2,0,1,West Zone,Aurangabad,NND,Urban,Accepted By DS SCH_0_0,Accepted By DS /AT CPG (Process) ,0,0,0
1627067205,2026-03-28,2026-04-01,2026-04-10,2026-04-10,,,0,2026-04-10,2026-04-10,,,0,2026-04-10,2026-04-10,2026-04-10,,12,2,0,1,West Zone,Aurangabad,NND,Urban,Accepted By DS SCH_0_0,Accepted By DS /AT CPG (Process) ,1,0,0
1627068205,2026-03-28,2026-04-01,2026-04-07,2026-04-07,,,0,2026-04-07,2026-04-07,,,0,2026-04-08,2026-04-08,2026-04-08,,12,2,0,1,West Zone,Aurangabad,NND,Urban,Accepted By DS SCH_0_0,Accepted By DS /AT CPG (Process) ,1,0,0
1627069205,2026-03-28,2026-04-01,,,,,0,,,,,0,,,,,,2,0,1,West Zone,Aurangabad,ARG,Urban,,ASSIGN TO ENUMERATOR,0,0,0
1627070205,2026-03-28,2026-04-01,2026-04-09,2026-04-09,,,0,2026-04-10,2026-04-10,,,0,2026-04-10,2026-04-10,2026-04-10,,12,2,0,1,West Zone,Aurangabad,ARG,Urban,Accepted By DS SCH_0_0,Accepted By DS /AT CPG (Process) ,1,0,0
1627071205,2026-03-28,2026-04-06,2026-04-12,2026-04-12,,,0,2026-04-13,2026-04-13,,,0,,,2026-04-13,,12,2,0,1,West Zone,Aurangabad,NSK,Urban,Accepted by Supervisor,Submitted by Supervisor To Ds ,0,1,0
1627072205,2026-03-28,2026-04-01,2026-04-05,2026-04-05,,,0,2026-04-07,2026-04-07,2026-04-08,2026-04-08,1,,,2026-04-08,1,12,2,0,1,West Zone,Mumbai,THN,Urban,Accepted by Supervisor,RETURN TO SUPERVISOR BY DS,0,0,1
1627073205,2026-03-28,,,,,,0,,,,,0,,,,,,2,0,1,West Zone,Mumbai,THN,Urban,,Not Assigned,0,0,0
1627074205,2026-03-28,2026-04-01,,,,,0,,,,,0,,,,,,2,0,1,West Zone,Mumbai,THN,Urban,,ASSIGN TO ENUMERATOR,0,0,0
1627075205,2026-03-28,2026-04-01,,,,,0,,,,,0,,,,,,2,0,1,West Zone,Mumbai,THN,Urban,,ASSIGN TO ENUMERATOR,0,0,0
1627076205,2026-03-28,2026-04-04,2026-04-06,2026-04-06,,,0,2026-04-07,2026-04-07,,,0,2026-04-07,2026-04-07,2026-04-07,,12,2,0,1,West Zone,Mumbai,THN,Urban,Accepted By DS SCH_0_0,Accepted By DS /AT CPG (Process) ,1,0,0
1627077205,2026-03-28,2026-04-01,,,,,0,,,,,0,,,,,,2,0,1,West Zone,Mumbai,THN,Urban,,ASSIGN TO ENUMERATOR,0,0,0
1627082205,2026-03-28,2026-04-01,,,,,0,,,,,0,,,,,,2,0,1,West Zone,Aurangabad,ARG,Urban,,ASSIGN TO ENUMERATOR,0,0,0
1627083205,2026-03-28,2026-04-01,,,,,0,,,,,0,,,,,,2,0,1,West Zone,Aurangabad,NND,Urban,,ASSIGN TO ENUMERATOR,0,0,0
1627090205,2026-03-28,2026-04-01,2026-04-10,2026-04-10,,,0,2026-04-12,2026-04-12,2026-04-12,2026-04-12,1,,,2026-04-12,2,12,2,0,1,West Zone,Mumbai,THN,Urban,Return by DS,RETURN TO SUPERVISOR BY DS,0,0,1
1627093205,2026-03-28,2026-04-01,2026-04-07,2026-04-07,,,0,2026-04-07,2026-04-07,,,0,2026-04-08,2026-04-08,2026-04-08,1,12,2,0,1,West Zone,Aurangabad,ARG,Urban,Accepted By DS SCH_0_0,Accepted By DS /AT CPG (Process) ,1,0,0
1627094205,2026-03-28,2026-04-06,2026-04-08,2026-04-08,,,0,2026-04-08,2026-04-08,,,0,2026-04-08,2026-04-08,2026-04-08,,12,2,0,1,West Zone,Aurangabad,NSK,Urban,Accepted By DS SCH_0_0,Accepted By DS /AT CPG (Process) ,1,0,0
1627095205,2026-03-28,2026-04-06,,,,,0,,,,,0,,,,,,2,0,1,West Zone,Aurangabad,NSK,Urban,,ASSIGN TO ENUMERATOR,0,0,0
1627096205,2026-03-28,2026-04-01,,,,,0,,,,,0,,,,,,2,0,1,West Zone,Mumbai,THN,Urban,,ASSIGN TO ENUMERATOR,0,0,0
1627097205,2026-03-28,2026-04-01,2026-04-09,2026-04-09,,,0,2026-04-10,2026-04-10,,,0,2026-04-10,2026-04-10,2026-04-10,1,12,2,0,1,West Zone,Mumbai,THN,Urban,Accepted By DS SCH_0_0,Accepted By DS /AT CPG (Process) ,1,0,0
1627098205,2026-03-28,2026-04-01,,,,,0,,,,,0,,,,,,2,0,1,West Zone,Mumbai,THN,Urban,,ASSIGN TO ENUMERATOR,0,0,0
1627099205,2026-03-28,2026-04-01,,,,,0,,,,,0,,,,,,2,0,1,West Zone,Mumbai,THN,Urban,,ASSIGN TO ENUMERATOR,0,0,0
1627100205,2026-03-28,2026-04-01,,,,,0,,,,,0,,,,,,2,0,1,West Zone,Mumbai,MMB,Urban,,ASSIGN TO ENUMERATOR,0,0,0
1627101205,2026-03-28,2026-04-01,2026-04-06,2026-04-06,,,0,2026-04-09,2026-04-09,2026-04-10,2026-04-10,1,,,2026-04-10,1,12,2,0,1,West Zone,Mumbai,MMB,Urban,Accepted by Supervisor,RETURN TO SUPERVISOR BY DS,0,0,1
1627102205,2026-03-28,2026-04-04,,,,,0,,,,,0,,,,,,2,0,1,West Zone,Mumbai,MMB,Urban,,ASSIGN TO ENUMERATOR,0,0,0
1627103205,2026-03-28,2026-04-01,,,,,0,,,,,0,,,,,,2,0,1,West Zone,Mumbai,MMB,Urban,,ASSIGN TO ENUMERATOR,0,0,0
1627104205,2026-03-28,2026-04-04,,,,,0,,,,,0,,,,,,2,0,1,West Zone,Mumbai,MMB,Urban,,ASSIGN TO ENUMERATOR,0,0,0
1627105205,2026-03-28,2026-04-01,,,,,0,,,,,0,,,,,,2,0,1,West Zone,Mumbai,MMB,Urban,,ASSIGN TO ENUMERATOR,0,0,0
1627106205,2026-03-28,2026-04-01,,,,,0,,,,,0,,,,,,2,0,1,West Zone,Mumbai,MMB,Urban,,ASSIGN TO ENUMERATOR,0,0,0
1627107205,2026-03-28,2026-04-01,,,,,0,,,,,0,,,,,,2,0,1,West Zone,Mumbai,MMB,Urban,,ASSIGN TO ENUMERATOR,0,0,0
1627108205,2026-03-28,2026-04-01,,,,,0,,,,,0,,,,,,2,0,1,West Zone,Mumbai,MMB,Urban,,ASSIGN TO ENUMERATOR,0,0,0
1627109205,2026-03-28,2026-04-01,2026-04-12,2026-04-12,,,0,,,,,0,,,2026-04-12,,12,2,0,1,West Zone,Mumbai,MMB,Urban,Submitted by Enumerator,SUBMITTED BY ENUMERATOR,0,0,0
1627110205,2026-03-28,2026-04-03,,,,,0,,,,,0,,,,,,2,0,1,West Zone,Mumbai,MMB,Urban,,ASSIGN TO ENUMERATOR,0,0,0
1627111205,2026-03-28,2026-04-01,2026-04-03,2026-04-03,,,0,2026-04-05,2026-04-05,,,0,2026-04-07,2026-04-07,2026-04-07,1,12,2,0,1,West Zone,Mumbai,MMB,Urban,Accepted By DS SCH_0_0,Accepted By DS /AT CPG (Process) ,1,0,0
1627112205,2026-03-28,2026-04-01,,,,,0,,,,,0,,,,,,2,0,1,West Zone,Mumbai,MMB,Urban,,ASSIGN TO ENUMERATOR,0,0,0
1627113205,2026-03-28,2026-04-01,,,,,0,,,,,0,,,,,,2,0,1,West Zone,Mumbai,MMB,Urban,,ASSIGN TO ENUMERATOR,0,0,0
1627120205,2026-03-28,2026-04-01,2026-04-13,2026-04-13,,,0,,,,,0,,,2026-04-13,,12,2,0,1,West Zone,Mumbai,THN,Urban,Submitted by Enumerator,SUBMITTED BY ENUMERATOR,0,0,0
1627121205,2026-03-28,2026-04-05,,,,,0,,,,,0,,,,,,2,0,1,West Zone,Aurangabad,JLG,Urban,,ASSIGN TO ENUMERATOR,0,0,0
1627126105,2026-03-28,2026-04-05,,,,,0,,,,,0,,,,,,1,1,0,West Zone,Aurangabad,JLG,Urban,,ASSIGN TO ENUMERATOR,0,0,0
1627127105,2026-03-28,2026-04-05,,,,,0,,,,,0,,,,,,1,1,0,West Zone,Aurangabad,JLG,Urban,,ASSIGN TO ENUMERATOR,0,0,0
1627128105,2026-03-28,2026-04-02,2026-04-07,2026-04-10,2026-04-10,2026-04-10,1,2026-04-10,2026-04-10,2026-04-10,2026-04-10,1,,,2026-04-10,4,12,1,1,0,West Zone,Aurangabad,JLG,Urban,Accepted by Supervisor,Submitted by Supervisor To Ds ,0,0,1
1627137105,2026-03-28,2026-04-01,2026-04-06,2026-04-07,2026-04-07,2026-04-07,1,2026-04-07,2026-04-07,,,0,2026-04-07,2026-04-07,2026-04-07,3,12,1,1,0,West Zone,Aurangabad,NND,Urban,Accepted By DS SCH_0_0,Accepted By DS /AT CPG (Process) ,0,0,0
1627138105,2026-03-28,2026-04-01,,,,,0,,,,,0,,,,,,1,1,0,West Zone,Aurangabad,NND,Urban,,ASSIGN TO ENUMERATOR,0,0,0
1627139105,2026-03-28,2026-04-01,2026-04-08,2026-04-08,2026-04-08,2026-04-08,1,2026-04-08,2026-04-08,,,0,2026-04-09,2026-04-09,2026-04-09,10,12,1,1,0,West Zone,Aurangabad,NND,Urban,Accepted By DS SCH_0_0,Accepted By DS /AT CPG (Process) ,0,0,0
1627140105,2026-03-28,2026-04-01,,,,,0,,,,,0,,,,,,1,1,0,West Zone,Aurangabad,ARG,Urban,,ASSIGN TO ENUMERATOR,0,0,0
1627141105,2026-03-28,2026-04-01,2026-04-05,2026-04-07,2026-04-06,2026-04-07,1,2026-04-05,2026-04-07,2026-04-06,2026-04-06,1,2026-04-07,2026-04-07,2026-04-07,7,12,1,1,0,West Zone,Aurangabad,ARG,Urban,Accepted By DS SCH_0_0,Accepted By DS /AT CPG (Process) ,0,0,0
1627142105,2026-03-28,2026-04-06,,,,,0,,,,,0,,,,,,1,1,0,West Zone,Aurangabad,NSK,Urban,,ASSIGN TO ENUMERATOR,0,0,0
1627143105,2026-03-28,2026-04-01,,,,,0,,,,,0,,,,,,1,1,0,West Zone,Mumbai,THN,Urban,,ASSIGN TO ENUMERATOR,0,0,0
1627144105,2026-03-28,2026-04-01,,,,,0,,,,,0,,,,,,1,1,0,West Zone,Mumbai,THN,Urban,,ASSIGN TO ENUMERATOR,0,0,0
1627145105,2026-03-28,2026-04-03,,,,,0,,,,,0,,,,,,1,1,0,West Zone,Mumbai,THN,Urban,,ASSIGN TO ENUMERATOR,0,0,0
1627146105,2026-03-28,2026-04-01,,,,,0,,,,,0,,,,,,1,1,0,West Zone,Mumbai,THN,Urban,,ASSIGN TO ENUMERATOR,0,0,0
1627147105,2026-03-28,2026-04-01,,,,,0,,,,,0,,,,,,1,1,0,West Zone,Mumbai,THN,Urban,,ASSIGN TO ENUMERATOR,0,0,0
1627148105,2026-03-28,2026-04-10,,,,,0,,,,,0,,,,,,1,1,0,West Zone,Mumbai,THN,Urban,,ASSIGN TO ENUMERATOR,0,0,0
1627153105,2026-03-28,2026-04-01,,,,,0,,,,,0,,,,,,1,1,0,West Zone,Aurangabad,ARG,Urban,,ASSIGN TO ENUMERATOR,0,0,0
1627154105,2026-03-28,2026-04-01,,,,,0,,,,,0,,,,,,1,1,0,West Zone,Aurangabad,NND,Urban,,ASSIGN TO ENUMERATOR,0,0,0
1627161105,2026-03-28,2026-04-01,,,,,0,,,,,0,,,,,,1,1,0,West Zone,Mumbai,THN,Urban,,ASSIGN TO ENUMERATOR,0,0,0
1627164105,2026-03-28,2026-04-01,2026-04-12,2026-04-12,,,0,2026-04-12,2026-04-12,,,0,,,2026-04-12,3,12,1,1,0,West Zone,Aurangabad,ARG,Urban,Accepted by Supervisor,Submitted by Supervisor To Ds ,0,1,0
1627165105,2026-03-28,2026-04-02,2026-04-07,2026-04-09,2026-04-08,2026-04-08,1,2026-04-08,2026-04-10,2026-04-08,2026-04-08,1,2026-04-10,2026-04-10,2026-04-10,1,12,1,1,0,West Zone,Aurangabad,NSK,Urban,Accepted By DS SCH_0_0,Accepted By DS /AT CPG (Process) ,0,0,0
1627166105,2026-03-28,2026-04-06,,,,,0,,,,,0,,,,,,1,1,0,West Zone,Aurangabad,NSK,Urban,,ASSIGN TO ENUMERATOR,0,0,0
1627167105,2026-03-28,2026-04-01,2026-04-07,2026-04-07,,,0,2026-04-07,2026-04-07,2026-04-07,2026-04-07,1,,,2026-04-07,4,12,1,1,0,West Zone,Mumbai,THN,Urban,Return by DS,RETURN TO SUPERVISOR BY DS,0,0,1
1627168105,2026-03-28,2026-04-04,,,,,0,,,,,0,,,,,,1,1,0,West Zone,Mumbai,THN,Urban,,ASSIGN TO ENUMERATOR,0,0,0
1627169105,2026-03-28,2026-04-08,,,,,0,,,,,0,,,,,,1,1,0,West Zone,Mumbai,THN,Urban,,ASSIGN TO ENUMERATOR,0,0,0
1627170105,2026-03-28,2026-04-01,2026-04-07,2026-04-11,2026-04-10,2026-04-10,1,2026-04-11,2026-04-11,2026-04-13,2026-04-13,1,,,2026-04-13,19,12,1,1,0,West Zone,Mumbai,THN,Urban,Accepted by Supervisor,RETURN TO SUPERVISOR BY DS,0,0,1
1627171105,2026-03-28,2026-04-01,2026-04-08,2026-04-08,,,0,,,,,0,,,2026-04-08,3,12,1,1,0,West Zone,Mumbai,MMB,Urban,Submitted by Enumerator,SUBMITTED BY ENUMERATOR,0,0,0
1627172105,2026-03-28,2026-04-01,2026-04-07,2026-04-07,,,0,,,,,0,,,2026-04-07,,12,1,1,0,West Zone,Mumbai,MMB,Urban,Submitted by Enumerator,SUBMITTED BY ENUMERATOR,0,0,0
1627173105,2026-03-28,2026-04-01,,,,,0,,,,,0,,,,,,1,1,0,West Zone,Mumbai,MMB,Urban,,ASSIGN TO ENUMERATOR,0,0,0
1627174105,2026-03-28,2026-04-10,,,,,0,,,,,0,,,,,,1,1,0,West Zone,Mumbai,MMB,Urban,,ASSIGN TO ENUMERATOR,0,0,0
1627175105,2026-03-28,2026-04-01,,,,,0,,,,,0,,,,,,1,1,0,West Zone,Mumbai,MMB,Urban,,ASSIGN TO ENUMERATOR,0,0,0
1627176105,2026-03-28,2026-04-02,2026-04-07,2026-04-13,2026-04-10,2026-04-13,1,2026-04-09,2026-04-09,2026-04-09,2026-04-09,1,,,2026-04-13,4,12,1,1,0,West Zone,Mumbai,MMB,Urban,Accepted by Supervisor,SUBMITTED BY ENUMERATOR,0,0,1
1627177105,2026-03-28,2026-04-01,,,,,0,,,,,0,,,,,,1,1,0,West Zone,Mumbai,MMB,Urban,,ASSIGN TO ENUMERATOR,0,0,0
1627178105,2026-03-28,2026-04-10,,,,,0,,,,,0,,,,,,1,1,0,West Zone,Mumbai,MMB,Urban,,ASSIGN TO ENUMERATOR,0,0,0
1627179105,2026-03-28,2026-04-01,,,,,0,,,,,0,,,,,,1,1,0,West Zone,Mumbai,MMB,Urban,,ASSIGN TO ENUMERATOR,0,0,0
1627180105,2026-03-28,2026-04-04,,,,,0,,,,,0,,,,,,1,1,0,West Zone,Mumbai,MMB,Urban,,ASSIGN TO ENUMERATOR,0,0,0
1627181105,2026-03-28,2026-04-01,,,,,0,,,,,0,,,,,,1,1,0,West Zone,Mumbai,MMB,Urban,,ASSIGN TO ENUMERATOR,0,0,0
1627182105,2026-03-28,2026-04-02,2026-04-06,2026-04-13,2026-04-09,2026-04-13,1,,,,,0,,,2026-04-13,14,12,1,1,0,West Zone,Mumbai,MMB,Urban,Accepted by Supervisor,RETURN BACK TO ENUMERATOR,0,0,0
1627183105,2026-03-28,2026-04-01,2026-04-07,2026-04-12,2026-04-12,2026-04-12,1,2026-04-09,2026-04-09,2026-04-09,2026-04-09,1,,,2026-04-12,7,12,1,1,0,West Zone,Mumbai,MMB,Urban,Return by DS,SUBMITTED BY ENUMERATOR,0,0,1
1627184105,2026-03-28,2026-04-01,2026-04-08,2026-04-08,,,0,2026-04-12,2026-04-12,,,0,,,2026-04-12,1,12,1,1,0,West Zone,Mumbai,MMB,Urban,Accepted by Supervisor,Submitted by Supervisor To Ds ,0,1,0
1627191105,2026-03-28,2026-04-02,2026-04-06,2026-04-13,2026-04-08,2026-04-13,1,,,,,0,,,2026-04-13,10,12,1,1,0,West Zone,Mumbai,THN,Urban,Accepted by Supervisor,RETURN BACK TO ENUMERATOR,0,0,0
1627192105,2026-03-28,2026-04-05,,,,,0,,,,,0,,,,,,1,1,0,West Zone,Aurangabad,JLG,Urban,,ASSIGN TO ENUMERATOR,0,0,0
1628177405,2026-03-28,2026-04-01,2026-04-09,2026-04-09,,,0,2026-04-10,2026-04-10,,,0,2026-04-10,2026-04-10,2026-04-10,1,12,4,0,1,South Zone,Bangalore,SMG,Urban,Accepted By DS SCH_0_0,Accepted By DS /AT CPG (Process) ,1,0,0
1628178405,2026-03-28,2026-04-03,,,,,0,,,,,0,,,,,,4,0,1,South Zone,Bangalore,MNG,Urban,,ASSIGN TO ENUMERATOR,0,0,0
1628179405,2026-03-28,2026-04-01,2026-04-03,2026-04-03,,,0,2026-04-04,2026-04-04,,,0,2026-04-06,2026-04-06,2026-04-06,,12,4,0,1,South Zone,Bangalore,BNG,Urban,Accepted By DS SCH_0_0,Accepted By DS /AT CPG (Process) ,1,0,0
1628180405,2026-03-28,2026-04-01,,,,,0,,,,,0,,,,,,4,0,1,South Zone,Bangalore,MSR,Urban,,ASSIGN TO ENUMERATOR,0,0,0
1628181405,2026-03-28,2026-04-03,,,,,0,,,,,0,,,,,,4,0,1,South Zone,Bangalore,MNG,Urban,,ASSIGN TO ENUMERATOR,0,0,0
1628182405,2026-03-28,2026-04-03,,,,,0,,,,,0,,,,,,4,0,1,South Zone,Bangalore,MNG,Urban,,ASSIGN TO ENUMERATOR,0,0,0
1628183405,2026-03-28,2026-04-03,,,,,0,,,,,0,,,,,,4,0,1,South Zone,Bangalore,MNG,Urban,,ASSIGN TO ENUMERATOR,0,0,0
1628184405,2026-03-28,2026-04-01,,,,,0,,,,,0,,,,,,4,0,1,South Zone,Bangalore,MSR,Urban,,ASSIGN TO ENUMERATOR,0,0,0
1628185405,2026-03-28,2026-04-10,,,,,0,,,,,0,,,,,,4,0,1,South Zone,Bangalore,MSR,Urban,,ASSIGN TO ENUMERATOR,0,0,0
1628188405,2026-03-28,2026-04-01,,,,,0,,,,,0,,,,,,4,0,1,South Zone,Bangalore,BNG,Urban,,ASSIGN TO ENUMERATOR,0,0,0
1628189405,2026-03-28,2026-04-01,,,,,0,,,,,0,,,,,,4,0,1,South Zone,Bangalore,BNG,Urban,,ASSIGN TO ENUMERATOR,0,0,0
1628190405,2026-03-28,2026-04-01,,,,,0,,,,,0,,,,,,4,0,1,South Zone,Bangalore,BNG,Urban,,ASSIGN TO ENUMERATOR,0,0,0
1628191405,2026-03-28,2026-04-01,,,,,0,,,,,0,,,,,,4,0,1,South Zone,Bangalore,BNG,Urban,,ASSIGN TO ENUMERATOR,0,0,0
1628192405,2026-03-28,2026-04-01,2026-04-04,2026-04-13,2026-04-12,2026-04-12,1,2026-04-08,2026-04-08,2026-04-08,2026-04-08,1,,,2026-04-13,1,12,4,0,1,South Zone,Bangalore,BNG,Urban,Submitted by Enumerator,SUBMITTED BY ENUMERATOR,0,0,1
1628193405,2026-03-28,2026-04-01,,,,,0,,,,,0,,,,,,4,0,1,South Zone,Bangalore,BNG,Urban,,ASSIGN TO ENUMERATOR,0,0,0
1628194405,2026-03-28,2026-04-02,2026-04-07,2026-04-08,,,0,2026-04-08,2026-04-08,,,0,2026-04-09,2026-04-09,2026-04-09,,12,4,0,1,South Zone,Bangalore,BNG,Urban,Accepted By DS SCH_0_0,Accepted By DS /AT CPG (Process) ,0,0,0
1628195405,2026-03-28,2026-04-01,,,,,0,,,,,0,,,,,,4,0,1,South Zone,Bangalore,BNG,Urban,,ASSIGN TO ENUMERATOR,0,0,0
1628196405,2026-03-28,2026-04-01,2026-04-08,2026-04-09,,,0,2026-04-09,2026-04-09,,,0,2026-04-10,2026-04-10,2026-04-10,1,12,4,0,1,South Zone,Bangalore,BNG,Urban,Accepted By DS SCH_0_0,Accepted By DS /AT CPG (Process) ,0,0,0
1628197405,2026-03-28,2026-04-01,,,,,0,,,,,0,,,,,,4,0,1,South Zone,Bangalore,BNG,Urban,,ASSIGN TO ENUMERATOR,0,0,0
1628198405,2026-03-28,2026-04-01,2026-04-09,2026-04-09,,,0,,,,,0,,,2026-04-09,,12,4,0,1,South Zone,Bangalore,BNG,Urban,Submitted by Enumerator,SUBMITTED BY ENUMERATOR,0,0,0
1628199405,2026-03-28,2026-04-01,2026-04-07,2026-04-07,2026-04-07,2026-04-07,1,2026-04-08,2026-04-08,2026-04-13,2026-04-13,1,,,2026-04-13,3,12,4,0,1,South Zone,Bangalore,BNG,Urban,Return by DS,RETURN TO SUPERVISOR BY DS,0,0,1
1628200405,2026-03-28,2026-04-01,2026-04-11,2026-04-11,2026-04-12,2026-04-12,1,,,,,0,,,2026-04-12,1,12,4,0,1,South Zone,Bangalore,BNG,Urban,Returned by Supervisor,RETURN BACK TO ENUMERATOR,0,0,0
1628201405,2026-03-28,2026-04-01,2026-04-06,2026-04-06,,,0,2026-04-07,2026-04-07,,,0,2026-04-08,2026-04-08,2026-04-08,,12,4,0,1,South Zone,Bangalore,BNG,Urban,Accepted By DS SCH_0_0,Accepted By DS /AT CPG (Process) ,1,0,0
1628202405,2026-03-28,2026-04-01,,,,,0,,,,,0,,,,,,4,0,1,South Zone,Bangalore,SMG,Urban,,ASSIGN TO ENUMERATOR,0,0,0
1628220305,2026-03-28,2026-04-01,,,,,0,,,,,0,,,,,,3,0,1,South Zone,Bangalore,SMG,Urban,,ASSIGN TO ENUMERATOR,0,0,0
1628221305,2026-03-28,2026-04-03,,,,,0,,,,,0,,,,,,3,0,1,South Zone,Bangalore,MNG,Urban,,ASSIGN TO ENUMERATOR,0,0,0
1628222305,2026-03-28,2026-04-01,,,,,0,,,,,0,,,,,,3,0,1,South Zone,Bangalore,BNG,Urban,,ASSIGN TO ENUMERATOR,0,0,0
1628223305,2026-03-28,2026-04-01,2026-04-07,2026-04-08,2026-04-08,2026-04-08,1,2026-04-08,2026-04-08,,,0,2026-04-13,2026-04-13,2026-04-13,7,12,3,0,1,South Zone,Bangalore,MSR,Urban,Accepted By DS SCH_0_0,Accepted By DS /AT CPG (Process) ,0,0,0
1628224305,2026-03-28,2026-04-04,2026-04-10,2026-04-12,2026-04-12,2026-04-12,1,2026-04-12,2026-04-12,,,0,2026-04-13,2026-04-13,2026-04-13,2,12,3,0,1,South Zone,Bangalore,MNG,Urban,Accepted By DS SCH_0_0,Accepted By DS /AT CPG (Process) ,0,0,0
1628225305,2026-03-28,2026-04-03,2026-04-04,2026-04-04,,,0,2026-04-05,2026-04-05,,,0,2026-04-06,2026-04-06,2026-04-06,1,12,3,0,1,South Zone,Bangalore,MNG,Urban,Accepted By DS SCH_0_0,Accepted By DS /AT CPG (Process) ,1,0,0
1628226305,2026-03-28,2026-04-04,2026-04-05,2026-04-05,2026-04-05,2026-04-05,1,2026-04-05,2026-04-05,,,0,2026-04-10,2026-04-10,2026-04-10,3,12,3,0,1,South Zone,Bangalore,MNG,Urban,Accepted By DS SCH_0_0,Accepted By DS /AT CPG (Process) ,0,0,0
1628227305,2026-03-28,2026-04-01,2026-04-06,2026-04-06,,,0,2026-04-07,2026-04-07,,,0,2026-04-08,2026-04-08,2026-04-08,2,12,3,0,1,South Zone,Bangalore,MSR,Urban,Accepted By DS SCH_0_0,Accepted By DS /AT CPG (Process) ,1,0,0
1628228305,2026-03-28,2026-04-01,2026-04-12,2026-04-13,2026-04-13,2026-04-13,1,,,,,0,,,2026-04-13,1,12,3,0,1,South Zone,Bangalore,MSR,Urban,Submitted by Enumerator,SUBMITTED BY ENUMERATOR,0,0,0
1628231305,2026-03-28,2026-04-01,,,,,0,,,,,0,,,,,,3,0,1,South Zone,Bangalore,BNG,Urban,,ASSIGN TO ENUMERATOR,0,0,0
1628232305,2026-03-28,2026-04-01,,,,,0,,,,,0,,,,,,3,0,1,South Zone,Bangalore,BNG,Urban,,ASSIGN TO ENUMERATOR,0,0,0
1628233305,2026-03-28,2026-04-01,,,,,0,,,,,0,,,,,,3,0,1,South Zone,Bangalore,BNG,Urban,,ASSIGN TO ENUMERATOR,0,0,0
1628234305,2026-03-28,2026-04-01,,,,,0,,,,,0,,,,,,3,0,1,South Zone,Bangalore,BNG,Urban,,ASSIGN TO ENUMERATOR,0,0,0
1628235305,2026-03-28,2026-04-01,2026-04-03,2026-04-04,,,0,2026-04-04,2026-04-04,,,0,2026-04-13,2026-04-13,2026-04-13,1,12,3,0,1,South Zone,Bangalore,BNG,Urban,Accepted By DS SCH_0_0,Accepted By DS /AT CPG (Process) ,0,0,0
1628236305,2026-03-28,2026-04-01,,,,,0,,,,,0,,,,,,3,0,1,South Zone,Bangalore,BNG,Urban,,ASSIGN TO ENUMERATOR,0,0,0
1628237305,2026-03-28,2026-04-01,2026-04-10,2026-04-11,2026-04-11,2026-04-11,1,2026-04-12,2026-04-12,,,0,,,2026-04-12,1,12,3,0,1,South Zone,Bangalore,BNG,Urban,Accepted by Supervisor,Submitted by Supervisor To Ds ,0,1,0
1628238305,2026-03-28,2026-04-01,2026-04-03,2026-04-04,,,0,2026-04-04,2026-04-04,,,0,2026-04-10,2026-04-10,2026-04-10,,12,3,0,1,South Zone,Bangalore,BNG,Urban,Accepted By DS SCH_0_0,Accepted By DS /AT CPG (Process) ,0,0,0
1628239305,2026-03-28,2026-04-01,,,,,0,,,,,0,,,,,,3,0,1,South Zone,Bangalore,BNG,Urban,,ASSIGN TO ENUMERATOR,0,0,0
1628240305,2026-03-28,2026-04-01,,,,,0,,,,,0,,,,,,3,0,1,South Zone,Bangalore,BNG,Urban,,ASSIGN TO ENUMERATOR,0,0,0
1628241305,2026-03-28,2026-04-01,2026-04-10,2026-04-10,,,0,,,,,0,,,2026-04-10,1,12,3,0,1,South Zone,Bangalore,BNG,Urban,Submitted by Enumerator,SUBMITTED BY ENUMERATOR,0,0,0
1628242305,2026-03-28,2026-04-01,,,,,0,,,,,0,,,,,,3,0,1,South Zone,Bangalore,BNG,Urban,,ASSIGN TO ENUMERATOR,0,0,0
1628243305,2026-03-28,2026-04-01,2026-04-04,2026-04-04,,,0,2026-04-06,2026-04-06,,,0,2026-04-08,2026-04-08,2026-04-08,2,12,3,0,1,South Zone,Bangalore,BNG,Urban,Accepted By DS SCH_0_0,Accepted By DS /AT CPG (Process) ,1,0,0
1628244305,2026-03-28,2026-04-01,,,,,0,,,,,0,,,,,,3,0,1,South Zone,Bangalore,BNG,Urban,,ASSIGN TO ENUMERATOR,0,0,0
1628245305,2026-03-28,2026-04-01,,,,,0,,,,,0,,,,,,3,0,1,South Zone,Bangalore,SMG,Urban,,ASSIGN TO ENUMERATOR,0,0,0
1628263205,2026-03-28,2026-04-01,,,,,0,,,,,0,,,,,,2,0,1,South Zone,Bangalore,SMG,Urban,,ASSIGN TO ENUMERATOR,0,0,0
1628264205,2026-03-28,2026-04-04,,,,,0,,,,,0,,,,,,2,0,1,South Zone,Bangalore,MNG,Urban,,ASSIGN TO ENUMERATOR,0,0,0
1628265205,2026-03-28,2026-04-01,,,,,0,,,,,0,,,,,,2,0,1,South Zone,Bangalore,BNG,Urban,,ASSIGN TO ENUMERATOR,0,0,0
1628266205,2026-03-28,2026-04-01,2026-04-09,2026-04-10,2026-04-10,2026-04-10,1,2026-04-11,2026-04-11,,,0,2026-04-13,2026-04-13,2026-04-13,2,12,2,0,1,South Zone,Bangalore,MSR,Urban,Accepted By DS SCH_0_0,Accepted By DS /AT CPG (Process) ,0,0,0
1628267205,2026-03-28,2026-04-04,2026-04-10,2026-04-12,2026-04-11,2026-04-11,1,2026-04-12,2026-04-12,,,0,,,2026-04-12,9,12,2,0,1,South Zone,Bangalore,MNG,Urban,Accepted by Supervisor,Submitted by Supervisor To Ds ,0,1,0
1628268205,2026-03-28,2026-04-02,,,,,0,,,,,0,,,,,,2,0,1,South Zone,Bangalore,MNG,Urban,,ASSIGN TO ENUMERATOR,0,0,0
1628269205,2026-03-28,2026-04-03,,,,,0,,,,,0,,,,,,2,0,1,South Zone,Bangalore,MNG,Urban,,ASSIGN TO ENUMERATOR,0,0,0
1628270205,2026-03-28,2026-04-01,,,,,0,,,,,0,,,,,,2,0,1,South Zone,Bangalore,MSR,Urban,,ASSIGN TO ENUMERATOR,0,0,0
1628271205,2026-03-28,2026-04-01,,,,,0,,,,,0,,,,,,2,0,1,South Zone,Bangalore,MSR,Urban,,ASSIGN TO ENUMERATOR,0,0,0
1628274205,2026-03-28,2026-04-01,2026-04-08,2026-04-08,,,0,,,,,0,,,2026-04-08,2,12,2,0,1,South Zone,Bangalore,BNG,Urban,Submitted by Enumerator,SUBMITTED BY ENUMERATOR,0,0,0
1628275205,2026-03-28,2026-04-01,2026-04-10,2026-04-10,,,0,2026-04-11,2026-04-11,,,0,,,2026-04-11,,12,2,0,1,South Zone,Bangalore,BNG,Urban,Accepted by Supervisor,Submitted by Supervisor To Ds ,0,1,0
1628276205,2026-03-28,2026-04-02,,,,,0,,,,,0,,,,,,2,0,1,South Zone,Bangalore,BNG,Urban,,ASSIGN TO ENUMERATOR,0,0,0
1628277205,2026-03-28,2026-04-01,2026-04-09,2026-04-09,,,0,2026-04-10,2026-04-10,,,0,2026-04-13,2026-04-13,2026-04-13,1,12,2,0,1,South Zone,Bangalore,BNG,Urban,Accepted By DS SCH_0_0,Accepted By DS /AT CPG (Process) ,1,0,0
1628278205,2026-03-28,2026-04-02,2026-04-10,2026-04-10,,,0,2026-04-10,2026-04-10,,,0,2026-04-10,2026-04-10,2026-04-10,,12,2,0,1,South Zone,Bangalore,BNG,Urban,Accepted By DS SCH_0_0,Accepted By DS /AT CPG (Process) ,1,0,0
1628279205,2026-03-28,2026-04-01,,,,,0,,,,,0,,,,,,2,0,1,South Zone,Bangalore,BNG,Urban,,ASSIGN TO ENUMERATOR,0,0,0
1628280205,2026-03-28,2026-04-01,,,,,0,,,,,0,,,,,,2,0,1,South Zone,Bangalore,BNG,Urban,,ASSIGN TO ENUMERATOR,0,0,0
1628281205,2026-03-28,2026-04-01,2026-04-02,2026-04-02,,,0,2026-04-08,2026-04-08,,,0,2026-04-08,2026-04-08,2026-04-08,,12,2,0,1,South Zone,Bangalore,BNG,Urban,Accepted By DS SCH_0_0,Accepted By DS /AT CPG (Process) ,1,0,0
1628282205,2026-03-28,2026-04-01,,,,,0,,,,,0,,,,,,2,0,1,South Zone,Bangalore,BNG,Urban,,ASSIGN TO ENUMERATOR,0,0,0
1628283205,2026-03-28,2026-04-01,,,,,0,,,,,0,,,,,,2,0,1,South Zone,Bangalore,BNG,Urban,,ASSIGN TO ENUMERATOR,0,0,0
1628284205,2026-03-28,2026-04-01,2026-04-07,2026-04-07,,,0,2026-04-07,2026-04-07,,,0,2026-04-08,2026-04-08,2026-04-08,,12,2,0,1,South Zone,Bangalore,BNG,Urban,Accepted By DS SCH_0_0,Accepted By DS /AT CPG (Process) ,1,0,0
1628285205,2026-03-28,2026-04-01,,,,,0,,,,,0,,,,,,2,0,1,South Zone,Bangalore,BNG,Urban,,ASSIGN TO ENUMERATOR,0,0,0
1628286205,2026-03-28,2026-04-01,2026-04-03,2026-04-03,,,0,2026-04-08,2026-04-08,,,0,2026-04-10,2026-04-10,2026-04-10,,12,2,0,1,South Zone,Bangalore,BNG,Urban,Accepted By DS SCH_0_0,Accepted By DS /AT CPG (Process) ,1,0,0
1628287205,2026-03-28,2026-04-01,,,,,0,,,,,0,,,,,,2,0,1,South Zone,Bangalore,MSR,Urban,,ASSIGN TO ENUMERATOR,0,0,0
1628288205,2026-03-28,2026-04-01,,,,,0,,,,,0,,,,,,2,0,1,South Zone,Bangalore,SMG,Urban,,ASSIGN TO ENUMERATOR,0,0,0
1628306105,2026-03-28,2026-04-01,2026-04-12,2026-04-12,,,0,2026-04-13,2026-04-13,,,0,2026-04-13,2026-04-13,2026-04-13,5,12,1,1,0,South Zone,Bangalore,SMG,Urban,Accepted By DS SCH_0_0,Accepted By DS /AT CPG (Process) ,1,0,0
1628307105,2026-03-28,2026-04-03,,,,,0,,,,,0,,,,,,1,1,0,South Zone,Bangalore,MNG,Urban,,ASSIGN TO ENUMERATOR,0,0,0
1628308105,2026-03-28,2026-04-01,,,,,0,,,,,0,,,,,,1,1,0,South Zone,Bangalore,BNG,Urban,,ASSIGN TO ENUMERATOR,0,0,0
1628309105,2026-03-28,2026-04-10,,,,,0,,,,,0,,,,,,1,1,0,South Zone,Bangalore,MSR,Urban,,ASSIGN TO ENUMERATOR,0,0,0
1628310105,2026-03-28,2026-04-04,,,,,0,,,,,0,,,,,,1,1,0,South Zone,Bangalore,MNG,Urban,,ASSIGN TO ENUMERATOR,0,0,0
1628311105,2026-03-28,2026-04-03,2026-04-12,2026-04-12,,,0,,,,,0,,,2026-04-12,5,12,1,1,0,South Zone,Bangalore,MNG,Urban,Submitted by Enumerator,SUBMITTED BY ENUMERATOR,0,0,0
1628312105,2026-03-28,2026-04-02,,,,,0,,,,,0,,,,,,1,1,0,South Zone,Bangalore,MNG,Urban,,ASSIGN TO ENUMERATOR,0,0,0
1628313105,2026-03-28,2026-04-01,,,,,0,,,,,0,,,,,,1,1,0,South Zone,Bangalore,MSR,Urban,,ASSIGN TO ENUMERATOR,0,0,0
1628314105,2026-03-28,2026-04-01,2026-04-10,2026-04-11,2026-04-11,2026-04-11,1,2026-04-11,2026-04-11,,,0,,,2026-04-11,8,12,1,1,0,South Zone,Bangalore,MSR,Urban,Accepted by Supervisor,Submitted by Supervisor To Ds ,0,1,0
1628317105,2026-03-28,2026-04-04,2026-04-12,2026-04-13,2026-04-13,2026-04-13,1,,,,,0,,,2026-04-13,9,12,1,1,0,South Zone,Bangalore,BNG,Urban,Submitted by Enumerator,SUBMITTED BY ENUMERATOR,0,0,0
1628318105,2026-03-28,2026-04-01,,,,,0,,,,,0,,,,,,1,1,0,South Zone,Bangalore,BNG,Urban,,ASSIGN TO ENUMERATOR,0,0,0
1628319105,2026-03-28,2026-04-02,,,,,0,,,,,0,,,,,,1,1,0,South Zone,Bangalore,BNG,Urban,,ASSIGN TO ENUMERATOR,0,0,0
1628320105,2026-03-28,2026-04-01,2026-04-09,2026-04-09,,,0,,,,,0,,,2026-04-09,4,12,1,1,0,South Zone,Bangalore,BNG,Urban,Submitted by Enumerator,SUBMITTED BY ENUMERATOR,0,0,0
1628321105,2026-03-28,2026-04-01,2026-04-09,2026-04-12,2026-04-12,2026-04-12,1,,,,,0,,,2026-04-12,8,12,1,1,0,South Zone,Bangalore,BNG,Urban,Submitted by Enumerator,SUBMITTED BY ENUMERATOR,0,0,0
1628322105,2026-03-28,2026-04-01,2026-04-13,2026-04-13,,,0,,,,,0,,,2026-04-13,3,12,1,1,0,South Zone,Bangalore,BNG,Urban,Submitted by Enumerator,SUBMITTED BY ENUMERATOR,0,0,0
1628323105,2026-03-28,2026-04-01,,,,,0,,,,,0,,,,,,1,1,0,South Zone,Bangalore,BNG,Urban,,ASSIGN TO ENUMERATOR,0,0,0
1628324105,2026-03-28,2026-04-01,,,,,0,,,,,0,,,,,,1,1,0,South Zone,Bangalore,BNG,Urban,,ASSIGN TO ENUMERATOR,0,0,0
1628325105,2026-03-28,2026-04-01,2026-04-12,2026-04-12,,,0,,,,,0,,,2026-04-12,4,12,1,1,0,South Zone,Bangalore,BNG,Urban,Submitted by Enumerator,SUBMITTED BY ENUMERATOR,0,0,0
1628326105,2026-03-28,2026-04-01,2026-04-12,2026-04-12,,,0,,,,,0,,,2026-04-12,1,12,1,1,0,South Zone,Bangalore,BNG,Urban,Submitted by Enumerator,SUBMITTED BY ENUMERATOR,0,0,0
1628327105,2026-03-28,2026-04-01,,,,,0,,,,,0,,,,,,1,1,0,South Zone,Bangalore,BNG,Urban,,ASSIGN TO ENUMERATOR,0,0,0
1628328105,2026-03-28,2026-04-04,,,,,0,,,,,0,,,,,,1,1,0,South Zone,Bangalore,BNG,Urban,,ASSIGN TO ENUMERATOR,0,0,0
1628329105,2026-03-28,2026-04-01,,,,,0,,,,,0,,,,,,1,1,0,South Zone,Bangalore,BNG,Urban,,ASSIGN TO ENUMERATOR,0,0,0
1628330105,2026-03-28,2026-04-01,2026-04-12,2026-04-12,,,0,,,,,0,,,2026-04-12,3,12,1,1,0,South Zone,Bangalore,BNG,Urban,Submitted by Enumerator,SUBMITTED BY ENUMERATOR,0,0,0
1628331105,2026-03-28,2026-04-01,2026-04-13,2026-04-13,,,0,,,,,0,,,2026-04-13,6,12,1,1,0,South Zone,Bangalore,SMG,Urban,Submitted by Enumerator,SUBMITTED BY ENUMERATOR,0,0,0
1629061405,2026-03-28,2026-04-01,2026-04-09,2026-04-09,,,0,2026-04-09,2026-04-09,,,0,2026-04-09,2026-04-09,2026-04-09,,12,4,0,1,South Zone,Chennai,CHN,Urban,Accepted By DS SCH_0_0,Accepted By DS /AT CPG (Process) ,1,0,0
1629062405,2026-03-28,2026-04-01,2026-04-03,2026-04-03,,,0,2026-04-06,2026-04-06,,,0,2026-04-06,2026-04-06,2026-04-06,1,12,4,0,1,South Zone,Chennai,CHN,Urban,Accepted By DS SCH_0_0,Accepted By DS /AT CPG (Process) ,1,0,0
1629063405,2026-03-28,2026-04-01,2026-04-10,2026-04-10,,,0,2026-04-10,2026-04-10,,,0,2026-04-10,2026-04-10,2026-04-10,3,12,4,0,1,South Zone,Chennai,CHN,Urban,Accepted By DS SCH_0_0,Accepted By DS /AT CPG (Process) ,1,0,0
1629064405,2026-03-28,2026-04-01,,,,,0,,,,,0,,,,,,4,0,1,South Zone,Chennai,CHN,Urban,,ASSIGN TO ENUMERATOR,0,0,0
1629065405,2026-03-28,2026-04-01,2026-04-10,2026-04-10,,,0,2026-04-10,2026-04-10,,,0,2026-04-10,2026-04-10,2026-04-10,,12,4,0,1,South Zone,Chennai,CHN,Urban,Accepted By DS SCH_0_0,Accepted By DS /AT CPG (Process) ,1,0,0
1629066405,2026-03-28,2026-04-01,,,,,0,,,,,0,,,,,,4,0,1,South Zone,Chennai,VLR,Urban,,ASSIGN TO ENUMERATOR,0,0,0
1629067405,2026-03-28,2026-04-01,2026-04-04,2026-04-04,,,0,2026-04-05,2026-04-05,,,0,2026-04-06,2026-04-06,2026-04-06,,12,4,0,1,South Zone,Chennai,VLR,Urban,Accepted By DS SCH_0_0,Accepted By DS /AT CPG (Process) ,1,0,0
1629068405,2026-03-28,2026-04-01,2026-04-08,2026-04-08,,,0,2026-04-09,2026-04-09,,,0,2026-04-10,2026-04-10,2026-04-10,,12,4,0,1,South Zone,Chennai,CUD,Urban,Accepted By DS SCH_0_0,Accepted By DS /AT CPG (Process) ,1,0,0
1629069405,2026-03-28,,,,,,0,,,,,0,,,,,,4,0,1,South Zone,Coimbatore,SLM,Urban,,Not Assigned,0,0,0
1629070405,2026-03-28,2026-04-13,,,,,0,,,,,0,,,,,,4,0,1,South Zone,Coimbatore,SLM,Urban,,ASSIGN TO ENUMERATOR,0,0,0
1629071405,2026-03-28,,,,,,0,,,,,0,,,,,,4,0,1,South Zone,Coimbatore,SLM,Urban,,Not Assigned,0,0,0
1629072405,2026-03-28,,,,,,0,,,,,0,,,,,,4,0,1,South Zone,Coimbatore,SLM,Urban,,Not Assigned,0,0,0
1629073405,2026-03-28,,,,,,0,,,,,0,,,,,,4,0,1,South Zone,Coimbatore,CMB,Urban,,Not Assigned,0,0,0
1629074405,2026-03-28,,,,,,0,,,,,0,,,,,,4,0,1,South Zone,Coimbatore,CMB,Urban,,Not Assigned,0,0,0
1629075405,2026-03-28,,,,,,0,,,,,0,,,,,,4,0,1,South Zone,Coimbatore,CMB,Urban,,Not Assigned,0,0,0
1629077405,2026-03-28,,,,,,0,,,,,0,,,,,,4,0,1,South Zone,Coimbatore,TRC,Urban,,Not Assigned,0,0,0
1629078405,2026-03-28,,,,,,0,,,,,0,,,,,,4,0,1,South Zone,Coimbatore,TRC,Urban,,Not Assigned,0,0,0
1629079405,2026-03-28,,,,,,0,,,,,0,,,,,,4,0,1,South Zone,Coimbatore,TRC,Urban,,Not Assigned,0,0,0
1629080405,2026-03-28,2026-04-01,2026-04-02,2026-04-02,,,0,2026-04-03,2026-04-03,,,0,2026-04-06,2026-04-06,2026-04-06,,12,4,0,1,South Zone,Chennai,CUD,Urban,Accepted By DS SCH_0_0,Accepted By DS /AT CPG (Process) ,1,0,0
1629081405,2026-03-28,2026-04-01,2026-04-09,2026-04-09,,,0,2026-04-09,2026-04-09,,,0,2026-04-10,2026-04-10,2026-04-10,,12,4,0,1,South Zone,Chennai,CUD,Urban,Accepted By DS SCH_0_0,Accepted By DS /AT CPG (Process) ,1,0,0
1629095405,2026-03-28,,,,,,0,,,,,0,,,,,,4,0,1,South Zone,Coimbatore,DRP,Urban,,Not Assigned,0,0,0
1629096405,2026-03-28,,,,,,0,,,,,0,,,,,,4,0,1,South Zone,Coimbatore,CMB,Urban,,Not Assigned,0,0,0
1629097405,2026-03-28,,,,,,0,,,,,0,,,,,,4,0,1,South Zone,Coimbatore,CMB,Urban,,Not Assigned,0,0,0
1629098405,2026-03-28,,,,,,0,,,,,0,,,,,,4,0,1,South Zone,Coimbatore,CMB,Urban,,Not Assigned,0,0,0
1629099405,2026-03-28,,,,,,0,,,,,0,,,,,,4,0,1,South Zone,Coimbatore,CMB,Urban,,Not Assigned,0,0,0
1629100405,2026-03-28,2026-04-01,2026-04-08,2026-04-08,,,0,2026-04-13,2026-04-13,,,0,2026-04-13,2026-04-13,2026-04-13,,12,4,0,1,South Zone,Chennai,CHN,Urban,Accepted By DS SCH_0_0,Accepted By DS /AT CPG (Process) ,1,0,0
1629101405,2026-03-28,2026-04-01,2026-04-08,2026-04-09,,,0,2026-04-10,2026-04-10,,,0,2026-04-13,2026-04-13,2026-04-13,,12,4,0,1,South Zone,Chennai,CHN,Urban,Accepted By DS SCH_0_0,Accepted By DS /AT CPG (Process) ,0,0,0
1629102405,2026-03-28,2026-04-01,2026-04-08,2026-04-08,2026-04-08,2026-04-08,1,2026-04-09,2026-04-09,,,0,2026-04-13,2026-04-13,2026-04-13,1,12,4,0,1,South Zone,Chennai,VLR,Urban,Accepted By DS SCH_0_0,Accepted By DS /AT CPG (Process) ,0,0,0
1629103405,2026-03-28,,,,,,0,,,,,0,,,,,,4,0,1,South Zone,Coimbatore,DRP,Urban,,Not Assigned,0,0,0
1629105405,2026-03-28,2026-04-01,2026-04-10,2026-04-10,,,0,2026-04-10,2026-04-10,,,0,2026-04-10,2026-04-10,2026-04-10,,12,4,0,1,South Zone,Chennai,CHN,Urban,Accepted By DS SCH_0_0,Accepted By DS /AT CPG (Process) ,1,0,0
1629106405,2026-03-28,2026-04-01,,,,,0,,,,,0,,,,,,4,0,1,South Zone,Chennai,CHN,Urban,,ASSIGN TO ENUMERATOR,0,0,0
1629107405,2026-03-28,2026-04-01,,,,,0,,,,,0,,,,,,4,0,1,South Zone,Chennai,CHN,Urban,,ASSIGN TO ENUMERATOR,0,0,0
1629108405,2026-03-28,2026-04-01,,,,,0,,,,,0,,,,,,4,0,1,South Zone,Chennai,CHN,Urban,,ASSIGN TO ENUMERATOR,0,0,0
1629110405,2026-03-28,,,,,,0,,,,,0,,,,,,4,0,1,South Zone,Coimbatore,CMB,Urban,,Not Assigned,0,0,0
1629111405,2026-03-28,,,,,,0,,,,,0,,,,,,4,0,1,South Zone,Coimbatore,DRP,Urban,,Not Assigned,0,0,0
1629113405,2026-03-28,,,,,,0,,,,,0,,,,,,4,0,1,South Zone,Coimbatore,TRC,Urban,,Not Assigned,0,0,0
1629114405,2026-03-28,2026-04-01,2026-04-07,2026-04-07,,,0,2026-04-09,2026-04-09,,,0,2026-04-13,2026-04-13,2026-04-13,,12,4,0,1,South Zone,Chennai,CUD,Urban,Accepted By DS SCH_0_0,Accepted By DS /AT CPG (Process) ,1,0,0
1629115305,2026-03-28,2026-04-01,,,,,0,,,,,0,,,,,,3,0,1,South Zone,Chennai,CHN,Urban,,ASSIGN TO ENUMERATOR,0,0,0
1629116305,2026-03-28,2026-04-01,2026-04-10,2026-04-10,,,0,2026-04-11,2026-04-11,,,0,,,2026-04-11,2,12,3,0,1,South Zone,Chennai,CHN,Urban,Accepted by Supervisor,Submitted by Supervisor To Ds ,0,1,0
1629117305,2026-03-28,2026-04-01,,,,,0,,,,,0,,,,,,3,0,1,South Zone,Chennai,CHN,Urban,,ASSIGN TO ENUMERATOR,0,0,0
1629118305,2026-03-28,2026-04-01,,,,,0,,,,,0,,,,,,3,0,1,South Zone,Chennai,CHN,Urban,,ASSIGN TO ENUMERATOR,0,0,0
1629119305,2026-03-28,2026-04-01,,,,,0,,,,,0,,,,,,3,0,1,South Zone,Chennai,CHN,Urban,,ASSIGN TO ENUMERATOR,0,0,0
1629120305,2026-03-28,2026-04-01,2026-04-06,2026-04-06,,,0,2026-04-06,2026-04-06,,,0,2026-04-13,2026-04-13,2026-04-13,,12,3,0,1,South Zone,Chennai,VLR,Urban,Accepted By DS SCH_0_0,Accepted By DS /AT CPG (Process) ,1,0,0
1629121305,2026-03-28,2026-04-01,,,,,0,,,,,0,,,,,,3,0,1,South Zone,Chennai,VLR,Urban,,ASSIGN TO ENUMERATOR,0,0,0
1629122305,2026-03-28,2026-04-01,2026-04-01,2026-04-01,,,0,2026-04-02,2026-04-02,,,0,2026-04-06,2026-04-06,2026-04-06,,12,3,0,1,South Zone,Chennai,CUD,Urban,Accepted By DS SCH_0_0,Accepted By DS /AT CPG (Process) ,1,0,0
1629123305,2026-03-28,2026-04-04,2026-04-07,2026-04-07,,,0,2026-04-08,2026-04-08,,,0,2026-04-10,2026-04-10,2026-04-10,2,12,3,0,1,South Zone,Coimbatore,SLM,Urban,Accepted By DS SCH_0_0,Accepted By DS /AT CPG (Process) ,1,0,0
1629124305,2026-03-28,,,,,,0,,,,,0,,,,,,3,0,1,South Zone,Coimbatore,SLM,Urban,,Not Assigned,0,0,0
1629125305,2026-03-28,2026-04-08,2026-04-09,2026-04-09,,,0,2026-04-13,2026-04-13,,,0,,,2026-04-13,,12,3,0,1,South Zone,Coimbatore,SLM,Urban,Accepted by Supervisor,Submitted by Supervisor To Ds ,0,1,0
1629126305,2026-03-28,,,,,,0,,,,,0,,,,,,3,0,1,South Zone,Coimbatore,SLM,Urban,,Not Assigned,0,0,0
1629127305,2026-03-28,2026-04-06,2026-04-07,2026-04-08,2026-04-07,2026-04-07,1,2026-04-08,2026-04-08,,,0,2026-04-08,2026-04-08,2026-04-08,1,12,3,0,1,South Zone,Coimbatore,CMB,Urban,Accepted By DS SCH_0_0,Accepted By DS /AT CPG (Process) ,0,0,0
1629128305,2026-03-28,,,,,,0,,,,,0,,,,,,3,0,1,South Zone,Coimbatore,CMB,Urban,,Not Assigned,0,0,0
1629129305,2026-03-28,,,,,,0,,,,,0,,,,,,3,0,1,South Zone,Coimbatore,CMB,Urban,,Not Assigned,0,0,0
1629131305,2026-03-28,2026-04-09,2026-04-10,2026-04-11,2026-04-10,2026-04-11,1,2026-04-11,2026-04-11,,,0,2026-04-13,2026-04-13,2026-04-13,2,12,3,0,1,South Zone,Coimbatore,TRC,Urban,Accepted By DS SCH_0_0,Accepted By DS /AT CPG (Process) ,0,0,0
1629132305,2026-03-28,2026-04-07,2026-04-08,2026-04-08,,,0,2026-04-09,2026-04-09,,,0,2026-04-13,2026-04-13,2026-04-13,,12,3,0,1,South Zone,Coimbatore,TRC,Urban,Accepted By DS SCH_0_0,Accepted By DS /AT CPG (Process) ,1,0,0
1629133305,2026-03-28,2026-04-11,2026-04-13,2026-04-13,,,0,,,,,0,,,2026-04-13,1,12,3,0,1,South Zone,Coimbatore,TRC,Urban,Submitted by Enumerator,SUBMITTED BY ENUMERATOR,0,0,0
1629134305,2026-03-28,2026-04-01,2026-04-03,2026-04-09,2026-04-09,2026-04-09,1,2026-04-03,2026-04-10,2026-04-06,2026-04-06,1,,,2026-04-10,1,12,3,0,1,South Zone,Chennai,CUD,Urban,Accepted by Supervisor,Submitted by Supervisor To Ds ,0,0,1
1629135305,2026-03-28,2026-04-01,2026-04-13,2026-04-13,,,0,,,,,0,,,2026-04-13,,12,3,0,1,South Zone,Chennai,CUD,Urban,Submitted by Enumerator,SUBMITTED BY ENUMERATOR,0,0,0
1629149305,2026-03-28,,,,,,0,,,,,0,,,,,,3,0,1,South Zone,Coimbatore,DRP,Urban,,Not Assigned,0,0,0
1629150305,2026-03-28,2026-04-02,2026-04-04,2026-04-04,,,0,2026-04-08,2026-04-08,2026-04-13,2026-04-13,1,,,2026-04-13,3,12,3,0,1,South Zone,Coimbatore,CMB,Urban,Return by DS,RETURN TO SUPERVISOR BY DS,0,0,1
1629151305,2026-03-28,,,,,,0,,,,,0,,,,,,3,0,1,South Zone,Coimbatore,CMB,Urban,,Not Assigned,0,0,0
1629152305,2026-03-28,2026-04-02,2026-04-06,2026-04-06,,,0,2026-04-08,2026-04-08,,,0,2026-04-08,2026-04-08,2026-04-08,,12,3,0,1,South Zone,Coimbatore,CMB,Urban,Accepted By DS SCH_0_0,Accepted By DS /AT CPG (Process) ,1,0,0
1629153305,2026-03-28,2026-04-06,2026-04-08,2026-04-08,,,0,2026-04-11,2026-04-11,,,0,2026-04-12,2026-04-12,2026-04-12,,12,3,0,1,South Zone,Coimbatore,CMB,Urban,Accepted By DS SCH_0_0,Accepted By DS /AT CPG (Process) ,1,0,0
1629154305,2026-03-28,2026-04-01,2026-04-09,2026-04-09,,,0,2026-04-10,2026-04-10,,,0,2026-04-13,2026-04-13,2026-04-13,,12,3,0,1,South Zone,Chennai,CHN,Urban,Accepted By DS SCH_0_0,Accepted By DS /AT CPG (Process) ,1,0,0
1629155305,2026-03-28,2026-04-01,2026-04-04,2026-04-04,,,0,2026-04-13,2026-04-13,2026-04-13,2026-04-13,1,,,2026-04-13,1,12,3,0,1,South Zone,Chennai,CHN,Urban,Return by DS,RETURN TO SUPERVISOR BY DS,0,0,1
1629156305,2026-03-28,2026-04-01,,,,,0,,,,,0,,,,,,3,0,1,South Zone,Chennai,VLR,Urban,,ASSIGN TO ENUMERATOR,0,0,0
1629157305,2026-03-28,,,,,,0,,,,,0,,,,,,3,0,1,South Zone,Coimbatore,DRP,Urban,,Not Assigned,0,0,0
1629159305,2026-03-28,2026-04-01,,,,,0,,,,,0,,,,,,3,0,1,South Zone,Chennai,CHN,Urban,,ASSIGN TO ENUMERATOR,0,0,0
1629160305,2026-03-28,2026-04-01,2026-04-07,2026-04-07,,,0,2026-04-08,2026-04-08,,,0,2026-04-08,2026-04-08,2026-04-08,,12,3,0,1,South Zone,Chennai,CHN,Urban,Accepted By DS SCH_0_0,Accepted By DS /AT CPG (Process) ,1,0,0
1629161305,2026-03-28,2026-04-01,2026-04-06,2026-04-06,,,0,2026-04-13,2026-04-13,2026-04-13,2026-04-13,1,,,2026-04-13,1,12,3,0,1,South Zone,Chennai,CHN,Urban,Return by DS,RETURN TO SUPERVISOR BY DS,0,0,1
1629162305,2026-03-28,2026-04-01,,,,,0,,,,,0,,,,,,3,0,1,South Zone,Chennai,CHN,Urban,,ASSIGN TO ENUMERATOR,0,0,0
1629164305,2026-03-28,2026-04-06,2026-04-07,2026-04-07,,,0,2026-04-08,2026-04-08,,,0,2026-04-08,2026-04-08,2026-04-08,,12,3,0,1,South Zone,Coimbatore,CMB,Urban,Accepted By DS SCH_0_0,Accepted By DS /AT CPG (Process) ,1,0,0
1629165305,2026-03-28,,,,,,0,,,,,0,,,,,,3,0,1,South Zone,Coimbatore,DRP,Urban,,Not Assigned,0,0,0
1629168305,2026-03-28,2026-04-01,2026-04-02,2026-04-02,,,0,2026-04-02,2026-04-02,,,0,2026-04-13,2026-04-13,2026-04-13,,12,3,0,1,South Zone,Chennai,CUD,Urban,Accepted By DS SCH_0_0,Accepted By DS /AT CPG (Process) ,1,0,0
1629169205,2026-03-28,2026-04-01,2026-04-07,2026-04-07,,,0,2026-04-08,2026-04-08,,,0,2026-04-08,2026-04-08,2026-04-08,,12,2,0,1,South Zone,Chennai,CHN,Urban,Accepted By DS SCH_0_0,Accepted By DS /AT CPG (Process) ,1,0,0
1629170205,2026-03-28,2026-04-01,,,,,0,,,,,0,,,,,,2,0,1,South Zone,Chennai,CHN,Urban,,ASSIGN TO ENUMERATOR,0,0,0
1629171205,2026-03-28,2026-04-01,,,,,0,,,,,0,,,,,,2,0,1,South Zone,Chennai,CHN,Urban,,ASSIGN TO ENUMERATOR,0,0,0
1629172205,2026-03-28,2026-04-01,,,,,0,,,,,0,,,,,,2,0,1,South Zone,Chennai,CHN,Urban,,ASSIGN TO ENUMERATOR,0,0,0
1629173205,2026-03-28,2026-04-01,,,,,0,,,,,0,,,,,,2,0,1,South Zone,Chennai,CHN,Urban,,ASSIGN TO ENUMERATOR,0,0,0
1629174205,2026-03-28,2026-04-01,,,,,0,,,,,0,,,,,,2,0,1,South Zone,Chennai,VLR,Urban,,ASSIGN TO ENUMERATOR,0,0,0
1629175205,2026-03-28,2026-04-01,,,,,0,,,,,0,,,,,,2,0,1,South Zone,Chennai,VLR,Urban,,ASSIGN TO ENUMERATOR,0,0,0
1629176205,2026-03-28,2026-04-01,2026-04-03,2026-04-03,,,0,2026-04-06,2026-04-06,,,0,2026-04-06,2026-04-06,2026-04-06,1,12,2,0,1,South Zone,Chennai,CUD,Urban,Accepted By DS SCH_0_0,Accepted By DS /AT CPG (Process) ,1,0,0
1629177205,2026-03-28,,,,,,0,,,,,0,,,,,,2,0,1,South Zone,Coimbatore,SLM,Urban,,Not Assigned,0,0,0
1629178205,2026-03-28,,,,,,0,,,,,0,,,,,,2,0,1,South Zone,Coimbatore,SLM,Urban,,Not Assigned,0,0,0
1629179205,2026-03-28,2026-04-06,2026-04-07,2026-04-07,,,0,2026-04-09,2026-04-09,,,0,2026-04-09,2026-04-09,2026-04-09,,12,2,0,1,South Zone,Coimbatore,SLM,Urban,Accepted By DS SCH_0_0,Accepted By DS /AT CPG (Process) ,1,0,0
1629180205,2026-03-28,,,,,,0,,,,,0,,,,,,2,0,1,South Zone,Coimbatore,SLM,Urban,,Not Assigned,0,0,0
1629181205,2026-03-28,2026-04-07,2026-04-07,2026-04-07,,,0,2026-04-08,2026-04-08,,,0,2026-04-08,2026-04-08,2026-04-08,,12,2,0,1,South Zone,Coimbatore,CMB,Urban,Accepted By DS SCH_0_0,Accepted By DS /AT CPG (Process) ,1,0,0
1629182205,2026-03-28,,,,,,0,,,,,0,,,,,,2,0,1,South Zone,Coimbatore,CMB,Urban,,Not Assigned,0,0,0
1629183205,2026-03-28,2026-04-11,,,,,0,,,,,0,,,,,,2,0,1,South Zone,Coimbatore,CMB,Urban,,ASSIGN TO ENUMERATOR,0,0,0
1629185205,2026-03-28,,,,,,0,,,,,0,,,,,,2,0,1,South Zone,Coimbatore,TRC,Urban,,Not Assigned,0,0,0
1629186205,2026-03-28,2026-04-07,2026-04-08,2026-04-10,2026-04-09,2026-04-10,1,2026-04-10,2026-04-10,,,0,2026-04-13,2026-04-13,2026-04-13,1,12,2,0,1,South Zone,Coimbatore,TRC,Urban,Accepted By DS SCH_0_0,Accepted By DS /AT CPG (Process) ,0,0,0
1629187205,2026-03-28,,,,,,0,,,,,0,,,,,,2,0,1,South Zone,Coimbatore,TRC,Urban,,Not Assigned,0,0,0
1629188205,2026-03-28,2026-04-01,2026-04-08,2026-04-08,,,0,2026-04-09,2026-04-09,,,0,2026-04-10,2026-04-10,2026-04-10,,12,2,0,1,South Zone,Chennai,CUD,Urban,Accepted By DS SCH_0_0,Accepted By DS /AT CPG (Process) ,1,0,0
1629189205,2026-03-28,2026-04-01,2026-04-02,2026-04-02,,,0,2026-04-03,2026-04-03,,,0,2026-04-10,2026-04-10,2026-04-10,,12,2,0,1,South Zone,Chennai,CUD,Urban,Accepted By DS SCH_0_0,Accepted By DS /AT CPG (Process) ,1,0,0
1629203205,2026-03-28,,,,,,0,,,,,0,,,,,,2,0,1,South Zone,Coimbatore,DRP,Urban,,Not Assigned,0,0,0
1629204205,2026-03-28,,,,,,0,,,,,0,,,,,,2,0,1,South Zone,Coimbatore,CMB,Urban,,Not Assigned,0,0,0
1629205205,2026-03-28,,,,,,0,,,,,0,,,,,,2,0,1,South Zone,Coimbatore,CMB,Urban,,Not Assigned,0,0,0
1629206205,2026-03-28,,,,,,0,,,,,0,,,,,,2,0,1,South Zone,Coimbatore,CMB,Urban,,Not Assigned,0,0,0
1629207205,2026-03-28,,,,,,0,,,,,0,,,,,,2,0,1,South Zone,Coimbatore,CMB,Urban,,Not Assigned,0,0,0
1629208205,2026-03-28,2026-04-01,,,,,0,,,,,0,,,,,,2,0,1,South Zone,Chennai,CHN,Urban,,ASSIGN TO ENUMERATOR,0,0,0
1629209205,2026-03-28,2026-04-01,2026-04-12,2026-04-12,,,0,2026-04-13,2026-04-13,,,0,,,2026-04-13,,12,2,0,1,South Zone,Chennai,CHN,Urban,Accepted by Supervisor,Submitted by Supervisor To Ds ,0,1,0
1629210205,2026-03-28,2026-04-01,2026-04-01,2026-04-05,2026-04-05,2026-04-05,1,2026-04-05,2026-04-05,,,0,2026-04-13,2026-04-13,2026-04-13,3,12,2,0,1,South Zone,Chennai,VLR,Urban,Accepted By DS SCH_0_0,Accepted By DS /AT CPG (Process) ,0,0,0
1629211205,2026-03-28,2026-04-12,,,,,0,,,,,0,,,,,,2,0,1,South Zone,Coimbatore,DRP,Urban,,ASSIGN TO ENUMERATOR,0,0,0
1629213205,2026-03-28,2026-04-01,,,,,0,,,,,0,,,,,,2,0,1,South Zone,Chennai,CHN,Urban,,ASSIGN TO ENUMERATOR,0,0,0
1629214205,2026-03-28,2026-04-01,,,,,0,,,,,0,,,,,,2,0,1,South Zone,Chennai,CHN,Urban,,ASSIGN TO ENUMERATOR,0,0,0
1629215205,2026-03-28,2026-04-01,2026-04-10,2026-04-10,,,0,2026-04-10,2026-04-10,,,0,2026-04-10,2026-04-10,2026-04-10,1,12,2,0,1,South Zone,Chennai,CHN,Urban,Accepted By DS SCH_0_0,Accepted By DS /AT CPG (Process) ,1,0,0
1629216205,2026-03-28,2026-04-01,2026-04-03,2026-04-03,,,0,2026-04-03,2026-04-03,,,0,2026-04-13,2026-04-13,2026-04-13,,12,2,0,1,South Zone,Chennai,CHN,Urban,Accepted By DS SCH_0_0,Accepted By DS /AT CPG (Process) ,1,0,0
1629218205,2026-03-28,,,,,,0,,,,,0,,,,,,2,0,1,South Zone,Coimbatore,CMB,Urban,,Not Assigned,0,0,0
1629219205,2026-03-28,,,,,,0,,,,,0,,,,,,2,0,1,South Zone,Coimbatore,DRP,Urban,,Not Assigned,0,0,0
1629221205,2026-03-28,2026-04-03,2026-04-04,2026-04-04,,,0,2026-04-07,2026-04-07,,,0,2026-04-08,2026-04-08,2026-04-08,2,12,2,0,1,South Zone,Coimbatore,TRC,Urban,Accepted By DS SCH_0_0,Accepted By DS /AT CPG (Process) ,1,0,0
1629222205,2026-03-28,2026-04-01,,,,,0,,,,,0,,,,,,2,0,1,South Zone,Chennai,CUD,Urban,,ASSIGN TO ENUMERATOR,0,0,0
1629223105,2026-03-28,2026-04-01,2026-04-08,2026-04-10,2026-04-10,2026-04-10,1,2026-04-08,2026-04-11,2026-04-09,2026-04-09,1,2026-04-13,2026-04-13,2026-04-13,2,12,1,1,0,South Zone,Chennai,CHN,Urban,Accepted By DS SCH_0_0,Accepted By DS /AT CPG (Process) ,0,0,0
1629224105,2026-03-28,2026-04-01,,,,,0,,,,,0,,,,,,1,1,0,South Zone,Chennai,CHN,Urban,,ASSIGN TO ENUMERATOR,0,0,0
1629225105,2026-03-28,2026-04-01,,,,,0,,,,,0,,,,,,1,1,0,South Zone,Chennai,CHN,Urban,,ASSIGN TO ENUMERATOR,0,0,0
1629226105,2026-03-28,2026-04-01,,,,,0,,,,,0,,,,,,1,1,0,South Zone,Chennai,CHN,Urban,,ASSIGN TO ENUMERATOR,0,0,0
1629227105,2026-03-28,2026-04-01,2026-04-12,2026-04-12,,,0,,,,,0,,,2026-04-12,4,12,1,1,0,South Zone,Chennai,CHN,Urban,Submitted by Enumerator,SUBMITTED BY ENUMERATOR,0,0,0
1629228105,2026-03-28,2026-04-01,2026-04-09,2026-04-09,,,0,2026-04-10,2026-04-10,,,0,,,2026-04-10,1,,1,1,0,South Zone,Chennai,VLR,Urban,Accepted by Supervisor,Submitted by Supervisor To Ds ,0,1,0
1629229105,2026-03-28,2026-04-01,2026-04-13,2026-04-13,2026-04-11,2026-04-11,1,,,,,0,,,2026-04-13,3,12,1,1,0,South Zone,Chennai,VLR,Urban,Submitted by Enumerator,SUBMITTED BY ENUMERATOR,0,0,0
1629230105,2026-03-28,2026-04-01,2026-04-07,2026-04-07,,,0,2026-04-08,2026-04-08,2026-04-13,2026-04-13,1,,,2026-04-13,7,12,1,1,0,South Zone,Chennai,CUD,Urban,Return by DS,RETURN TO SUPERVISOR BY DS,0,0,1
1629231105,2026-03-28,,,,,,0,,,,,0,,,,,,1,1,0,South Zone,Coimbatore,SLM,Urban,,Not Assigned,0,0,0
1629232105,2026-03-28,2026-04-02,2026-04-08,2026-04-10,,,0,2026-04-10,2026-04-10,,,0,2026-04-10,2026-04-10,2026-04-10,1,12,1,1,0,South Zone,Coimbatore,SLM,Urban,Accepted By DS SCH_0_0,Accepted By DS /AT CPG (Process) ,0,0,0
1629233105,2026-03-28,2026-04-02,2026-04-11,2026-04-11,,,0,2026-04-12,2026-04-12,,,0,,,2026-04-12,3,12,1,1,0,South Zone,Coimbatore,SLM,Urban,Accepted by Supervisor,Submitted by Supervisor To Ds ,0,1,0
1629234105,2026-03-28,,,,,,0,,,,,0,,,,,,1,1,0,South Zone,Coimbatore,SLM,Urban,,Not Assigned,0,0,0
1629235105,2026-03-28,,,,,,0,,,,,0,,,,,,1,1,0,South Zone,Coimbatore,CMB,Urban,,Not Assigned,0,0,0
1629236105,2026-03-28,2026-04-07,,,,,0,,,,,0,,,,,,1,1,0,South Zone,Coimbatore,CMB,Urban,,ASSIGN TO ENUMERATOR,0,0,0
1629237105,2026-03-28,2026-04-03,,,,,0,,,,,0,,,2026-04-13,11,8,1,1,0,South Zone,Coimbatore,CMB,Urban,Submitted by Enumerator,ASSIGN TO ENUMERATOR,0,0,0
1629239105,2026-03-28,2026-04-13,,,,,0,,,,,0,,,,,,1,1,0,South Zone,Coimbatore,TRC,Urban,,ASSIGN TO ENUMERATOR,0,0,0
1629240105,2026-03-28,2026-04-01,2026-04-07,2026-04-08,2026-04-08,2026-04-08,1,2026-04-10,2026-04-10,,,0,2026-04-10,2026-04-10,2026-04-10,1,12,1,1,0,South Zone,Coimbatore,TRC,Urban,Accepted By DS SCH_0_0,Accepted By DS /AT CPG (Process) ,0,0,0
1629241105,2026-03-28,2026-04-11,,,,,0,,,,,0,,,,,,1,1,0,South Zone,Coimbatore,TRC,Urban,,ASSIGN TO ENUMERATOR,0,0,0
1629242105,2026-03-28,2026-04-01,2026-04-07,2026-04-07,,,0,2026-04-08,2026-04-08,2026-04-13,2026-04-13,1,,,2026-04-13,8,12,1,1,0,South Zone,Chennai,CUD,Urban,Return by DS,RETURN TO SUPERVISOR BY DS,0,0,1
1629243105,2026-03-28,2026-04-01,2026-04-13,2026-04-13,,,0,,,,,0,,,2026-04-13,2,12,1,1,0,South Zone,Chennai,CUD,Urban,Submitted by Enumerator,SUBMITTED BY ENUMERATOR,0,0,0
1629257105,2026-03-28,2026-04-12,,,,,0,,,,,0,,,,,,1,1,0,South Zone,Coimbatore,DRP,Urban,,ASSIGN TO ENUMERATOR,0,0,0
1629258105,2026-03-28,2026-04-07,,,,,0,,,,,0,,,,,,1,1,0,South Zone,Coimbatore,CMB,Urban,,ASSIGN TO ENUMERATOR,0,0,0
1629259105,2026-03-28,,,,,,0,,,,,0,,,,,,1,1,0,South Zone,Coimbatore,CMB,Urban,,Not Assigned,0,0,0
1629260105,2026-03-28,2026-04-08,,,,,0,,,,,0,,,2026-04-12,2,6,1,1,0,South Zone,Coimbatore,CMB,Urban,Submitted by Enumerator,ASSIGN TO ENUMERATOR,0,0,0
1629261105,2026-03-28,2026-04-08,,,,,0,,,,,0,,,2026-04-13,,2,1,1,0,South Zone,Coimbatore,CMB,Urban,Submitted by Enumerator,ASSIGN TO ENUMERATOR,0,0,0
1629262105,2026-03-28,2026-04-01,2026-04-11,2026-04-11,2026-04-11,2026-04-13,1,,,,,0,,,2026-04-13,8,12,1,1,0,South Zone,Chennai,CHN,Urban,Accepted by Supervisor,RETURN BACK TO ENUMERATOR,0,0,0
1629263105,2026-03-28,2026-04-01,,,,,0,,,,,0,,,2026-04-12,2,7,1,1,0,South Zone,Chennai,CHN,Urban,Submitted by Enumerator,ASSIGN TO ENUMERATOR,0,0,0
1629264105,2026-03-28,2026-04-01,,,,,0,,,,,0,,,,,,1,1,0,South Zone,Chennai,VLR,Urban,,ASSIGN TO ENUMERATOR,0,0,0
1629265105,2026-03-28,2026-04-05,2026-04-10,2026-04-13,2026-04-12,2026-04-12,1,,,,,0,,,2026-04-13,6,12,1,1,0,South Zone,Coimbatore,DRP,Urban,Submitted by Enumerator,SUBMITTED BY ENUMERATOR,0,0,0
1629267105,2026-03-28,2026-04-01,2026-04-09,2026-04-11,,,0,2026-04-11,2026-04-11,,,0,2026-04-13,2026-04-13,2026-04-13,13,12,1,1,0,South Zone,Chennai,CHN,Urban,Accepted By DS SCH_0_0,Accepted By DS /AT CPG (Process) ,0,0,0
1629268105,2026-03-28,2026-04-01,2026-04-08,2026-04-08,,,0,2026-04-08,2026-04-08,,,0,2026-04-08,2026-04-08,2026-04-08,2,12,1,1,0,South Zone,Chennai,CHN,Urban,Accepted By DS SCH_0_0,Accepted By DS /AT CPG (Process) ,1,0,0
1629269105,2026-03-28,2026-04-01,2026-04-08,2026-04-08,,,0,2026-04-08,2026-04-08,,,0,2026-04-10,2026-04-10,2026-04-10,10,12,1,1,0,South Zone,Chennai,CHN,Urban,Accepted By DS SCH_0_0,Accepted By DS /AT CPG (Process) ,1,0,0
1629270105,2026-03-28,2026-04-01,,,,,0,,,,,0,,,,,,1,1,0,South Zone,Chennai,CHN,Urban,,ASSIGN TO ENUMERATOR,0,0,0
1629272105,2026-03-28,2026-04-10,,,,,0,,,,,0,,,,,,1,1,0,South Zone,Coimbatore,CMB,Urban,,ASSIGN TO ENUMERATOR,0,0,0
1629273105,2026-03-28,2026-04-12,,,,,0,,,,,0,,,,,,1,1,0,South Zone,Coimbatore,DRP,Urban,,ASSIGN TO ENUMERATOR,0,0,0
1629274105,2026-03-28,2026-04-01,,,,,0,,,,,0,,,,,,1,1,0,South Zone,Coimbatore,TRC,Urban,,ASSIGN TO ENUMERATOR,0,0,0
1629275105,2026-03-28,2026-04-02,2026-04-06,2026-04-08,2026-04-07,2026-04-08,1,2026-04-08,2026-04-08,,,0,2026-04-10,2026-04-10,2026-04-10,29,12,1,1,0,South Zone,Coimbatore,TRC,Urban,Accepted By DS SCH_0_0,Accepted By DS /AT CPG (Process) ,0,0,0
1629276105,2026-03-28,2026-04-01,2026-04-08,2026-04-08,,,0,2026-04-09,2026-04-09,,,0,2026-04-10,2026-04-10,2026-04-10,,12,1,1,0,South Zone,Chennai,CUD,Urban,Accepted By DS SCH_0_0,Accepted By DS /AT CPG (Process) ,1,0,0
1629709405,2026-03-28,2026-04-01,2026-04-06,2026-04-07,,,0,2026-04-07,2026-04-07,,,0,2026-04-08,2026-04-08,2026-04-08,1,12,4,0,1,South Zone,Chennai,PDC,Urban,Accepted By DS SCH_0_0,Accepted By DS /AT CPG (Process) ,0,0,0
1629710405,2026-03-28,2026-04-01,,,,,0,,,,,0,,,,,,4,0,1,South Zone,Chennai,PDC,Urban,,ASSIGN TO ENUMERATOR,0,0,0
1629711405,2026-03-28,2026-04-01,,,,,0,,,,,0,,,,,,4,0,1,South Zone,Chennai,PDC,Urban,,ASSIGN TO ENUMERATOR,0,0,0
1629712305,2026-03-28,2026-04-01,2026-04-02,2026-04-07,2026-04-07,2026-04-07,1,2026-04-07,2026-04-07,,,0,2026-04-07,2026-04-07,2026-04-07,1,12,3,0,1,South Zone,Chennai,PDC,Urban,Accepted By DS SCH_0_0,Accepted By DS /AT CPG (Process) ,0,0,0
1629713305,2026-03-28,2026-04-01,,,,,0,,,,,0,,,,,,3,0,1,South Zone,Chennai,PDC,Urban,,ASSIGN TO ENUMERATOR,0,0,0
1629714305,2026-03-28,2026-04-01,,,,,0,,,,,0,,,,,,3,0,1,South Zone,Chennai,PDC,Urban,,ASSIGN TO ENUMERATOR,0,0,0
1629715205,2026-03-28,2026-04-01,,,,,0,,,,,0,,,,,,2,0,1,South Zone,Chennai,PDC,Urban,,ASSIGN TO ENUMERATOR,0,0,0
1629716205,2026-03-28,2026-04-01,,,,,0,,,,,0,,,,,,2,0,1,South Zone,Chennai,PDC,Urban,,ASSIGN TO ENUMERATOR,0,0,0
1629717205,2026-03-28,2026-04-01,2026-04-02,2026-04-02,,,0,2026-04-07,2026-04-07,,,0,2026-04-10,2026-04-10,2026-04-10,,12,2,0,1,South Zone,Chennai,PDC,Urban,Accepted By DS SCH_0_0,Accepted By DS /AT CPG (Process) ,1,0,0
1629718105,2026-03-28,2026-04-01,2026-04-11,2026-04-11,,,0,,,,,0,,,2026-04-11,,12,1,1,0,South Zone,Chennai,PDC,Urban,Submitted by Enumerator,SUBMITTED BY ENUMERATOR,0,0,0
1629719105,2026-03-28,2026-04-01,,,,,0,,,,,0,,,,,,1,1,0,South Zone,Chennai,PDC,Urban,,ASSIGN TO ENUMERATOR,0,0,0
1629720105,2026-03-28,2026-04-01,,,,,0,,,,,0,,,,,,1,1,0,South Zone,Chennai,PDC,Urban,,ASSIGN TO ENUMERATOR,0,0,0
1630741405,2026-03-28,2026-04-01,2026-04-11,2026-04-11,,,0,2026-04-13,2026-04-13,,,0,2026-04-13,2026-04-13,2026-04-13,,12,4,0,1,South Zone,Bangalore,SMG,Rural,Accepted By DS SCH_0_0,Accepted By DS /AT CPG (Process) ,1,0,0
1630742405,2026-03-28,2026-04-01,2026-04-06,2026-04-06,2026-04-07,2026-04-07,1,2026-04-06,2026-04-06,2026-04-06,2026-04-06,1,,,2026-04-07,1,12,4,0,1,South Zone,Bangalore,SMG,Rural,Returned by Supervisor,RETURN BACK TO ENUMERATOR,0,0,1
1630743405,2026-03-28,2026-04-03,,,,,0,,,,,0,,,,,,4,0,1,South Zone,Bangalore,MNG,Rural,,ASSIGN TO ENUMERATOR,0,0,0
1630744405,2026-03-28,2026-04-01,,,,,0,,,,,0,,,,,,4,0,1,South Zone,Bangalore,BNG,Rural,,ASSIGN TO ENUMERATOR,0,0,0
1630745405,2026-03-28,2026-04-01,,,,,0,,,,,0,,,,,,4,0,1,South Zone,Bangalore,BNG,Rural,,ASSIGN TO ENUMERATOR,0,0,0
1630746405,2026-03-28,2026-04-01,2026-04-03,2026-04-03,,,0,2026-04-04,2026-04-04,,,0,2026-04-08,2026-04-08,2026-04-08,,12,4,0,1,South Zone,Bangalore,BNG,Rural,Accepted By DS SCH_0_0,Accepted By DS /AT CPG (Process) ,1,0,0
1630747405,2026-03-28,2026-04-02,,,,,0,,,,,0,,,,,,4,0,1,South Zone,Bangalore,BNG,Rural,,ASSIGN TO ENUMERATOR,0,0,0
1630748405,2026-03-28,2026-04-01,,,,,0,,,,,0,,,,,,4,0,1,South Zone,Bangalore,MSR,Rural,,ASSIGN TO ENUMERATOR,0,0,0
1630749405,2026-03-28,2026-04-01,,,,,0,,,,,0,,,,,,4,0,1,South Zone,Bangalore,MSR,Rural,,ASSIGN TO ENUMERATOR,0,0,0
1630750405,2026-03-28,2026-04-03,,,,,0,,,,,0,,,,,,4,0,1,South Zone,Bangalore,MNG,Rural,,ASSIGN TO ENUMERATOR,0,0,0
1630751405,2026-03-28,2026-04-04,2026-04-06,2026-04-07,2026-04-07,2026-04-07,1,2026-04-07,2026-04-07,,,0,2026-04-08,2026-04-08,2026-04-08,6,12,4,0,1,South Zone,Bangalore,MNG,Rural,Accepted By DS SCH_0_0,Accepted By DS /AT CPG (Process) ,0,0,0
1630752405,2026-03-28,2026-04-02,2026-04-03,2026-04-04,2026-04-04,2026-04-04,1,2026-04-04,2026-04-04,,,0,2026-04-08,2026-04-08,2026-04-08,4,12,4,0,1,South Zone,Bangalore,MNG,Rural,Accepted By DS SCH_0_0,Accepted By DS /AT CPG (Process) ,0,0,0
1630753405,2026-03-28,2026-04-03,,,,,0,,,,,0,,,,,,4,0,1,South Zone,Bangalore,MNG,Rural,,ASSIGN TO ENUMERATOR,0,0,0
1630754405,2026-03-28,2026-04-01,2026-04-08,2026-04-08,,,0,2026-04-09,2026-04-09,,,0,2026-04-10,2026-04-10,2026-04-10,,12,4,0,1,South Zone,Bangalore,MSR,Rural,Accepted By DS SCH_0_0,Accepted By DS /AT CPG (Process) ,1,0,0
1630755405,2026-03-28,2026-04-01,,,,,0,,,,,0,,,,,,4,0,1,South Zone,Bangalore,MSR,Rural,,ASSIGN TO ENUMERATOR,0,0,0
1630758405,2026-03-28,2026-04-01,,,,,0,,,,,0,,,,,,4,0,1,South Zone,Bangalore,BNG,Rural,,ASSIGN TO ENUMERATOR,0,0,0
1630759405,2026-03-28,2026-04-01,2026-04-05,2026-04-05,,,0,2026-04-06,2026-04-06,,,0,2026-04-07,2026-04-07,2026-04-07,6,12,4,0,1,South Zone,Bangalore,BNG,Rural,Accepted By DS SCH_0_0,Accepted By DS /AT CPG (Process) ,1,0,0
1630760405,2026-03-28,2026-04-01,2026-04-06,2026-04-06,,,0,2026-04-08,2026-04-08,,,0,2026-04-08,2026-04-08,2026-04-08,,12,4,0,1,South Zone,Bangalore,BNG,Rural,Accepted By DS SCH_0_0,Accepted By DS /AT CPG (Process) ,1,0,0
1630761405,2026-03-28,2026-04-01,,,,,0,,,,,0,,,,,,4,0,1,South Zone,Bangalore,BNG,Rural,,ASSIGN TO ENUMERATOR,0,0,0
1630762405,2026-03-28,2026-04-01,,,,,0,,,,,0,,,,,,4,0,1,South Zone,Bangalore,SMG,Rural,,ASSIGN TO ENUMERATOR,0,0,0
1630763405,2026-03-28,2026-04-01,,,,,0,,,,,0,,,,,,4,0,1,South Zone,Bangalore,BNG,Rural,,ASSIGN TO ENUMERATOR,0,0,0
1630789305,2026-03-28,2026-04-01,,,,,0,,,,,0,,,,,,3,0,1,South Zone,Bangalore,SMG,Rural,,ASSIGN TO ENUMERATOR,0,0,0
1630790305,2026-03-28,2026-04-01,,,,,0,,,,,0,,,,,,3,0,1,South Zone,Bangalore,SMG,Rural,,ASSIGN TO ENUMERATOR,0,0,0
1630791305,2026-03-28,2026-04-03,2026-04-07,2026-04-09,2026-04-09,2026-04-09,1,2026-04-09,2026-04-09,,,0,2026-04-10,2026-04-10,2026-04-10,3,12,3,0,1,South Zone,Bangalore,MNG,Rural,Accepted By DS SCH_0_0,Accepted By DS /AT CPG (Process) ,0,0,0
1630792305,2026-03-28,2026-04-01,,,,,0,,,,,0,,,,,,3,0,1,South Zone,Bangalore,BNG,Rural,,ASSIGN TO ENUMERATOR,0,0,0
1630793305,2026-03-28,2026-04-01,,,,,0,,,,,0,,,,,,3,0,1,South Zone,Bangalore,BNG,Rural,,ASSIGN TO ENUMERATOR,0,0,0
1630794305,2026-03-28,2026-04-01,,,,,0,,,,,0,,,,,,3,0,1,South Zone,Bangalore,BNG,Rural,,ASSIGN TO ENUMERATOR,0,0,0
1630795305,2026-03-28,2026-04-01,,,,,0,,,,,0,,,,,,3,0,1,South Zone,Bangalore,BNG,Rural,,ASSIGN TO ENUMERATOR,0,0,0
1630796305,2026-03-28,2026-04-01,,,,,0,,,,,0,,,,,,3,0,1,South Zone,Bangalore,MSR,Rural,,ASSIGN TO ENUMERATOR,0,0,0
1630797305,2026-03-28,2026-04-01,,,,,0,,,,,0,,,,,,3,0,1,South Zone,Bangalore,MSR,Rural,,ASSIGN TO ENUMERATOR,0,0,0
1630798305,2026-03-28,2026-04-02,,,,,0,,,,,0,,,,,,3,0,1,South Zone,Bangalore,MNG,Rural,,ASSIGN TO ENUMERATOR,0,0,0
1630799305,2026-03-28,2026-04-04,2026-04-12,2026-04-12,,,0,,,,,0,,,2026-04-12,,12,3,0,1,South Zone,Bangalore,MNG,Rural,Submitted by Enumerator,SUBMITTED BY ENUMERATOR,0,0,0
1630800305,2026-03-28,2026-04-02,2026-04-08,2026-04-08,,,0,2026-04-09,2026-04-09,,,0,2026-04-13,2026-04-13,2026-04-13,,12,3,0,1,South Zone,Bangalore,MNG,Rural,Accepted By DS SCH_0_0,Accepted By DS /AT CPG (Process) ,1,0,0
1630801305,2026-03-28,2026-04-03,,,,,0,,,,,0,,,,,,3,0,1,South Zone,Bangalore,MNG,Rural,,ASSIGN TO ENUMERATOR,0,0,0
1630802305,2026-03-28,2026-04-01,,,,,0,,,,,0,,,,,,3,0,1,South Zone,Bangalore,MSR,Rural,,ASSIGN TO ENUMERATOR,0,0,0
1630803305,2026-03-28,2026-04-01,2026-04-07,2026-04-07,2026-04-07,2026-04-07,1,2026-04-07,2026-04-07,,,0,2026-04-10,2026-04-10,2026-04-10,4,12,3,0,1,South Zone,Bangalore,MSR,Rural,Accepted By DS SCH_0_0,Accepted By DS /AT CPG (Process) ,0,0,0
1630806305,2026-03-28,2026-04-01,,,,,0,,,,,0,,,,,,3,0,1,South Zone,Bangalore,BNG,Rural,,ASSIGN TO ENUMERATOR,0,0,0
1630807305,2026-03-28,2026-04-01,2026-04-12,2026-04-12,,,0,2026-04-13,2026-04-13,,,0,2026-04-13,2026-04-13,2026-04-13,2,12,3,0,1,South Zone,Bangalore,BNG,Rural,Accepted By DS SCH_0_0,Accepted By DS /AT CPG (Process) ,1,0,0
1630808305,2026-03-28,2026-04-02,,,,,0,,,,,0,,,,,,3,0,1,South Zone,Bangalore,BNG,Rural,,ASSIGN TO ENUMERATOR,0,0,0
1630809305,2026-03-28,2026-04-01,,,,,0,,,,,0,,,,,,3,0,1,South Zone,Bangalore,BNG,Rural,,ASSIGN TO ENUMERATOR,0,0,0
1630810305,2026-03-28,2026-04-01,2026-04-08,2026-04-08,,,0,2026-04-09,2026-04-09,,,0,2026-04-10,2026-04-10,2026-04-10,,12,3,0,1,South Zone,Bangalore,SMG,Rural,Accepted By DS SCH_0_0,Accepted By DS /AT CPG (Process) ,1,0,0
1630811305,2026-03-28,2026-04-01,,,,,0,,,,,0,,,,,,3,0,1,South Zone,Bangalore,MSR,Rural,,ASSIGN TO ENUMERATOR,0,0,0
1630837205,2026-03-28,2026-04-01,,,,,0,,,,,0,,,,,,2,0,1,South Zone,Bangalore,SMG,Rural,,ASSIGN TO ENUMERATOR,0,0,0
1630838205,2026-03-28,2026-04-01,,,,,0,,,,,0,,,,,,2,0,1,South Zone,Bangalore,SMG,Rural,,ASSIGN TO ENUMERATOR,0,0,0
1630839205,2026-03-28,2026-04-03,2026-04-04,2026-04-05,2026-04-04,2026-04-04,1,2026-04-05,2026-04-05,,,0,2026-04-10,2026-04-10,2026-04-10,11,12,2,0,1,South Zone,Bangalore,MNG,Rural,Accepted By DS SCH_0_0,Accepted By DS /AT CPG (Process) ,0,0,0
1630840205,2026-03-28,2026-04-01,2026-04-12,2026-04-13,2026-04-13,2026-04-13,1,,,,,0,,,2026-04-13,1,12,2,0,1,South Zone,Bangalore,BNG,Rural,Submitted by Enumerator,SUBMITTED BY ENUMERATOR,0,0,0
1630841205,2026-03-28,2026-04-01,,,,,0,,,,,0,,,,,,2,0,1,South Zone,Bangalore,BNG,Rural,,ASSIGN TO ENUMERATOR,0,0,0
1630842205,2026-03-28,2026-04-01,,,,,0,,,,,0,,,,,,2,0,1,South Zone,Bangalore,BNG,Rural,,ASSIGN TO ENUMERATOR,0,0,0
1630843205,2026-03-28,2026-04-01,,,,,0,,,,,0,,,,,,2,0,1,South Zone,Bangalore,BNG,Rural,,ASSIGN TO ENUMERATOR,0,0,0
1630844205,2026-03-28,2026-04-01,,,,,0,,,,,0,,,,,,2,0,1,South Zone,Bangalore,MSR,Rural,,ASSIGN TO ENUMERATOR,0,0,0
1630845205,2026-03-28,2026-04-10,,,,,0,,,,,0,,,,,,2,0,1,South Zone,Bangalore,MSR,Rural,,ASSIGN TO ENUMERATOR,0,0,0
1630846205,2026-03-28,2026-04-06,,,,,0,,,,,0,,,,,,2,0,1,South Zone,Bangalore,MNG,Rural,,ASSIGN TO ENUMERATOR,0,0,0
1630847205,2026-03-28,2026-04-02,,,,,0,,,,,0,,,,,,2,0,1,South Zone,Bangalore,MNG,Rural,,ASSIGN TO ENUMERATOR,0,0,0
1630848205,2026-03-28,2026-04-02,2026-04-09,2026-04-09,2026-04-09,2026-04-09,1,2026-04-09,2026-04-09,2026-04-13,2026-04-13,1,,,2026-04-13,4,12,2,0,1,South Zone,Bangalore,MNG,Rural,Return by DS,RETURN TO SUPERVISOR BY DS,0,0,1
1630849205,2026-03-28,2026-04-03,,,,,0,,,,,0,,,,,,2,0,1,South Zone,Bangalore,MNG,Rural,,ASSIGN TO ENUMERATOR,0,0,0
1630850205,2026-03-28,2026-04-01,,,,,0,,,,,0,,,,,,2,0,1,South Zone,Bangalore,MSR,Rural,,ASSIGN TO ENUMERATOR,0,0,0
1630851205,2026-03-28,2026-04-10,,,,,0,,,,,0,,,,,,2,0,1,South Zone,Bangalore,MSR,Rural,,ASSIGN TO ENUMERATOR,0,0,0
1630854205,2026-03-28,2026-04-01,,,,,0,,,,,0,,,,,,2,0,1,South Zone,Bangalore,BNG,Rural,,ASSIGN TO ENUMERATOR,0,0,0
1630855205,2026-03-28,2026-04-01,,,,,0,,,,,0,,,,,,2,0,1,South Zone,Bangalore,BNG,Rural,,ASSIGN TO ENUMERATOR,0,0,0
1630856205,2026-03-28,2026-04-01,,,,,0,,,,,0,,,,,,2,0,1,South Zone,Bangalore,BNG,Rural,,ASSIGN TO ENUMERATOR,0,0,0
1630857205,2026-03-28,2026-04-01,,,,,0,,,,,0,,,,,,2,0,1,South Zone,Bangalore,BNG,Rural,,ASSIGN TO ENUMERATOR,0,0,0
1630858205,2026-03-28,2026-04-01,,,,,0,,,,,0,,,,,,2,0,1,South Zone,Bangalore,SMG,Rural,,ASSIGN TO ENUMERATOR,0,0,0
1630859205,2026-03-28,2026-04-01,,,,,0,,,,,0,,,,,,2,0,1,South Zone,Bangalore,BNG,Rural,,ASSIGN TO ENUMERATOR,0,0,0
1630885105,2026-03-28,2026-04-01,,,,,0,,,,,0,,,,,,1,1,0,South Zone,Bangalore,SMG,Rural,,ASSIGN TO ENUMERATOR,0,0,0
1630886105,2026-03-28,2026-04-01,,,,,0,,,,,0,,,,,,1,1,0,South Zone,Bangalore,SMG,Rural,,ASSIGN TO ENUMERATOR,0,0,0
1630887105,2026-03-28,2026-04-03,,,,,0,,,,,0,,,,,,1,1,0,South Zone,Bangalore,MNG,Rural,,ASSIGN TO ENUMERATOR,0,0,0
1630888105,2026-03-28,2026-04-01,2026-04-11,2026-04-12,2026-04-12,2026-04-12,1,,,,,0,,,2026-04-12,2,12,1,1,0,South Zone,Bangalore,BNG,Rural,Submitted by Enumerator,SUBMITTED BY ENUMERATOR,0,0,0
1630889105,2026-03-28,2026-04-01,,,,,0,,,,,0,,,,,,1,1,0,South Zone,Bangalore,BNG,Rural,,ASSIGN TO ENUMERATOR,0,0,0
1630890105,2026-03-28,2026-04-02,,,,,0,,,,,0,,,,,,1,1,0,South Zone,Bangalore,BNG,Rural,,ASSIGN TO ENUMERATOR,0,0,0
1630891105,2026-03-28,2026-04-01,,,,,0,,,,,0,,,,,,1,1,0,South Zone,Bangalore,BNG,Rural,,ASSIGN TO ENUMERATOR,0,0,0
1630892105,2026-03-28,2026-04-01,,,,,0,,,,,0,,,,,,1,1,0,South Zone,Bangalore,MSR,Rural,,ASSIGN TO ENUMERATOR,0,0,0
1630893105,2026-03-28,2026-04-01,,,,,0,,,,,0,,,2026-04-11,2,8,1,1,0,South Zone,Bangalore,MSR,Rural,Submitted by Enumerator,ASSIGN TO ENUMERATOR,0,0,0
1630894105,2026-03-28,2026-04-04,2026-04-08,2026-04-09,2026-04-09,2026-04-09,1,2026-04-09,2026-04-09,,,0,2026-04-13,2026-04-13,2026-04-13,5,3,1,1,0,South Zone,Bangalore,MNG,Rural,Accepted By DS SCH_0_0,Accepted By DS /AT CPG (Process) ,0,0,0
1630895105,2026-03-28,2026-04-02,,,,,0,,,,,0,,,,,,1,1,0,South Zone,Bangalore,MNG,Rural,,ASSIGN TO ENUMERATOR,0,0,0
1630896105,2026-03-28,2026-04-04,,,,,0,,,,,0,,,,,,1,1,0,South Zone,Bangalore,MNG,Rural,,ASSIGN TO ENUMERATOR,0,0,0
1630897105,2026-03-28,2026-04-03,,,,,0,,,,,0,,,,,,1,1,0,South Zone,Bangalore,MNG,Rural,,ASSIGN TO ENUMERATOR,0,0,0
1630898105,2026-03-28,2026-04-01,2026-04-11,2026-04-13,2026-04-12,2026-04-13,1,,,,,0,,,2026-04-13,22,12,1,1,0,South Zone,Bangalore,MSR,Rural,Submitted by Enumerator,SUBMITTED BY ENUMERATOR,0,0,0
1630899105,2026-03-28,,,,,,0,,,,,0,,,,,,1,1,0,South Zone,Bangalore,MSR,Rural,,Not Assigned,0,0,0
1630902105,2026-03-28,2026-04-01,,,,,0,,,,,0,,,,,,1,1,0,South Zone,Bangalore,BNG,Rural,,ASSIGN TO ENUMERATOR,0,0,0
1630903105,2026-03-28,2026-04-01,,,,,0,,,,,0,,,,,,1,1,0,South Zone,Bangalore,BNG,Rural,,ASSIGN TO ENUMERATOR,0,0,0
1630904105,2026-03-28,2026-04-01,,,,,0,,,,,0,,,,,,1,1,0,South Zone,Bangalore,BNG,Rural,,ASSIGN TO ENUMERATOR,0,0,0
1630905105,2026-03-28,2026-04-01,,,,,0,,,,,0,,,,,,1,1,0,South Zone,Bangalore,BNG,Rural,,ASSIGN TO ENUMERATOR,0,0,0
1630906105,2026-03-28,2026-04-01,,,,,0,,,,,0,,,,,,1,1,0,South Zone,Bangalore,SMG,Rural,,ASSIGN TO ENUMERATOR,0,0,0
1630907105,2026-03-28,2026-04-01,,,,,0,,,,,0,,,,,,1,1,0,South Zone,Bangalore,MSR,Rural,,ASSIGN TO ENUMERATOR,0,0,0
1631557405,2026-03-28,2026-04-01,,,,,0,,,,,0,,,,,,4,0,1,South Zone,Chennai,CHN,Rural,,ASSIGN TO ENUMERATOR,0,0,0
1631558405,2026-03-28,2026-04-01,2026-04-11,2026-04-11,2026-04-11,2026-04-11,1,2026-04-12,2026-04-12,,,0,,,2026-04-12,1,12,4,0,1,South Zone,Chennai,CHN,Rural,Accepted by Supervisor,Submitted by Supervisor To Ds ,0,1,0
1631559405,2026-03-28,2026-04-01,2026-04-10,2026-04-10,,,0,2026-04-10,2026-04-10,,,0,2026-04-10,2026-04-10,2026-04-10,,12,4,0,1,South Zone,Chennai,CHN,Rural,Accepted By DS SCH_0_0,Accepted By DS /AT CPG (Process) ,1,0,0
1631560405,2026-03-28,2026-04-01,,,,,0,,,,,0,,,,,,4,0,1,South Zone,Chennai,VLR,Rural,,ASSIGN TO ENUMERATOR,0,0,0
1631561405,2026-03-28,2026-04-01,2026-04-02,2026-04-02,,,0,2026-04-05,2026-04-05,,,0,2026-04-06,2026-04-06,2026-04-06,,12,4,0,1,South Zone,Chennai,VLR,Rural,Accepted By DS SCH_0_0,Accepted By DS /AT CPG (Process) ,1,0,0
1631562405,2026-03-28,2026-04-01,,,,,0,,,,,0,,,,,,4,0,1,South Zone,Chennai,VLR,Rural,,ASSIGN TO ENUMERATOR,0,0,0
1631563405,2026-03-28,2026-04-01,,,,,0,,,,,0,,,,,,4,0,1,South Zone,Chennai,CUD,Rural,,ASSIGN TO ENUMERATOR,0,0,0
1631564405,2026-03-28,2026-04-01,,,,,0,,,,,0,,,,,,4,0,1,South Zone,Chennai,CUD,Rural,,ASSIGN TO ENUMERATOR,0,0,0
1631565405,2026-03-28,2026-04-10,2026-04-11,2026-04-11,,,0,2026-04-13,2026-04-13,,,0,,,2026-04-13,,12,4,0,1,South Zone,Coimbatore,SLM,Rural,Accepted by Supervisor,Submitted by Supervisor To Ds ,0,1,0
1631566405,2026-03-28,2026-04-04,,,,,0,,,,,0,,,,,,4,0,1,South Zone,Coimbatore,SLM,Rural,,ASSIGN TO ENUMERATOR,0,0,0
1631567405,2026-03-28,,,,,,0,,,,,0,,,,,,4,0,1,South Zone,Coimbatore,SLM,Rural,,Not Assigned,0,0,0
1631568405,2026-03-28,,,,,,0,,,,,0,,,,,,4,0,1,South Zone,Coimbatore,SLM,Rural,,Not Assigned,0,0,0
1631569405,2026-03-28,,,,,,0,,,,,0,,,,,,4,0,1,South Zone,Coimbatore,CMB,Rural,,Not Assigned,0,0,0
1631570405,2026-03-28,,,,,,0,,,,,0,,,,,,4,0,1,South Zone,Coimbatore,CMB,Rural,,Not Assigned,0,0,0
1631571405,2026-03-28,,,,,,0,,,,,0,,,,,,4,0,1,South Zone,Coimbatore,CMB,Rural,,Not Assigned,0,0,0
1631574405,2026-03-28,,,,,,0,,,,,0,,,,,,4,0,1,South Zone,Coimbatore,TRC,Rural,,Not Assigned,0,0,0
1631575405,2026-03-28,,,,,,0,,,,,0,,,,,,4,0,1,South Zone,Coimbatore,TRC,Rural,,Not Assigned,0,0,0
1631576405,2026-03-28,,,,,,0,,,,,0,,,,,,4,0,1,South Zone,Coimbatore,TRC,Rural,,Not Assigned,0,0,0
1631577405,2026-03-28,2026-04-01,,,,,0,,,,,0,,,,,,4,0,1,South Zone,Chennai,CUD,Rural,,ASSIGN TO ENUMERATOR,0,0,0
1631578405,2026-03-28,2026-04-01,,,,,0,,,,,0,,,,,,4,0,1,South Zone,Chennai,CUD,Rural,,ASSIGN TO ENUMERATOR,0,0,0
1631590405,2026-03-28,,,,,,0,,,,,0,,,,,,4,0,1,South Zone,Coimbatore,DRP,Rural,,Not Assigned,0,0,0
1631591405,2026-03-28,,,,,,0,,,,,0,,,,,,4,0,1,South Zone,Coimbatore,DRP,Rural,,Not Assigned,0,0,0
1631592405,2026-03-28,,,,,,0,,,,,0,,,,,,4,0,1,South Zone,Coimbatore,CMB,Rural,,Not Assigned,0,0,0
1631593405,2026-03-28,2026-04-08,2026-04-09,2026-04-09,,,0,2026-04-12,2026-04-12,,,0,2026-04-13,2026-04-13,2026-04-13,,12,4,0,1,South Zone,Coimbatore,CMB,Rural,Accepted By DS SCH_0_0,Accepted By DS /AT CPG (Process) ,1,0,0
1631594405,2026-03-28,2026-04-01,,,,,0,,,,,0,,,,,,4,0,1,South Zone,Chennai,CHN,Rural,,ASSIGN TO ENUMERATOR,0,0,0
1631595405,2026-03-28,2026-04-01,,,,,0,,,,,0,,,,,,4,0,1,South Zone,Chennai,VLR,Rural,,ASSIGN TO ENUMERATOR,0,0,0
1631596405,2026-03-28,,,,,,0,,,,,0,,,,,,4,0,1,South Zone,Coimbatore,DRP,Rural,,Not Assigned,0,0,0
1631599405,2026-03-28,2026-04-01,,,,,0,,,,,0,,,,,,4,0,1,South Zone,Chennai,CUD,Rural,,ASSIGN TO ENUMERATOR,0,0,0
1631601405,2026-03-28,,,,,,0,,,,,0,,,,,,4,0,1,South Zone,Coimbatore,DRP,Rural,,Not Assigned,0,0,0
1631602305,2026-03-28,2026-04-01,2026-04-02,2026-04-03,,,0,2026-04-03,2026-04-03,,,0,2026-04-06,2026-04-06,2026-04-06,,12,3,0,1,South Zone,Chennai,CHN,Rural,Accepted By DS SCH_0_0,Accepted By DS /AT CPG (Process) ,0,0,0
1631603305,2026-03-28,2026-04-01,,,,,0,,,,,0,,,,,,3,0,1,South Zone,Chennai,CHN,Rural,,ASSIGN TO ENUMERATOR,0,0,0
1631604305,2026-03-28,2026-04-01,2026-04-10,2026-04-10,2026-04-10,2026-04-10,1,2026-04-10,2026-04-10,2026-04-13,2026-04-13,1,,,2026-04-13,4,12,3,0,1,South Zone,Chennai,CHN,Rural,Return by DS,RETURN TO SUPERVISOR BY DS,0,0,1
1631605305,2026-03-28,2026-04-01,2026-04-06,2026-04-06,,,0,2026-04-07,2026-04-07,,,0,2026-04-08,2026-04-08,2026-04-08,,12,3,0,1,South Zone,Chennai,VLR,Rural,Accepted By DS SCH_0_0,Accepted By DS /AT CPG (Process) ,1,0,0
1631606305,2026-03-28,2026-04-01,,,,,0,,,,,0,,,,,,3,0,1,South Zone,Chennai,VLR,Rural,,ASSIGN TO ENUMERATOR,0,0,0
1631607305,2026-03-28,2026-04-01,,,,,0,,,,,0,,,,,,3,0,1,South Zone,Chennai,VLR,Rural,,ASSIGN TO ENUMERATOR,0,0,0
1631608305,2026-03-28,2026-04-01,2026-04-09,2026-04-09,,,0,2026-04-12,2026-04-12,,,0,2026-04-13,2026-04-13,2026-04-13,,12,3,0,1,South Zone,Chennai,CUD,Rural,Accepted By DS SCH_0_0,Accepted By DS /AT CPG (Process) ,1,0,0
1631609305,2026-03-28,2026-04-01,,,,,0,,,,,0,,,,,,3,0,1,South Zone,Chennai,CUD,Rural,,ASSIGN TO ENUMERATOR,0,0,0
1631610305,2026-03-28,2026-04-06,2026-04-08,2026-04-08,,,0,2026-04-09,2026-04-09,2026-04-13,2026-04-13,1,,,2026-04-13,3,12,3,0,1,South Zone,Coimbatore,SLM,Rural,Return by DS,RETURN TO SUPERVISOR BY DS,0,0,1
1631611305,2026-03-28,,,,,,0,,,,,0,,,,,,3,0,1,South Zone,Coimbatore,SLM,Rural,,Not Assigned,0,0,0
1631612305,2026-03-28,2026-04-07,2026-04-08,2026-04-08,,,0,2026-04-09,2026-04-09,,,0,2026-04-10,2026-04-10,2026-04-10,1,12,3,0,1,South Zone,Coimbatore,SLM,Rural,Accepted By DS SCH_0_0,Accepted By DS /AT CPG (Process) ,1,0,0
1631613305,2026-03-28,2026-04-11,,,,,0,,,,,0,,,2026-04-11,,6,3,0,1,South Zone,Coimbatore,SLM,Rural,Submitted by Enumerator,ASSIGN TO ENUMERATOR,0,0,0
1631614305,2026-03-28,,,,,,0,,,,,0,,,,,,3,0,1,South Zone,Coimbatore,CMB,Rural,,Not Assigned,0,0,0
1631615305,2026-03-28,,,,,,0,,,,,0,,,,,,3,0,1,South Zone,Coimbatore,CMB,Rural,,Not Assigned,0,0,0
1631616305,2026-03-28,,,,,,0,,,,,0,,,,,,3,0,1,South Zone,Coimbatore,CMB,Rural,,Not Assigned,0,0,0
1631619305,2026-03-28,,,,,,0,,,,,0,,,,,,3,0,1,South Zone,Coimbatore,TRC,Rural,,Not Assigned,0,0,0
1631620305,2026-03-28,,,,,,0,,,,,0,,,,,,3,0,1,South Zone,Coimbatore,TRC,Rural,,Not Assigned,0,0,0
1631621305,2026-03-28,,,,,,0,,,,,0,,,,,,3,0,1,South Zone,Coimbatore,TRC,Rural,,Not Assigned,0,0,0
1631622305,2026-03-28,2026-04-01,,,,,0,,,,,0,,,,,,3,0,1,South Zone,Chennai,CUD,Rural,,ASSIGN TO ENUMERATOR,0,0,0
1631623305,2026-03-28,2026-04-01,,,,,0,,,,,0,,,,,,3,0,1,South Zone,Chennai,CUD,Rural,,ASSIGN TO ENUMERATOR,0,0,0
1631635305,2026-03-28,,,,,,0,,,,,0,,,,,,3,0,1,South Zone,Coimbatore,DRP,Rural,,Not Assigned,0,0,0
1631636305,2026-03-28,,,,,,0,,,,,0,,,,,,3,0,1,South Zone,Coimbatore,DRP,Rural,,Not Assigned,0,0,0
1631637305,2026-03-28,,,,,,0,,,,,0,,,,,,3,0,1,South Zone,Coimbatore,CMB,Rural,,Not Assigned,0,0,0
1631638305,2026-03-28,,,,,,0,,,,,0,,,,,,3,0,1,South Zone,Coimbatore,CMB,Rural,,Not Assigned,0,0,0
1631639305,2026-03-28,2026-04-01,,,,,0,,,,,0,,,,,,3,0,1,South Zone,Chennai,CHN,Rural,,ASSIGN TO ENUMERATOR,0,0,0
1631640305,2026-03-28,2026-04-01,,,,,0,,,,,0,,,,,,3,0,1,South Zone,Chennai,VLR,Rural,,ASSIGN TO ENUMERATOR,0,0,0
1631641305,2026-03-28,,,,,,0,,,,,0,,,,,,3,0,1,South Zone,Coimbatore,DRP,Rural,,Not Assigned,0,0,0
1631644305,2026-03-28,2026-04-01,,,,,0,,,,,0,,,,,,3,0,1,South Zone,Chennai,CUD,Rural,,ASSIGN TO ENUMERATOR,0,0,0
1631645305,2026-03-28,2026-04-01,,,,,0,,,,,0,,,,,,3,0,1,South Zone,Chennai,CUD,Rural,,ASSIGN TO ENUMERATOR,0,0,0
1631646305,2026-03-28,2026-04-02,2026-04-05,2026-04-05,,,0,2026-04-08,2026-04-08,2026-04-13,2026-04-13,1,,,2026-04-13,3,12,3,0,1,South Zone,Coimbatore,DRP,Rural,Return by DS,RETURN TO SUPERVISOR BY DS,0,0,1
1631647205,2026-03-28,2026-04-01,,,,,0,,,,,0,,,,,,2,0,1,South Zone,Chennai,CHN,Rural,,ASSIGN TO ENUMERATOR,0,0,0
1631648205,2026-03-28,2026-04-01,,,,,0,,,,,0,,,,,,2,0,1,South Zone,Chennai,CHN,Rural,,ASSIGN TO ENUMERATOR,0,0,0
1631649205,2026-03-28,2026-04-01,,,,,0,,,,,0,,,,,,2,0,1,South Zone,Chennai,CHN,Rural,,ASSIGN TO ENUMERATOR,0,0,0
1631650205,2026-03-28,2026-04-01,,,,,0,,,,,0,,,,,,2,0,1,South Zone,Chennai,VLR,Rural,,ASSIGN TO ENUMERATOR,0,0,0
1631651205,2026-03-28,2026-04-01,,,,,0,,,,,0,,,,,,2,0,1,South Zone,Chennai,VLR,Rural,,ASSIGN TO ENUMERATOR,0,0,0
1631652205,2026-03-28,2026-04-01,2026-04-09,2026-04-10,2026-04-10,2026-04-10,1,2026-04-10,2026-04-10,,,0,2026-04-13,2026-04-13,2026-04-13,3,12,2,0,1,South Zone,Chennai,VLR,Rural,Accepted By DS SCH_0_0,Accepted By DS /AT CPG (Process) ,0,0,0
1631653205,2026-03-28,2026-04-01,2026-04-10,2026-04-10,,,0,2026-04-12,2026-04-12,,,0,2026-04-13,2026-04-13,2026-04-13,,12,2,0,1,South Zone,Chennai,CUD,Rural,Accepted By DS SCH_0_0,Accepted By DS /AT CPG (Process) ,1,0,0
1631654205,2026-03-28,2026-04-01,,,,,0,,,,,0,,,,,,2,0,1,South Zone,Chennai,CUD,Rural,,ASSIGN TO ENUMERATOR,0,0,0
1631655205,2026-03-28,2026-04-09,2026-04-10,2026-04-10,,,0,2026-04-13,2026-04-13,,,0,,,2026-04-13,,12,2,0,1,South Zone,Coimbatore,SLM,Rural,Accepted by Supervisor,Submitted by Supervisor To Ds ,0,1,0
1631656205,2026-03-28,,,,,,0,,,,,0,,,,,,2,0,1,South Zone,Coimbatore,SLM,Rural,,Not Assigned,0,0,0
1631657205,2026-03-28,,,,,,0,,,,,0,,,,,,2,0,1,South Zone,Coimbatore,SLM,Rural,,Not Assigned,0,0,0
1631658205,2026-03-28,,,,,,0,,,,,0,,,,,,2,0,1,South Zone,Coimbatore,SLM,Rural,,Not Assigned,0,0,0
1631659205,2026-03-28,2026-04-08,,,,,0,,,,,0,,,,,,2,0,1,South Zone,Coimbatore,CMB,Rural,,ASSIGN TO ENUMERATOR,0,0,0
1631660205,2026-03-28,,,,,,0,,,,,0,,,,,,2,0,1,South Zone,Coimbatore,CMB,Rural,,Not Assigned,0,0,0
1631661205,2026-03-28,,,,,,0,,,,,0,,,,,,2,0,1,South Zone,Coimbatore,CMB,Rural,,Not Assigned,0,0,0
1631664205,2026-03-28,,,,,,0,,,,,0,,,,,,2,0,1,South Zone,Coimbatore,TRC,Rural,,Not Assigned,0,0,0
1631665205,2026-03-28,,,,,,0,,,,,0,,,,,,2,0,1,South Zone,Coimbatore,TRC,Rural,,Not Assigned,0,0,0
1631666205,2026-03-28,,,,,,0,,,,,0,,,,,,2,0,1,South Zone,Coimbatore,TRC,Rural,,Not Assigned,0,0,0
1631667205,2026-03-28,2026-04-01,,,,,0,,,,,0,,,,,,2,0,1,South Zone,Chennai,CUD,Rural,,ASSIGN TO ENUMERATOR,0,0,0
1631668205,2026-03-28,2026-04-01,,,,,0,,,,,0,,,,,,2,0,1,South Zone,Chennai,CUD,Rural,,ASSIGN TO ENUMERATOR,0,0,0
1631680205,2026-03-28,,,,,,0,,,,,0,,,,,,2,0,1,South Zone,Coimbatore,DRP,Rural,,Not Assigned,0,0,0
1631681205,2026-03-28,,,,,,0,,,,,0,,,,,,2,0,1,South Zone,Coimbatore,DRP,Rural,,Not Assigned,0,0,0
1631682205,2026-03-28,,,,,,0,,,,,0,,,,,,2,0,1,South Zone,Coimbatore,CMB,Rural,,Not Assigned,0,0,0
1631683205,2026-03-28,,,,,,0,,,,,0,,,,,,2,0,1,South Zone,Coimbatore,CMB,Rural,,Not Assigned,0,0,0
1631684205,2026-03-28,2026-04-01,,,,,0,,,,,0,,,,,,2,0,1,South Zone,Chennai,CHN,Rural,,ASSIGN TO ENUMERATOR,0,0,0
1631685205,2026-03-28,2026-04-01,2026-04-02,2026-04-05,2026-04-05,2026-04-05,1,2026-04-05,2026-04-05,,,0,2026-04-10,2026-04-10,2026-04-10,3,12,2,0,1,South Zone,Chennai,VLR,Rural,Accepted By DS SCH_0_0,Accepted By DS /AT CPG (Process) ,0,0,0
1631686205,2026-03-28,,,,,,0,,,,,0,,,,,,2,0,1,South Zone,Coimbatore,DRP,Rural,,Not Assigned,0,0,0
1631689205,2026-03-28,2026-04-01,,,,,0,,,,,0,,,,,,2,0,1,South Zone,Chennai,CUD,Rural,,ASSIGN TO ENUMERATOR,0,0,0
1631691205,2026-03-28,,,,,,0,,,,,0,,,,,,2,0,1,South Zone,Coimbatore,DRP,Rural,,Not Assigned,0,0,0
1631692105,2026-03-28,2026-04-01,2026-04-07,2026-04-10,,,0,2026-04-10,2026-04-10,,,0,2026-04-10,2026-04-10,2026-04-10,8,12,1,1,0,South Zone,Chennai,CHN,Rural,Accepted By DS SCH_0_0,Accepted By DS /AT CPG (Process) ,0,0,0
1631693105,2026-03-28,2026-04-01,,,,,0,,,,,0,,,,,,1,1,0,South Zone,Chennai,CHN,Rural,,ASSIGN TO ENUMERATOR,0,0,0
1631694105,2026-03-28,2026-04-01,,,,,0,,,,,0,,,,,,1,1,0,South Zone,Chennai,CHN,Rural,,ASSIGN TO ENUMERATOR,0,0,0
1631695105,2026-03-28,2026-04-01,2026-04-07,2026-04-08,2026-04-08,2026-04-08,1,2026-04-08,2026-04-08,,,0,,,2026-04-08,19,12,1,1,0,South Zone,Chennai,VLR,Rural,Accepted by Supervisor,Submitted by Supervisor To Ds ,0,1,0
1631696105,2026-03-28,2026-04-01,,,,,0,,,,,0,,,2026-04-11,2,8,1,1,0,South Zone,Chennai,VLR,Rural,Submitted by Enumerator,ASSIGN TO ENUMERATOR,0,0,0
1631697105,2026-03-28,2026-04-01,,,,,0,,,,,0,,,,,,1,1,0,South Zone,Chennai,VLR,Rural,,ASSIGN TO ENUMERATOR,0,0,0
1631698105,2026-03-28,2026-04-01,,,,,0,,,,,0,,,,,,1,1,0,South Zone,Chennai,CUD,Rural,,ASSIGN TO ENUMERATOR,0,0,0
1631699105,2026-03-28,2026-04-01,,,,,0,,,,,0,,,,,,1,1,0,South Zone,Chennai,CUD,Rural,,ASSIGN TO ENUMERATOR,0,0,0
1631700105,2026-03-28,,,,,,0,,,,,0,,,,,,1,1,0,South Zone,Coimbatore,SLM,Rural,,Not Assigned,0,0,0
1631701105,2026-03-28,2026-04-12,,,,,0,,,,,0,,,,,,1,1,0,South Zone,Coimbatore,SLM,Rural,,ASSIGN TO ENUMERATOR,0,0,0
1631702105,2026-03-28,2026-04-02,,,,,0,,,,,0,,,2026-04-11,,7,1,1,0,South Zone,Coimbatore,SLM,Rural,Submitted by Enumerator,ASSIGN TO ENUMERATOR,0,0,0
1631703105,2026-03-28,2026-04-02,,,,,0,,,,,0,,,,,,1,1,0,South Zone,Coimbatore,SLM,Rural,,ASSIGN TO ENUMERATOR,0,0,0
1631704105,2026-03-28,,,,,,0,,,,,0,,,,,,1,1,0,South Zone,Coimbatore,CMB,Rural,,Not Assigned,0,0,0
1631705105,2026-03-28,2026-04-08,,,,,0,,,,,0,,,,,,1,1,0,South Zone,Coimbatore,CMB,Rural,,ASSIGN TO ENUMERATOR,0,0,0
1631706105,2026-03-28,2026-04-07,,,,,0,,,,,0,,,,,,1,1,0,South Zone,Coimbatore,CMB,Rural,,ASSIGN TO ENUMERATOR,0,0,0
1631709105,2026-03-28,2026-04-11,,,,,0,,,,,0,,,,,,1,1,0,South Zone,Coimbatore,TRC,Rural,,ASSIGN TO ENUMERATOR,0,0,0
1631710105,2026-03-28,2026-04-01,2026-04-10,2026-04-10,,,0,,,,,0,,,2026-04-10,1,12,1,1,0,South Zone,Coimbatore,TRC,Rural,Submitted by Enumerator,SUBMITTED BY ENUMERATOR,0,0,0
1631711105,2026-03-28,2026-04-08,,,,,0,,,,,0,,,,,,1,1,0,South Zone,Coimbatore,TRC,Rural,,ASSIGN TO ENUMERATOR,0,0,0
1631712105,2026-03-28,2026-04-01,,,,,0,,,,,0,,,,,,1,1,0,South Zone,Chennai,CUD,Rural,,ASSIGN TO ENUMERATOR,0,0,0
1631713105,2026-03-28,2026-04-01,,,,,0,,,,,0,,,2026-04-13,,4,1,1,0,South Zone,Chennai,CUD,Rural,Submitted by Enumerator,ASSIGN TO ENUMERATOR,0,0,0
1631725105,2026-03-28,2026-04-10,,,,,0,,,,,0,,,,,,1,1,0,South Zone,Coimbatore,DRP,Rural,,ASSIGN TO ENUMERATOR,0,0,0
1631726105,2026-03-28,2026-04-02,2026-04-11,2026-04-12,2026-04-12,2026-04-12,1,2026-04-12,2026-04-12,2026-04-13,2026-04-13,1,,,2026-04-13,3,12,1,1,0,South Zone,Coimbatore,DRP,Rural,Return by DS,RETURN TO SUPERVISOR BY DS,0,0,1
1631727105,2026-03-28,2026-04-08,,,,,0,,,,,0,,,,,,1,1,0,South Zone,Coimbatore,CMB,Rural,,ASSIGN TO ENUMERATOR,0,0,0
1631728105,2026-03-28,2026-04-12,,,,,0,,,,,0,,,,,,1,1,0,South Zone,Coimbatore,CMB,Rural,,ASSIGN TO ENUMERATOR,0,0,0
1631729105,2026-03-28,2026-04-01,,,,,0,,,,,0,,,2026-04-13,,4,1,1,0,South Zone,Chennai,CHN,Rural,Submitted by Enumerator,ASSIGN TO ENUMERATOR,0,0,0
1631730105,2026-03-28,2026-04-01,,,,,0,,,,,0,,,,,,1,1,0,South Zone,Chennai,VLR,Rural,,ASSIGN TO ENUMERATOR,0,0,0
1631731105,2026-03-28,2026-04-02,2026-04-12,2026-04-12,,,0,,,,,0,,,2026-04-12,2,12,1,1,0,South Zone,Coimbatore,DRP,Rural,Submitted by Enumerator,SUBMITTED BY ENUMERATOR,0,0,0
1631734105,2026-03-28,2026-04-01,,,,,0,,,,,0,,,,,,1,1,0,South Zone,Chennai,CUD,Rural,,ASSIGN TO ENUMERATOR,0,0,0
1631735105,2026-03-28,2026-04-02,2026-04-10,2026-04-12,2026-04-11,2026-04-12,1,2026-04-12,2026-04-12,,,0,,,2026-04-12,25,12,1,1,0,South Zone,Coimbatore,TRC,Rural,Accepted by Supervisor,Submitted by Supervisor To Ds ,0,1,0
1631736105,2026-03-28,2026-04-02,2026-04-11,2026-04-12,2026-04-11,2026-04-12,1,2026-04-12,2026-04-12,,,0,,,2026-04-12,14,12,1,1,0,South Zone,Coimbatore,DRP,Rural,Accepted by Supervisor,Submitted by Supervisor To Ds ,0,1,0
1632097405,2026-03-28,2026-04-01,2026-04-08,2026-04-08,,,0,,,,,0,,,2026-04-08,,12,4,0,1,South Zone,Chennai,PDC,Rural,Submitted by Enumerator,SUBMITTED BY ENUMERATOR,0,0,0
1632098305,2026-03-28,2026-04-01,,,,,0,,,,,0,,,,,,3,0,1,South Zone,Chennai,PDC,Rural,,ASSIGN TO ENUMERATOR,0,0,0
1632099205,2026-03-28,2026-04-01,2026-04-10,2026-04-10,,,0,,,,,0,,,2026-04-10,,12,2,0,1,South Zone,Chennai,PDC,Rural,Submitted by Enumerator,SUBMITTED BY ENUMERATOR,0,0,0
1632100105,2026-03-28,2026-04-01,2026-04-07,2026-04-13,2026-04-10,2026-04-13,1,,,,,0,,,2026-04-13,12,12,1,1,0,South Zone,Chennai,PDC,Rural,Submitted by Enumerator,SUBMITTED BY ENUMERATOR,0,0,0
1632493405,2026-03-28,2026-04-01,2026-04-02,2026-04-02,,,0,2026-04-03,2026-04-03,,,0,2026-04-10,2026-04-10,2026-04-10,,,4,0,1,Central Zone,Alllahabad,GKP,Rural,Accepted By DS SCH_0_0,Accepted By DS /AT CPG (Process) ,1,0,0
1632494305,2026-03-28,2026-03-30,2026-04-07,2026-04-07,,,0,2026-04-07,2026-04-07,,,0,2026-04-09,2026-04-09,2026-04-09,,,3,0,1,Eastern Zone,Bhubeneswar,BHP,Rural,Accepted By DS SCH_0_0,Accepted By DS /AT CPG (Process) ,1,0,0
1632495205,2026-03-28,2026-04-01,2026-04-08,2026-04-08,,,0,2026-04-08,2026-04-08,,,0,2026-04-09,2026-04-09,2026-04-09,,,2,0,1,North Zone,Ajmer,UDP,Rural,Accepted By DS SCH_0_0,Accepted By DS /AT CPG (Process) ,1,0,0